date,high,low
1986-03-13 00:00:00+00:00,25.0,24.37
1986-03-14 00:00:00+00:00,26.25,24.75
1986-03-17 00:00:00+00:00,26.0,25.37
1986-03-18 00:00:00+00:00,27.25,25.87
1986-03-19 00:00:00+00:00,27.25,26.37
1986-03-20 00:00:00+00:00,29.62,28.0
1986-03-21 00:00:00+00:00,28.75,27.5
1986-03-24 00:00:00+00:00,27.62,26.37
1986-03-25 00:00:00+00:00,27.87,26.75
1986-03-26 00:00:00+00:00,28.75,27.87
1986-03-27 00:00:00+00:00,29.0,28.25
1986-03-31 00:00:00+00:00,28.5,28.0
1986-04-01 00:00:00+00:00,28.25,27.0
1986-04-02 00:00:00+00:00,27.37,26.25
1986-04-03 00:00:00+00:00,27.62,26.87
1986-04-04 00:00:00+00:00,27.0,26.62
1986-04-07 00:00:00+00:00,27.5,26.25
1986-04-08 00:00:00+00:00,27.75,27.25
1986-04-09 00:00:00+00:00,27.75,26.87
1986-04-10 00:00:00+00:00,27.37,26.87
1986-04-11 00:00:00+00:00,27.5,27.0
1986-04-14 00:00:00+00:00,27.25,26.75
1986-04-15 00:00:00+00:00,27.5,26.87
1986-04-16 00:00:00+00:00,28.5,27.37
1986-04-17 00:00:00+00:00,29.12,28.0
1986-04-18 00:00:00+00:00,29.87,28.75
1986-04-21 00:00:00+00:00,30.75,29.87
1986-04-22 00:00:00+00:00,31.25,29.62
1986-04-23 00:00:00+00:00,30.37,29.37
1986-04-24 00:00:00+00:00,31.5,29.5
1986-04-25 00:00:00+00:00,32.63,31.37
1986-04-28 00:00:00+00:00,32.75,31.75
1986-04-29 00:00:00+00:00,32.25,26.87
1986-04-30 00:00:00+00:00,31.62,30.25
1986-05-01 00:00:00+00:00,30.25,29.75
1986-05-02 00:00:00+00:00,31.0,30.12
1986-05-05 00:00:00+00:00,32.5,30.5
1986-05-06 00:00:00+00:00,33.25,32.25
1986-05-07 00:00:00+00:00,32.88,31.25
1986-05-08 00:00:00+00:00,33.13,31.5
1986-05-09 00:00:00+00:00,33.63,32.75
1986-05-12 00:00:00+00:00,36.63,33.25
1986-05-13 00:00:00+00:00,36.5,35.25
1986-05-14 00:00:00+00:00,37.38,36.0
1986-05-15 00:00:00+00:00,37.0,35.63
1986-05-16 00:00:00+00:00,36.25,35.13
1986-05-19 00:00:00+00:00,36.5,35.5
1986-05-20 00:00:00+00:00,35.63,34.25
1986-05-21 00:00:00+00:00,37.25,35.0
1986-05-22 00:00:00+00:00,37.5,35.75
1986-05-23 00:00:00+00:00,37.13,36.38
1986-05-27 00:00:00+00:00,37.0,36.38
1986-05-28 00:00:00+00:00,37.5,36.75
1986-05-29 00:00:00+00:00,37.25,36.5
1986-05-30 00:00:00+00:00,37.25,36.5
1986-06-02 00:00:00+00:00,37.38,36.75
1986-06-03 00:00:00+00:00,38.13,37.13
1986-06-04 00:00:00+00:00,38.88,37.75
1986-06-05 00:00:00+00:00,39.13,38.5
1986-06-06 00:00:00+00:00,38.88,37.5
1986-06-09 00:00:00+00:00,37.88,35.88
1986-06-10 00:00:00+00:00,36.0,35.13
1986-06-11 00:00:00+00:00,36.25,35.5
1986-06-12 00:00:00+00:00,36.38,36.0
1986-06-13 00:00:00+00:00,36.38,35.25
1986-06-16 00:00:00+00:00,36.88,35.63
1986-06-17 00:00:00+00:00,36.0,34.0
1986-06-18 00:00:00+00:00,34.75,32.5
1986-06-19 00:00:00+00:00,35.75,33.88
1986-06-20 00:00:00+00:00,36.13,35.0
1986-06-23 00:00:00+00:00,36.25,34.63
1986-06-24 00:00:00+00:00,35.13,34.38
1986-06-25 00:00:00+00:00,36.0,35.0
1986-06-26 00:00:00+00:00,36.38,35.5
1986-06-27 00:00:00+00:00,36.75,35.5
1986-06-30 00:00:00+00:00,36.25,35.75
1986-07-01 00:00:00+00:00,36.13,34.75
1986-07-02 00:00:00+00:00,36.25,35.38
1986-07-03 00:00:00+00:00,37.75,35.63
1986-07-07 00:00:00+00:00,37.75,35.38
1986-07-08 00:00:00+00:00,35.25,34.13
1986-07-09 00:00:00+00:00,34.75,34.0
1986-07-10 00:00:00+00:00,35.38,34.63
1986-07-11 00:00:00+00:00,37.75,35.25
1986-07-14 00:00:00+00:00,37.38,36.25
1986-07-15 00:00:00+00:00,35.0,34.25
1986-07-16 00:00:00+00:00,35.63,32.75
1986-07-17 00:00:00+00:00,33.75,32.13
1986-07-18 00:00:00+00:00,32.5,31.25
1986-07-21 00:00:00+00:00,33.75,32.75
1986-07-22 00:00:00+00:00,34.63,33.25
1986-07-23 00:00:00+00:00,34.63,34.13
1986-07-24 00:00:00+00:00,34.38,33.0
1986-07-25 00:00:00+00:00,34.0,33.0
1986-07-28 00:00:00+00:00,34.0,32.25
1986-07-29 00:00:00+00:00,32.25,30.75
1986-07-30 00:00:00+00:00,31.5,30.0
1986-07-31 00:00:00+00:00,31.5,30.5
1986-08-01 00:00:00+00:00,31.75,31.12
1986-08-04 00:00:00+00:00,31.5,30.62
1986-08-05 00:00:00+00:00,32.38,31.5
1986-08-06 00:00:00+00:00,32.13,31.0
1986-08-07 00:00:00+00:00,32.63,31.12
1986-08-08 00:00:00+00:00,32.38,31.62
1986-08-11 00:00:00+00:00,33.5,31.75
1986-08-12 00:00:00+00:00,34.38,33.38
1986-08-13 00:00:00+00:00,36.25,34.25
1986-08-14 00:00:00+00:00,37.0,36.0
1986-08-15 00:00:00+00:00,36.5,35.63
1986-08-18 00:00:00+00:00,35.88,35.0
1986-08-19 00:00:00+00:00,35.5,34.63
1986-08-20 00:00:00+00:00,36.5,35.25
1986-08-21 00:00:00+00:00,36.38,35.75
1986-08-22 00:00:00+00:00,36.63,35.88
1986-08-25 00:00:00+00:00,36.88,36.38
1986-08-26 00:00:00+00:00,36.88,36.38
1986-08-27 00:00:00+00:00,37.0,36.25
1986-08-28 00:00:00+00:00,38.0,36.88
1986-08-29 00:00:00+00:00,38.0,36.88
1986-09-02 00:00:00+00:00,37.13,34.75
1986-09-03 00:00:00+00:00,34.88,34.13
1986-09-04 00:00:00+00:00,35.5,34.75
1986-09-05 00:00:00+00:00,35.88,35.0
1986-09-08 00:00:00+00:00,35.0,33.63
1986-09-09 00:00:00+00:00,36.0,34.63
1986-09-10 00:00:00+00:00,35.88,34.75
1986-09-11 00:00:00+00:00,34.75,32.5
1986-09-12 00:00:00+00:00,32.75,31.75
1986-09-15 00:00:00+00:00,33.13,32.0
1986-09-16 00:00:00+00:00,35.13,32.5
1986-09-17 00:00:00+00:00,35.0,34.25
1986-09-18 00:00:00+00:00,34.5,33.75
1986-09-19 00:00:00+00:00,33.88,33.25
1986-09-22 00:00:00+00:00,35.38,33.5
1986-09-23 00:00:00+00:00,36.25,35.13
1986-09-24 00:00:00+00:00,36.38,34.0
1986-09-25 00:00:00+00:00,35.25,33.63
1986-09-26 00:00:00+00:00,34.38,33.88
1986-09-29 00:00:00+00:00,33.88,31.62
1986-09-30 00:00:00+00:00,33.88,32.63
1986-10-01 00:00:00+00:00,34.5,33.38
1986-10-02 00:00:00+00:00,34.38,33.5
1986-10-03 00:00:00+00:00,34.75,33.38
1986-10-06 00:00:00+00:00,34.25,33.63
1986-10-07 00:00:00+00:00,34.13,32.88
1986-10-08 00:00:00+00:00,33.0,32.25
1986-10-09 00:00:00+00:00,33.25,32.63
1986-10-10 00:00:00+00:00,33.38,32.38
1986-10-13 00:00:00+00:00,34.63,33.0
1986-10-14 00:00:00+00:00,35.25,33.75
1986-10-15 00:00:00+00:00,33.5,32.75
1986-10-16 00:00:00+00:00,33.88,33.25
1986-10-17 00:00:00+00:00,34.0,33.38
1986-10-20 00:00:00+00:00,33.63,32.88
1986-10-21 00:00:00+00:00,33.0,32.63
1986-10-22 00:00:00+00:00,32.88,32.25
1986-10-23 00:00:00+00:00,33.13,32.5
1986-10-24 00:00:00+00:00,33.25,32.75
1986-10-27 00:00:00+00:00,34.0,33.25
1986-10-28 00:00:00+00:00,34.13,33.0
1986-10-29 00:00:00+00:00,33.5,33.13
1986-10-30 00:00:00+00:00,34.75,33.38
1986-10-31 00:00:00+00:00,34.88,34.25
1986-11-03 00:00:00+00:00,35.13,34.63
1986-11-04 00:00:00+00:00,35.88,33.88
1986-11-05 00:00:00+00:00,37.13,35.5
1986-11-06 00:00:00+00:00,36.88,35.75
1986-11-07 00:00:00+00:00,36.13,34.88
1986-11-10 00:00:00+00:00,35.88,35.13
1986-11-11 00:00:00+00:00,35.75,35.25
1986-11-12 00:00:00+00:00,36.63,35.63
1986-11-13 00:00:00+00:00,36.5,35.5
1986-11-14 00:00:00+00:00,35.5,34.88
1986-11-17 00:00:00+00:00,37.0,35.0
1986-11-18 00:00:00+00:00,36.75,35.13
1986-11-19 00:00:00+00:00,35.25,34.5
1986-11-20 00:00:00+00:00,35.38,34.88
1986-11-21 00:00:00+00:00,36.25,35.13
1986-11-24 00:00:00+00:00,38.13,36.0
1986-11-25 00:00:00+00:00,40.38,38.0
1986-11-26 00:00:00+00:00,41.25,40.0
1986-11-28 00:00:00+00:00,40.63,39.63
1986-12-01 00:00:00+00:00,40.13,39.13
1986-12-02 00:00:00+00:00,41.75,40.0
1986-12-03 00:00:00+00:00,43.0,41.5
1986-12-04 00:00:00+00:00,42.75,42.0
1986-12-05 00:00:00+00:00,43.75,42.5
1986-12-08 00:00:00+00:00,43.88,42.38
1986-12-09 00:00:00+00:00,42.63,41.13
1986-12-10 00:00:00+00:00,43.75,42.0
1986-12-11 00:00:00+00:00,43.88,42.63
1986-12-12 00:00:00+00:00,43.0,41.25
1986-12-15 00:00:00+00:00,41.75,40.38
1986-12-16 00:00:00+00:00,42.5,41.63
1986-12-17 00:00:00+00:00,42.5,40.88
1986-12-18 00:00:00+00:00,41.88,40.75
1986-12-19 00:00:00+00:00,42.5,41.38
1986-12-22 00:00:00+00:00,42.5,41.75
1986-12-23 00:00:00+00:00,42.38,41.88
1986-12-24 00:00:00+00:00,42.13,41.63
1986-12-26 00:00:00+00:00,41.88,41.0
1986-12-29 00:00:00+00:00,41.13,40.25
1986-12-30 00:00:00+00:00,41.5,40.38
1986-12-31 00:00:00+00:00,41.38,40.38
1987-01-02 00:00:00+00:00,41.13,40.13
1987-01-05 00:00:00+00:00,43.25,41.0
1987-01-06 00:00:00+00:00,44.0,42.63
1987-01-07 00:00:00+00:00,44.88,43.63
1987-01-08 00:00:00+00:00,45.13,44.5
1987-01-09 00:00:00+00:00,45.75,44.38
1987-01-12 00:00:00+00:00,45.75,44.75
1987-01-13 00:00:00+00:00,45.38,44.63
1987-01-14 00:00:00+00:00,48.25,44.5
1987-01-15 00:00:00+00:00,51.38,48.0
1987-01-16 00:00:00+00:00,50.0,47.75
1987-01-19 00:00:00+00:00,53.13,47.88
1987-01-20 00:00:00+00:00,55.75,51.5
1987-01-21 00:00:00+00:00,51.13,49.0
1987-01-22 00:00:00+00:00,52.63,48.5
1987-01-23 00:00:00+00:00,53.0,50.25
1987-01-26 00:00:00+00:00,50.5,49.5
1987-01-27 00:00:00+00:00,53.13,49.88
1987-01-28 00:00:00+00:00,55.75,52.13
1987-01-29 00:00:00+00:00,57.25,53.38
1987-01-30 00:00:00+00:00,55.88,52.63
1987-02-02 00:00:00+00:00,56.0,54.25
1987-02-03 00:00:00+00:00,56.13,54.75
1987-02-04 00:00:00+00:00,55.5,54.38
1987-02-05 00:00:00+00:00,55.13,53.13
1987-02-06 00:00:00+00:00,54.0,52.88
1987-02-09 00:00:00+00:00,53.38,52.25
1987-02-10 00:00:00+00:00,52.75,51.63
1987-02-11 00:00:00+00:00,56.75,52.75
1987-02-12 00:00:00+00:00,59.88,57.0
1987-02-13 00:00:00+00:00,62.5,58.0
1987-02-17 00:00:00+00:00,66.5,61.88
1987-02-18 00:00:00+00:00,67.37,63.38
1987-02-19 00:00:00+00:00,63.5,61.75
1987-02-20 00:00:00+00:00,62.5,60.63
1987-02-23 00:00:00+00:00,64.25,59.63
1987-02-24 00:00:00+00:00,66.0,63.13
1987-02-25 00:00:00+00:00,69.5,64.62
1987-02-26 00:00:00+00:00,71.37,68.0
1987-02-27 00:00:00+00:00,71.0,67.75
1987-03-02 00:00:00+00:00,70.5,67.0
1987-03-03 00:00:00+00:00,68.12,64.75
1987-03-04 00:00:00+00:00,68.25,65.37
1987-03-05 00:00:00+00:00,69.0,67.25
1987-03-06 00:00:00+00:00,68.37,66.75
1987-03-09 00:00:00+00:00,66.75,64.5
1987-03-10 00:00:00+00:00,66.87,64.5
1987-03-11 00:00:00+00:00,68.0,66.25
1987-03-12 00:00:00+00:00,66.25,63.63
1987-03-13 00:00:00+00:00,66.0,63.5
1987-03-16 00:00:00+00:00,65.25,62.5
1987-03-17 00:00:00+00:00,68.0,65.0
1987-03-18 00:00:00+00:00,67.5,64.75
1987-03-19 00:00:00+00:00,68.5,65.5
1987-03-20 00:00:00+00:00,69.75,68.25
1987-03-23 00:00:00+00:00,68.25,66.25
1987-03-24 00:00:00+00:00,68.5,66.25
1987-03-25 00:00:00+00:00,67.0,65.25
1987-03-26 00:00:00+00:00,67.75,66.5
1987-03-27 00:00:00+00:00,67.5,64.75
1987-03-30 00:00:00+00:00,64.25,62.25
1987-03-31 00:00:00+00:00,64.75,62.25
1987-04-01 00:00:00+00:00,67.0,62.38
1987-04-02 00:00:00+00:00,71.75,67.0
1987-04-03 00:00:00+00:00,71.87,70.25
1987-04-06 00:00:00+00:00,72.75,69.25
1987-04-07 00:00:00+00:00,70.25,67.75
1987-04-08 00:00:00+00:00,70.25,67.5
1987-04-09 00:00:00+00:00,71.5,67.75
1987-04-10 00:00:00+00:00,71.5,69.75
1987-04-13 00:00:00+00:00,70.25,67.5
1987-04-14 00:00:00+00:00,69.75,66.5
1987-04-15 00:00:00+00:00,71.0,68.75
1987-04-16 00:00:00+00:00,73.25,71.0
1987-04-20 00:00:00+00:00,72.75,70.75
1987-04-21 00:00:00+00:00,75.0,69.5
1987-04-22 00:00:00+00:00,77.0,74.0
1987-04-23 00:00:00+00:00,77.25,74.25
1987-04-24 00:00:00+00:00,76.5,74.5
1987-04-27 00:00:00+00:00,75.25,73.25
1987-04-28 00:00:00+00:00,77.87,75.5
1987-04-29 00:00:00+00:00,79.75,77.0
1987-04-30 00:00:00+00:00,80.0,77.75
1987-05-01 00:00:00+00:00,80.0,78.75
1987-05-04 00:00:00+00:00,80.25,79.0
1987-05-05 00:00:00+00:00,80.75,78.0
1987-05-06 00:00:00+00:00,82.25,79.25
1987-05-07 00:00:00+00:00,81.0,79.75
1987-05-08 00:00:00+00:00,81.0,79.0
1987-05-11 00:00:00+00:00,79.5,76.75
1987-05-12 00:00:00+00:00,76.5,75.0
1987-05-13 00:00:00+00:00,78.62,75.5
1987-05-14 00:00:00+00:00,79.5,78.25
1987-05-15 00:00:00+00:00,79.25,78.0
1987-05-18 00:00:00+00:00,78.5,75.5
1987-05-19 00:00:00+00:00,75.75,72.62
1987-05-20 00:00:00+00:00,75.0,72.5
1987-05-21 00:00:00+00:00,75.75,74.5
1987-05-22 00:00:00+00:00,75.5,73.75
1987-05-26 00:00:00+00:00,78.0,74.0
1987-05-27 00:00:00+00:00,80.25,77.5
1987-05-28 00:00:00+00:00,80.25,78.5
1987-05-29 00:00:00+00:00,80.5,79.0
1987-06-01 00:00:00+00:00,79.5,77.5
1987-06-02 00:00:00+00:00,78.0,77.0
1987-06-03 00:00:00+00:00,79.5,77.25
1987-06-04 00:00:00+00:00,78.75,77.0
1987-06-05 00:00:00+00:00,78.75,77.75
1987-06-08 00:00:00+00:00,78.0,76.75
1987-06-09 00:00:00+00:00,79.5,77.5
1987-06-10 00:00:00+00:00,80.25,78.0
1987-06-11 00:00:00+00:00,80.0,78.0
1987-06-12 00:00:00+00:00,79.75,78.75
1987-06-15 00:00:00+00:00,79.5,77.5
1987-06-16 00:00:00+00:00,41.75,38.0
1987-06-17 00:00:00+00:00,42.5,40.0
1987-06-18 00:00:00+00:00,41.75,39.5
1987-06-19 00:00:00+00:00,41.75,40.38
1987-06-22 00:00:00+00:00,42.25,40.88
1987-06-23 00:00:00+00:00,42.13,40.75
1987-06-24 00:00:00+00:00,43.25,40.5
1987-06-25 00:00:00+00:00,42.5,40.5
1987-06-26 00:00:00+00:00,41.5,40.0
1987-06-29 00:00:00+00:00,40.75,40.0
1987-06-30 00:00:00+00:00,41.0,39.75
1987-07-01 00:00:00+00:00,40.75,39.75
1987-07-02 00:00:00+00:00,41.0,39.75
1987-07-06 00:00:00+00:00,41.75,40.5
1987-07-07 00:00:00+00:00,41.0,38.75
1987-07-08 00:00:00+00:00,39.25,36.5
1987-07-09 00:00:00+00:00,38.75,37.25
1987-07-10 00:00:00+00:00,39.25,37.75
1987-07-13 00:00:00+00:00,40.75,38.75
1987-07-14 00:00:00+00:00,43.0,41.0
1987-07-15 00:00:00+00:00,44.75,42.25
1987-07-16 00:00:00+00:00,44.0,43.25
1987-07-17 00:00:00+00:00,44.75,42.75
1987-07-20 00:00:00+00:00,43.25,41.5
1987-07-21 00:00:00+00:00,42.5,41.25
1987-07-22 00:00:00+00:00,42.75,41.25
1987-07-23 00:00:00+00:00,43.5,40.5
1987-07-24 00:00:00+00:00,42.75,41.5
1987-07-27 00:00:00+00:00,43.0,42.0
1987-07-28 00:00:00+00:00,42.75,41.75
1987-07-29 00:00:00+00:00,42.0,40.5
1987-07-30 00:00:00+00:00,41.5,40.75
1987-07-31 00:00:00+00:00,42.0,41.25
1987-08-03 00:00:00+00:00,41.5,40.25
1987-08-04 00:00:00+00:00,42.25,40.0
1987-08-05 00:00:00+00:00,43.5,42.0
1987-08-06 00:00:00+00:00,46.75,42.75
1987-08-07 00:00:00+00:00,47.25,46.0
1987-08-10 00:00:00+00:00,48.25,45.75
1987-08-11 00:00:00+00:00,50.25,48.75
1987-08-12 00:00:00+00:00,49.75,48.25
1987-08-13 00:00:00+00:00,50.25,48.5
1987-08-14 00:00:00+00:00,50.0,48.0
1987-08-17 00:00:00+00:00,50.0,48.75
1987-08-18 00:00:00+00:00,49.5,48.25
1987-08-19 00:00:00+00:00,50.0,49.0
1987-08-20 00:00:00+00:00,52.5,49.75
1987-08-21 00:00:00+00:00,53.75,51.5
1987-08-24 00:00:00+00:00,53.5,52.25
1987-08-25 00:00:00+00:00,53.25,52.0
1987-08-26 00:00:00+00:00,53.5,52.0
1987-08-27 00:00:00+00:00,52.75,51.5
1987-08-28 00:00:00+00:00,52.5,51.5
1987-08-31 00:00:00+00:00,54.25,51.75
1987-09-01 00:00:00+00:00,55.25,52.5
1987-09-02 00:00:00+00:00,53.25,50.75
1987-09-03 00:00:00+00:00,52.75,50.25
1987-09-04 00:00:00+00:00,51.75,50.0
1987-09-08 00:00:00+00:00,50.5,48.5
1987-09-09 00:00:00+00:00,53.0,49.5
1987-09-10 00:00:00+00:00,54.5,53.13
1987-09-11 00:00:00+00:00,55.5,52.75
1987-09-14 00:00:00+00:00,55.25,52.75
1987-09-15 00:00:00+00:00,53.0,51.5
1987-09-16 00:00:00+00:00,52.63,51.25
1987-09-17 00:00:00+00:00,52.25,51.0
1987-09-18 00:00:00+00:00,52.25,51.38
1987-09-21 00:00:00+00:00,52.75,50.25
1987-09-22 00:00:00+00:00,54.25,50.25
1987-09-23 00:00:00+00:00,56.0,53.75
1987-09-24 00:00:00+00:00,57.88,55.25
1987-09-25 00:00:00+00:00,58.0,56.5
1987-09-28 00:00:00+00:00,58.75,55.5
1987-09-29 00:00:00+00:00,56.0,54.25
1987-09-30 00:00:00+00:00,57.0,54.25
1987-10-01 00:00:00+00:00,58.75,56.5
1987-10-02 00:00:00+00:00,58.75,57.5
1987-10-05 00:00:00+00:00,59.75,57.75
1987-10-06 00:00:00+00:00,59.5,55.5
1987-10-07 00:00:00+00:00,55.75,54.25
1987-10-08 00:00:00+00:00,56.0,53.25
1987-10-09 00:00:00+00:00,55.5,54.0
1987-10-12 00:00:00+00:00,54.38,51.75
1987-10-13 00:00:00+00:00,54.75,53.25
1987-10-14 00:00:00+00:00,54.0,52.0
1987-10-15 00:00:00+00:00,54.5,51.75
1987-10-16 00:00:00+00:00,53.0,47.5
1987-10-19 00:00:00+00:00,48.25,35.5
1987-10-20 00:00:00+00:00,42.0,32.63
1987-10-21 00:00:00+00:00,42.0,38.0
1987-10-22 00:00:00+00:00,40.5,36.0
1987-10-23 00:00:00+00:00,36.5,34.25
1987-10-26 00:00:00+00:00,35.0,27.62
1987-10-27 00:00:00+00:00,32.25,29.0
1987-10-28 00:00:00+00:00,33.75,29.25
1987-10-29 00:00:00+00:00,40.0,32.25
1987-10-30 00:00:00+00:00,43.0,38.5
1987-11-02 00:00:00+00:00,39.5,37.5
1987-11-03 00:00:00+00:00,38.5,34.25
1987-11-04 00:00:00+00:00,37.25,34.75
1987-11-05 00:00:00+00:00,38.75,36.25
1987-11-06 00:00:00+00:00,39.5,37.0
1987-11-09 00:00:00+00:00,37.5,36.25
1987-11-10 00:00:00+00:00,37.5,36.0
1987-11-11 00:00:00+00:00,38.25,36.75
1987-11-12 00:00:00+00:00,40.0,38.38
1987-11-13 00:00:00+00:00,39.5,37.0
1987-11-16 00:00:00+00:00,38.5,36.5
1987-11-17 00:00:00+00:00,37.0,35.0
1987-11-18 00:00:00+00:00,36.5,34.5
1987-11-19 00:00:00+00:00,36.5,34.0
1987-11-20 00:00:00+00:00,36.0,33.25
1987-11-23 00:00:00+00:00,36.25,34.75
1987-11-24 00:00:00+00:00,37.75,36.13
1987-11-25 00:00:00+00:00,37.0,36.0
1987-11-27 00:00:00+00:00,36.5,34.75
1987-11-30 00:00:00+00:00,34.5,30.5
1987-12-01 00:00:00+00:00,34.0,32.75
1987-12-02 00:00:00+00:00,33.5,32.5
1987-12-03 00:00:00+00:00,33.38,29.75
1987-12-04 00:00:00+00:00,31.25,29.75
1987-12-07 00:00:00+00:00,33.25,31.0
1987-12-08 00:00:00+00:00,34.88,33.25
1987-12-09 00:00:00+00:00,36.25,33.88
1987-12-10 00:00:00+00:00,36.0,33.25
1987-12-11 00:00:00+00:00,34.75,33.5
1987-12-14 00:00:00+00:00,37.5,34.25
1987-12-15 00:00:00+00:00,38.25,37.0
1987-12-16 00:00:00+00:00,39.75,37.25
1987-12-17 00:00:00+00:00,40.75,39.25
1987-12-18 00:00:00+00:00,41.25,39.25
1987-12-21 00:00:00+00:00,41.75,40.25
1987-12-22 00:00:00+00:00,41.75,40.5
1987-12-23 00:00:00+00:00,42.75,41.25
1987-12-24 00:00:00+00:00,43.0,41.75
1987-12-28 00:00:00+00:00,42.5,39.5
1987-12-29 00:00:00+00:00,42.25,40.25
1987-12-30 00:00:00+00:00,43.75,42.5
1987-12-31 00:00:00+00:00,43.0,41.88
1988-01-04 00:00:00+00:00,44.75,42.25
1988-01-05 00:00:00+00:00,46.25,44.25
1988-01-06 00:00:00+00:00,45.0,43.75
1988-01-07 00:00:00+00:00,44.75,42.5
1988-01-08 00:00:00+00:00,45.25,39.5
1988-01-11 00:00:00+00:00,42.75,39.75
1988-01-12 00:00:00+00:00,43.5,39.75
1988-01-13 00:00:00+00:00,43.25,41.13
1988-01-14 00:00:00+00:00,42.88,42.0
1988-01-15 00:00:00+00:00,45.0,42.5
1988-01-18 00:00:00+00:00,43.0,42.0
1988-01-19 00:00:00+00:00,43.25,41.38
1988-01-20 00:00:00+00:00,43.0,38.25
1988-01-21 00:00:00+00:00,40.75,39.38
1988-01-22 00:00:00+00:00,40.75,38.25
1988-01-25 00:00:00+00:00,41.5,39.5
1988-01-26 00:00:00+00:00,41.0,39.25
1988-01-27 00:00:00+00:00,40.5,38.75
1988-01-28 00:00:00+00:00,41.5,39.75
1988-01-29 00:00:00+00:00,41.75,40.25
1988-02-01 00:00:00+00:00,42.5,41.38
1988-02-02 00:00:00+00:00,41.88,40.5
1988-02-03 00:00:00+00:00,41.25,39.25
1988-02-04 00:00:00+00:00,40.13,39.0
1988-02-05 00:00:00+00:00,40.38,38.5
1988-02-08 00:00:00+00:00,39.25,37.75
1988-02-09 00:00:00+00:00,39.88,38.75
1988-02-10 00:00:00+00:00,41.5,39.75
1988-02-11 00:00:00+00:00,41.25,40.25
1988-02-12 00:00:00+00:00,41.5,40.5
1988-02-16 00:00:00+00:00,41.25,40.0
1988-02-17 00:00:00+00:00,42.5,41.25
1988-02-18 00:00:00+00:00,42.75,41.5
1988-02-19 00:00:00+00:00,42.0,41.5
1988-02-22 00:00:00+00:00,43.63,41.5
1988-02-23 00:00:00+00:00,43.75,42.25
1988-02-24 00:00:00+00:00,43.0,42.0
1988-02-25 00:00:00+00:00,43.0,41.75
1988-02-26 00:00:00+00:00,42.25,41.25
1988-02-29 00:00:00+00:00,43.25,41.5
1988-03-01 00:00:00+00:00,43.5,42.5
1988-03-02 00:00:00+00:00,45.0,43.5
1988-03-03 00:00:00+00:00,47.0,44.5
1988-03-04 00:00:00+00:00,47.0,45.5
1988-03-07 00:00:00+00:00,47.75,46.5
1988-03-08 00:00:00+00:00,47.0,46.0
1988-03-09 00:00:00+00:00,47.25,46.25
1988-03-10 00:00:00+00:00,47.25,45.25
1988-03-11 00:00:00+00:00,45.75,44.5
1988-03-14 00:00:00+00:00,46.5,45.5
1988-03-15 00:00:00+00:00,46.25,44.75
1988-03-16 00:00:00+00:00,46.38,44.5
1988-03-17 00:00:00+00:00,46.5,44.75
1988-03-18 00:00:00+00:00,45.5,44.25
1988-03-21 00:00:00+00:00,44.63,43.0
1988-03-22 00:00:00+00:00,44.5,43.25
1988-03-23 00:00:00+00:00,44.0,41.88
1988-03-24 00:00:00+00:00,42.5,40.0
1988-03-25 00:00:00+00:00,41.25,40.0
1988-03-28 00:00:00+00:00,41.75,39.5
1988-03-29 00:00:00+00:00,42.0,40.63
1988-03-30 00:00:00+00:00,41.25,38.75
1988-03-31 00:00:00+00:00,40.5,39.25
1988-04-04 00:00:00+00:00,40.5,38.5
1988-04-05 00:00:00+00:00,39.5,38.5
1988-04-06 00:00:00+00:00,41.75,39.0
1988-04-07 00:00:00+00:00,42.38,40.75
1988-04-08 00:00:00+00:00,41.75,39.75
1988-04-11 00:00:00+00:00,42.0,41.0
1988-04-12 00:00:00+00:00,42.25,41.25
1988-04-13 00:00:00+00:00,42.0,41.0
1988-04-14 00:00:00+00:00,41.5,39.0
1988-04-15 00:00:00+00:00,40.0,38.5
1988-04-18 00:00:00+00:00,40.75,39.25
1988-04-19 00:00:00+00:00,41.5,40.13
1988-04-20 00:00:00+00:00,40.5,39.25
1988-04-21 00:00:00+00:00,40.5,39.0
1988-04-22 00:00:00+00:00,40.25,39.5
1988-04-25 00:00:00+00:00,41.0,40.0
1988-04-26 00:00:00+00:00,41.75,40.75
1988-04-27 00:00:00+00:00,42.0,41.5
1988-04-28 00:00:00+00:00,42.0,41.25
1988-04-29 00:00:00+00:00,41.5,40.5
1988-05-02 00:00:00+00:00,41.25,40.5
1988-05-03 00:00:00+00:00,42.25,40.75
1988-05-04 00:00:00+00:00,43.13,41.75
1988-05-05 00:00:00+00:00,42.25,41.5
1988-05-06 00:00:00+00:00,41.75,41.25
1988-05-09 00:00:00+00:00,41.25,40.5
1988-05-10 00:00:00+00:00,41.0,40.25
1988-05-11 00:00:00+00:00,40.75,39.5
1988-05-12 00:00:00+00:00,40.25,39.5
1988-05-13 00:00:00+00:00,40.5,40.0
1988-05-16 00:00:00+00:00,41.38,40.0
1988-05-17 00:00:00+00:00,42.0,40.25
1988-05-18 00:00:00+00:00,40.75,39.5
1988-05-19 00:00:00+00:00,39.75,38.5
1988-05-20 00:00:00+00:00,39.5,38.75
1988-05-23 00:00:00+00:00,38.88,37.38
1988-05-24 00:00:00+00:00,39.0,37.75
1988-05-25 00:00:00+00:00,39.75,38.5
1988-05-26 00:00:00+00:00,39.5,38.5
1988-05-27 00:00:00+00:00,40.0,39.0
1988-05-31 00:00:00+00:00,41.5,39.75
1988-06-01 00:00:00+00:00,42.5,41.25
1988-06-02 00:00:00+00:00,42.5,41.5
1988-06-03 00:00:00+00:00,43.25,41.75
1988-06-06 00:00:00+00:00,44.0,42.75
1988-06-07 00:00:00+00:00,45.25,43.5
1988-06-08 00:00:00+00:00,45.5,44.0
1988-06-09 00:00:00+00:00,45.25,43.25
1988-06-10 00:00:00+00:00,44.75,43.0
1988-06-13 00:00:00+00:00,45.25,44.25
1988-06-14 00:00:00+00:00,46.0,45.0
1988-06-15 00:00:00+00:00,45.75,45.0
1988-06-16 00:00:00+00:00,45.25,44.25
1988-06-17 00:00:00+00:00,44.75,44.25
1988-06-20 00:00:00+00:00,44.75,44.0
1988-06-21 00:00:00+00:00,45.0,43.88
1988-06-22 00:00:00+00:00,45.88,45.0
1988-06-23 00:00:00+00:00,45.75,45.0
1988-06-24 00:00:00+00:00,45.5,44.5
1988-06-27 00:00:00+00:00,45.38,44.5
1988-06-28 00:00:00+00:00,46.25,44.5
1988-06-29 00:00:00+00:00,46.75,45.75
1988-06-30 00:00:00+00:00,46.75,46.0
1988-07-01 00:00:00+00:00,46.88,46.25
1988-07-05 00:00:00+00:00,47.25,46.13
1988-07-06 00:00:00+00:00,47.5,46.13
1988-07-07 00:00:00+00:00,46.5,45.25
1988-07-08 00:00:00+00:00,46.0,45.0
1988-07-11 00:00:00+00:00,45.5,44.88
1988-07-12 00:00:00+00:00,45.25,44.5
1988-07-13 00:00:00+00:00,45.0,44.25
1988-07-14 00:00:00+00:00,45.25,44.5
1988-07-15 00:00:00+00:00,45.5,44.75
1988-07-18 00:00:00+00:00,46.0,45.25
1988-07-19 00:00:00+00:00,45.5,43.88
1988-07-20 00:00:00+00:00,45.0,44.0
1988-07-21 00:00:00+00:00,44.0,42.75
1988-07-22 00:00:00+00:00,43.25,42.5
1988-07-25 00:00:00+00:00,43.25,42.25
1988-07-26 00:00:00+00:00,43.25,42.25
1988-07-27 00:00:00+00:00,43.25,42.5
1988-07-28 00:00:00+00:00,43.0,42.25
1988-07-29 00:00:00+00:00,44.5,43.0
1988-08-01 00:00:00+00:00,45.75,44.25
1988-08-02 00:00:00+00:00,45.5,44.5
1988-08-03 00:00:00+00:00,44.75,44.0
1988-08-04 00:00:00+00:00,45.25,44.5
1988-08-05 00:00:00+00:00,45.0,44.25
1988-08-08 00:00:00+00:00,44.75,44.0
1988-08-09 00:00:00+00:00,44.25,43.0
1988-08-10 00:00:00+00:00,43.75,41.75
1988-08-11 00:00:00+00:00,43.25,42.0
1988-08-12 00:00:00+00:00,43.0,42.25
1988-08-15 00:00:00+00:00,42.25,40.5
1988-08-16 00:00:00+00:00,43.25,40.75
1988-08-17 00:00:00+00:00,42.75,41.75
1988-08-18 00:00:00+00:00,43.0,41.75
1988-08-19 00:00:00+00:00,42.75,40.5
1988-08-22 00:00:00+00:00,40.75,39.5
1988-08-23 00:00:00+00:00,40.25,39.25
1988-08-24 00:00:00+00:00,40.75,39.5
1988-08-25 00:00:00+00:00,40.5,39.25
1988-08-26 00:00:00+00:00,40.75,40.0
1988-08-29 00:00:00+00:00,41.0,40.5
1988-08-30 00:00:00+00:00,41.0,40.0
1988-08-31 00:00:00+00:00,41.13,39.5
1988-09-01 00:00:00+00:00,39.75,38.5
1988-09-02 00:00:00+00:00,40.0,39.0
1988-09-06 00:00:00+00:00,40.0,38.75
1988-09-07 00:00:00+00:00,39.5,37.75
1988-09-08 00:00:00+00:00,39.5,37.75
1988-09-09 00:00:00+00:00,41.0,37.75
1988-09-12 00:00:00+00:00,41.75,40.13
1988-09-13 00:00:00+00:00,41.25,40.0
1988-09-14 00:00:00+00:00,42.38,41.5
1988-09-15 00:00:00+00:00,42.75,41.5
1988-09-16 00:00:00+00:00,42.75,41.38
1988-09-19 00:00:00+00:00,42.25,41.25
1988-09-20 00:00:00+00:00,42.25,41.38
1988-09-21 00:00:00+00:00,43.0,41.5
1988-09-22 00:00:00+00:00,44.0,42.75
1988-09-23 00:00:00+00:00,44.25,43.5
1988-09-26 00:00:00+00:00,44.0,42.5
1988-09-27 00:00:00+00:00,43.5,42.5
1988-09-28 00:00:00+00:00,44.13,43.25
1988-09-29 00:00:00+00:00,44.25,43.5
1988-09-30 00:00:00+00:00,44.0,43.25
1988-10-03 00:00:00+00:00,43.25,42.0
1988-10-04 00:00:00+00:00,42.75,41.13
1988-10-05 00:00:00+00:00,41.75,40.5
1988-10-06 00:00:00+00:00,40.88,39.25
1988-10-07 00:00:00+00:00,39.75,38.38
1988-10-10 00:00:00+00:00,39.75,37.5
1988-10-11 00:00:00+00:00,39.5,38.25
1988-10-12 00:00:00+00:00,39.0,38.0
1988-10-13 00:00:00+00:00,39.75,38.5
1988-10-14 00:00:00+00:00,39.5,38.13
1988-10-17 00:00:00+00:00,39.0,38.25
1988-10-18 00:00:00+00:00,39.5,38.25
1988-10-19 00:00:00+00:00,40.75,39.5
1988-10-20 00:00:00+00:00,41.63,40.0
1988-10-21 00:00:00+00:00,41.75,40.75
1988-10-24 00:00:00+00:00,41.25,39.63
1988-10-25 00:00:00+00:00,40.25,39.75
1988-10-26 00:00:00+00:00,40.0,38.5
1988-10-27 00:00:00+00:00,39.25,38.25
1988-10-28 00:00:00+00:00,39.5,38.5
1988-10-31 00:00:00+00:00,38.75,37.5
1988-11-01 00:00:00+00:00,38.75,37.75
1988-11-02 00:00:00+00:00,38.25,36.75
1988-11-03 00:00:00+00:00,37.5,36.75
1988-11-04 00:00:00+00:00,38.0,36.75
1988-11-07 00:00:00+00:00,37.75,37.0
1988-11-08 00:00:00+00:00,38.75,37.38
1988-11-09 00:00:00+00:00,39.38,38.0
1988-11-10 00:00:00+00:00,39.75,39.0
1988-11-11 00:00:00+00:00,39.63,38.5
1988-11-14 00:00:00+00:00,39.0,38.25
1988-11-15 00:00:00+00:00,39.25,38.75
1988-11-16 00:00:00+00:00,39.25,37.75
1988-11-17 00:00:00+00:00,38.5,38.0
1988-11-18 00:00:00+00:00,38.5,38.0
1988-11-21 00:00:00+00:00,37.75,36.25
1988-11-22 00:00:00+00:00,36.88,36.0
1988-11-23 00:00:00+00:00,37.0,35.5
1988-11-25 00:00:00+00:00,36.75,36.0
1988-11-28 00:00:00+00:00,36.75,36.0
1988-11-29 00:00:00+00:00,36.75,36.0
1988-11-30 00:00:00+00:00,38.0,36.75
1988-12-01 00:00:00+00:00,39.0,37.5
1988-12-02 00:00:00+00:00,39.88,38.0
1988-12-05 00:00:00+00:00,40.0,38.75
1988-12-06 00:00:00+00:00,39.75,39.0
1988-12-07 00:00:00+00:00,39.5,38.75
1988-12-08 00:00:00+00:00,39.25,38.75
1988-12-09 00:00:00+00:00,39.5,38.75
1988-12-12 00:00:00+00:00,39.5,38.5
1988-12-13 00:00:00+00:00,38.75,38.25
1988-12-14 00:00:00+00:00,40.0,38.5
1988-12-15 00:00:00+00:00,40.5,39.25
1988-12-16 00:00:00+00:00,40.5,39.25
1988-12-19 00:00:00+00:00,41.0,40.0
1988-12-20 00:00:00+00:00,41.5,40.63
1988-12-21 00:00:00+00:00,42.0,41.0
1988-12-22 00:00:00+00:00,42.0,40.75
1988-12-23 00:00:00+00:00,41.38,41.0
1988-12-27 00:00:00+00:00,41.5,40.5
1988-12-28 00:00:00+00:00,40.75,39.75
1988-12-29 00:00:00+00:00,40.75,40.25
1988-12-30 00:00:00+00:00,41.25,40.25
1989-01-03 00:00:00+00:00,40.5,40.0
1989-01-04 00:00:00+00:00,42.13,40.5
1989-01-05 00:00:00+00:00,43.25,41.25
1989-01-06 00:00:00+00:00,43.5,42.25
1989-01-09 00:00:00+00:00,43.13,42.25
1989-01-10 00:00:00+00:00,42.88,41.5
1989-01-11 00:00:00+00:00,42.5,41.25
1989-01-12 00:00:00+00:00,43.0,42.0
1989-01-13 00:00:00+00:00,43.5,42.38
1989-01-16 00:00:00+00:00,44.0,43.0
1989-01-17 00:00:00+00:00,43.5,40.0
1989-01-18 00:00:00+00:00,41.13,39.5
1989-01-19 00:00:00+00:00,41.0,40.0
1989-01-20 00:00:00+00:00,41.5,40.25
1989-01-23 00:00:00+00:00,41.25,40.75
1989-01-24 00:00:00+00:00,41.75,40.75
1989-01-25 00:00:00+00:00,42.0,41.0
1989-01-26 00:00:00+00:00,42.13,40.63
1989-01-27 00:00:00+00:00,39.25,36.25
1989-01-30 00:00:00+00:00,38.0,37.25
1989-01-31 00:00:00+00:00,37.75,36.75
1989-02-01 00:00:00+00:00,39.63,37.38
1989-02-02 00:00:00+00:00,40.25,39.25
1989-02-03 00:00:00+00:00,40.25,39.0
1989-02-06 00:00:00+00:00,39.5,38.25
1989-02-07 00:00:00+00:00,39.25,38.25
1989-02-08 00:00:00+00:00,39.5,38.0
1989-02-09 00:00:00+00:00,39.0,38.0
1989-02-10 00:00:00+00:00,38.25,37.0
1989-02-13 00:00:00+00:00,37.25,36.75
1989-02-14 00:00:00+00:00,37.0,35.25
1989-02-15 00:00:00+00:00,36.25,35.5
1989-02-16 00:00:00+00:00,37.25,36.0
1989-02-17 00:00:00+00:00,37.0,36.25
1989-02-21 00:00:00+00:00,37.75,36.75
1989-02-22 00:00:00+00:00,37.5,36.5
1989-02-23 00:00:00+00:00,37.0,36.25
1989-02-24 00:00:00+00:00,37.0,36.0
1989-02-27 00:00:00+00:00,36.5,35.75
1989-02-28 00:00:00+00:00,36.75,36.0
1989-03-01 00:00:00+00:00,36.5,35.5
1989-03-02 00:00:00+00:00,36.25,34.75
1989-03-03 00:00:00+00:00,35.25,34.0
1989-03-06 00:00:00+00:00,35.88,34.5
1989-03-07 00:00:00+00:00,36.0,35.0
1989-03-08 00:00:00+00:00,36.25,35.25
1989-03-09 00:00:00+00:00,35.75,34.5
1989-03-10 00:00:00+00:00,35.0,34.25
1989-03-13 00:00:00+00:00,35.5,34.75
1989-03-14 00:00:00+00:00,35.5,34.88
1989-03-15 00:00:00+00:00,35.5,34.75
1989-03-16 00:00:00+00:00,35.5,34.5
1989-03-17 00:00:00+00:00,35.75,34.0
1989-03-20 00:00:00+00:00,35.25,34.5
1989-03-21 00:00:00+00:00,35.5,34.75
1989-03-22 00:00:00+00:00,34.75,33.75
1989-03-23 00:00:00+00:00,34.5,33.75
1989-03-27 00:00:00+00:00,34.5,33.5
1989-03-28 00:00:00+00:00,34.5,34.0
1989-03-29 00:00:00+00:00,34.5,34.0
1989-03-30 00:00:00+00:00,35.0,34.0
1989-03-31 00:00:00+00:00,35.75,34.75
1989-04-03 00:00:00+00:00,36.25,34.75
1989-04-04 00:00:00+00:00,34.88,33.88
1989-04-05 00:00:00+00:00,35.25,34.25
1989-04-06 00:00:00+00:00,36.13,34.5
1989-04-07 00:00:00+00:00,37.5,36.0
1989-04-10 00:00:00+00:00,38.0,36.75
1989-04-11 00:00:00+00:00,38.0,37.0
1989-04-12 00:00:00+00:00,39.25,37.88
1989-04-13 00:00:00+00:00,39.5,38.25
1989-04-14 00:00:00+00:00,39.25,38.25
1989-04-17 00:00:00+00:00,39.25,38.0
1989-04-18 00:00:00+00:00,40.5,39.25
1989-04-19 00:00:00+00:00,41.63,39.75
1989-04-20 00:00:00+00:00,41.5,40.25
1989-04-21 00:00:00+00:00,40.88,39.75
1989-04-24 00:00:00+00:00,40.25,39.5
1989-04-25 00:00:00+00:00,40.5,39.75
1989-04-26 00:00:00+00:00,40.25,39.13
1989-04-27 00:00:00+00:00,40.0,39.0
1989-04-28 00:00:00+00:00,39.5,38.5
1989-05-01 00:00:00+00:00,39.25,38.5
1989-05-02 00:00:00+00:00,40.25,39.0
1989-05-03 00:00:00+00:00,40.75,39.75
1989-05-04 00:00:00+00:00,41.25,40.0
1989-05-05 00:00:00+00:00,42.75,41.5
1989-05-08 00:00:00+00:00,42.25,41.5
1989-05-09 00:00:00+00:00,43.0,42.0
1989-05-10 00:00:00+00:00,43.5,42.5
1989-05-11 00:00:00+00:00,44.25,43.0
1989-05-12 00:00:00+00:00,45.0,44.0
1989-05-15 00:00:00+00:00,46.25,44.75
1989-05-16 00:00:00+00:00,46.25,45.0
1989-05-17 00:00:00+00:00,45.5,45.0
1989-05-18 00:00:00+00:00,45.5,44.75
1989-05-19 00:00:00+00:00,46.25,44.75
1989-05-22 00:00:00+00:00,46.25,45.25
1989-05-23 00:00:00+00:00,46.0,45.25
1989-05-24 00:00:00+00:00,47.75,45.25
1989-05-25 00:00:00+00:00,49.0,47.25
1989-05-26 00:00:00+00:00,49.0,48.0
1989-05-30 00:00:00+00:00,49.0,47.38
1989-05-31 00:00:00+00:00,48.13,47.0
1989-06-01 00:00:00+00:00,49.25,47.5
1989-06-02 00:00:00+00:00,49.5,48.5
1989-06-05 00:00:00+00:00,49.0,46.5
1989-06-06 00:00:00+00:00,47.0,46.25
1989-06-07 00:00:00+00:00,48.5,46.75
1989-06-08 00:00:00+00:00,49.0,47.25
1989-06-09 00:00:00+00:00,47.75,46.5
1989-06-12 00:00:00+00:00,47.75,46.25
1989-06-13 00:00:00+00:00,48.75,47.0
1989-06-14 00:00:00+00:00,50.25,48.25
1989-06-15 00:00:00+00:00,49.75,47.5
1989-06-16 00:00:00+00:00,45.5,43.5
1989-06-19 00:00:00+00:00,44.75,43.5
1989-06-20 00:00:00+00:00,44.0,42.25
1989-06-21 00:00:00+00:00,43.5,42.25
1989-06-22 00:00:00+00:00,43.75,42.0
1989-06-23 00:00:00+00:00,44.25,43.25
1989-06-26 00:00:00+00:00,44.0,43.25
1989-06-27 00:00:00+00:00,44.25,42.5
1989-06-28 00:00:00+00:00,42.25,41.0
1989-06-29 00:00:00+00:00,41.25,40.0
1989-06-30 00:00:00+00:00,41.75,39.5
1989-07-03 00:00:00+00:00,41.75,40.75
1989-07-05 00:00:00+00:00,40.75,40.0
1989-07-06 00:00:00+00:00,41.75,40.25
1989-07-07 00:00:00+00:00,42.0,40.5
1989-07-10 00:00:00+00:00,41.25,40.0
1989-07-11 00:00:00+00:00,41.0,39.75
1989-07-12 00:00:00+00:00,40.25,39.5
1989-07-13 00:00:00+00:00,41.0,39.5
1989-07-14 00:00:00+00:00,41.0,39.75
1989-07-17 00:00:00+00:00,41.25,39.75
1989-07-18 00:00:00+00:00,40.75,38.75
1989-07-19 00:00:00+00:00,40.75,39.0
1989-07-20 00:00:00+00:00,41.25,39.75
1989-07-21 00:00:00+00:00,40.0,39.0
1989-07-24 00:00:00+00:00,39.75,39.25
1989-07-25 00:00:00+00:00,39.75,38.0
1989-07-26 00:00:00+00:00,38.5,37.75
1989-07-27 00:00:00+00:00,39.5,38.0
1989-07-28 00:00:00+00:00,39.75,39.0
1989-07-31 00:00:00+00:00,40.0,39.0
1989-08-01 00:00:00+00:00,40.25,39.25
1989-08-02 00:00:00+00:00,40.5,39.5
1989-08-03 00:00:00+00:00,41.5,40.5
1989-08-04 00:00:00+00:00,42.75,41.13
1989-08-07 00:00:00+00:00,44.0,42.63
1989-08-08 00:00:00+00:00,44.75,43.5
1989-08-09 00:00:00+00:00,45.75,43.88
1989-08-10 00:00:00+00:00,44.0,42.75
1989-08-11 00:00:00+00:00,44.0,41.25
1989-08-14 00:00:00+00:00,42.0,40.5
1989-08-15 00:00:00+00:00,41.5,40.75
1989-08-16 00:00:00+00:00,41.75,40.0
1989-08-17 00:00:00+00:00,41.25,40.0
1989-08-18 00:00:00+00:00,42.5,41.5
1989-08-21 00:00:00+00:00,43.25,42.0
1989-08-22 00:00:00+00:00,43.0,42.0
1989-08-23 00:00:00+00:00,44.25,42.5
1989-08-24 00:00:00+00:00,44.5,43.5
1989-08-25 00:00:00+00:00,45.0,44.0
1989-08-28 00:00:00+00:00,45.0,44.0
1989-08-29 00:00:00+00:00,45.0,43.75
1989-08-30 00:00:00+00:00,44.75,44.0
1989-08-31 00:00:00+00:00,45.0,44.25
1989-09-01 00:00:00+00:00,44.75,44.25
1989-09-05 00:00:00+00:00,45.38,44.5
1989-09-06 00:00:00+00:00,44.88,44.0
1989-09-07 00:00:00+00:00,45.5,44.75
1989-09-08 00:00:00+00:00,45.25,44.5
1989-09-11 00:00:00+00:00,46.0,44.5
1989-09-12 00:00:00+00:00,46.75,45.0
1989-09-13 00:00:00+00:00,46.63,45.0
1989-09-14 00:00:00+00:00,45.25,44.5
1989-09-15 00:00:00+00:00,45.25,44.25
1989-09-18 00:00:00+00:00,45.0,44.0
1989-09-19 00:00:00+00:00,44.5,43.0
1989-09-20 00:00:00+00:00,45.0,43.75
1989-09-21 00:00:00+00:00,46.0,44.25
1989-09-22 00:00:00+00:00,45.25,44.25
1989-09-25 00:00:00+00:00,45.75,44.75
1989-09-26 00:00:00+00:00,45.5,44.75
1989-09-27 00:00:00+00:00,45.13,44.0
1989-09-28 00:00:00+00:00,45.75,45.0
1989-09-29 00:00:00+00:00,45.5,44.5
1989-10-02 00:00:00+00:00,44.75,43.75
1989-10-03 00:00:00+00:00,44.5,43.13
1989-10-04 00:00:00+00:00,44.63,43.5
1989-10-05 00:00:00+00:00,46.5,44.25
1989-10-06 00:00:00+00:00,48.25,46.0
1989-10-09 00:00:00+00:00,49.75,47.5
1989-10-10 00:00:00+00:00,50.38,48.5
1989-10-11 00:00:00+00:00,49.25,48.0
1989-10-12 00:00:00+00:00,49.25,48.5
1989-10-13 00:00:00+00:00,49.5,45.0
1989-10-16 00:00:00+00:00,46.75,42.5
1989-10-17 00:00:00+00:00,48.75,45.0
1989-10-18 00:00:00+00:00,48.25,46.0
1989-10-19 00:00:00+00:00,49.5,48.25
1989-10-20 00:00:00+00:00,49.25,47.5
1989-10-23 00:00:00+00:00,48.25,46.25
1989-10-24 00:00:00+00:00,48.5,45.25
1989-10-25 00:00:00+00:00,47.75,46.25
1989-10-26 00:00:00+00:00,46.5,45.0
1989-10-27 00:00:00+00:00,45.75,44.5
1989-10-30 00:00:00+00:00,46.0,45.0
1989-10-31 00:00:00+00:00,46.5,45.5
1989-11-01 00:00:00+00:00,46.75,45.75
1989-11-02 00:00:00+00:00,45.0,43.0
1989-11-03 00:00:00+00:00,44.5,43.25
1989-11-06 00:00:00+00:00,44.0,43.0
1989-11-07 00:00:00+00:00,44.5,43.25
1989-11-08 00:00:00+00:00,45.25,44.25
1989-11-09 00:00:00+00:00,46.0,44.5
1989-11-10 00:00:00+00:00,47.0,45.75
1989-11-13 00:00:00+00:00,47.25,46.5
1989-11-14 00:00:00+00:00,46.75,44.5
1989-11-15 00:00:00+00:00,45.25,44.0
1989-11-16 00:00:00+00:00,44.75,43.75
1989-11-17 00:00:00+00:00,45.25,44.5
1989-11-20 00:00:00+00:00,45.5,44.5
1989-11-21 00:00:00+00:00,46.5,45.25
1989-11-22 00:00:00+00:00,45.75,44.5
1989-11-24 00:00:00+00:00,45.0,44.75
1989-11-27 00:00:00+00:00,45.25,43.75
1989-11-28 00:00:00+00:00,44.25,42.75
1989-11-29 00:00:00+00:00,44.25,42.5
1989-11-30 00:00:00+00:00,44.5,43.5
1989-12-01 00:00:00+00:00,45.0,43.63
1989-12-04 00:00:00+00:00,45.5,43.75
1989-12-05 00:00:00+00:00,45.75,44.5
1989-12-06 00:00:00+00:00,45.25,41.0
1989-12-07 00:00:00+00:00,43.25,42.0
1989-12-08 00:00:00+00:00,43.0,41.25
1989-12-11 00:00:00+00:00,41.5,38.38
1989-12-12 00:00:00+00:00,39.5,35.0
1989-12-13 00:00:00+00:00,36.5,35.5
1989-12-14 00:00:00+00:00,36.13,34.5
1989-12-15 00:00:00+00:00,35.0,32.5
1989-12-18 00:00:00+00:00,35.0,33.75
1989-12-19 00:00:00+00:00,35.5,34.5
1989-12-20 00:00:00+00:00,36.25,35.25
1989-12-21 00:00:00+00:00,36.25,35.5
1989-12-22 00:00:00+00:00,37.25,36.0
1989-12-26 00:00:00+00:00,36.75,35.25
1989-12-27 00:00:00+00:00,35.75,35.0
1989-12-28 00:00:00+00:00,35.25,34.25
1989-12-29 00:00:00+00:00,35.75,34.38
1990-01-02 00:00:00+00:00,37.5,35.0
1990-01-03 00:00:00+00:00,38.0,37.5
1990-01-04 00:00:00+00:00,38.75,37.25
1990-01-05 00:00:00+00:00,38.25,37.0
1990-01-08 00:00:00+00:00,38.0,37.0
1990-01-09 00:00:00+00:00,38.0,37.0
1990-01-10 00:00:00+00:00,37.63,35.75
1990-01-11 00:00:00+00:00,36.25,34.5
1990-01-12 00:00:00+00:00,34.75,33.75
1990-01-15 00:00:00+00:00,35.75,34.25
1990-01-16 00:00:00+00:00,35.0,32.75
1990-01-17 00:00:00+00:00,34.75,33.0
1990-01-18 00:00:00+00:00,33.5,32.25
1990-01-19 00:00:00+00:00,34.5,33.5
1990-01-22 00:00:00+00:00,34.5,33.25
1990-01-23 00:00:00+00:00,34.25,33.0
1990-01-24 00:00:00+00:00,34.25,32.25
1990-01-25 00:00:00+00:00,34.75,34.0
1990-01-26 00:00:00+00:00,34.0,32.25
1990-01-29 00:00:00+00:00,33.5,32.13
1990-01-30 00:00:00+00:00,34.5,33.0
1990-01-31 00:00:00+00:00,34.75,33.0
1990-02-01 00:00:00+00:00,34.63,33.5
1990-02-02 00:00:00+00:00,34.75,33.25
1990-02-05 00:00:00+00:00,35.25,34.0
1990-02-06 00:00:00+00:00,35.0,34.0
1990-02-07 00:00:00+00:00,34.0,32.5
1990-02-08 00:00:00+00:00,33.5,32.25
1990-02-09 00:00:00+00:00,34.5,33.25
1990-02-12 00:00:00+00:00,34.5,33.75
1990-02-13 00:00:00+00:00,35.0,33.75
1990-02-14 00:00:00+00:00,34.75,33.75
1990-02-15 00:00:00+00:00,34.25,33.5
1990-02-16 00:00:00+00:00,34.5,33.75
1990-02-20 00:00:00+00:00,33.75,33.0
1990-02-21 00:00:00+00:00,34.25,32.5
1990-02-22 00:00:00+00:00,34.5,33.0
1990-02-23 00:00:00+00:00,33.5,32.75
1990-02-26 00:00:00+00:00,34.25,33.0
1990-02-27 00:00:00+00:00,34.25,33.5
1990-02-28 00:00:00+00:00,34.0,33.25
1990-03-01 00:00:00+00:00,34.75,33.25
1990-03-02 00:00:00+00:00,34.75,33.25
1990-03-05 00:00:00+00:00,34.75,33.5
1990-03-06 00:00:00+00:00,35.25,34.5
1990-03-07 00:00:00+00:00,36.0,35.0
1990-03-08 00:00:00+00:00,37.0,35.0
1990-03-09 00:00:00+00:00,37.5,36.25
1990-03-12 00:00:00+00:00,37.5,36.25
1990-03-13 00:00:00+00:00,37.25,36.25
1990-03-14 00:00:00+00:00,37.25,36.5
1990-03-15 00:00:00+00:00,38.0,36.5
1990-03-16 00:00:00+00:00,40.75,39.13
1990-03-19 00:00:00+00:00,42.5,40.0
1990-03-20 00:00:00+00:00,43.0,40.75
1990-03-21 00:00:00+00:00,42.25,41.25
1990-03-22 00:00:00+00:00,42.25,40.75
1990-03-23 00:00:00+00:00,43.0,41.0
1990-03-26 00:00:00+00:00,43.38,42.0
1990-03-27 00:00:00+00:00,42.25,41.25
1990-03-28 00:00:00+00:00,42.13,41.0
1990-03-29 00:00:00+00:00,41.5,40.75
1990-03-30 00:00:00+00:00,41.0,40.0
1990-04-02 00:00:00+00:00,40.63,39.5
1990-04-03 00:00:00+00:00,41.75,40.5
1990-04-04 00:00:00+00:00,42.0,40.75
1990-04-05 00:00:00+00:00,41.25,40.0
1990-04-06 00:00:00+00:00,41.25,39.75
1990-04-09 00:00:00+00:00,41.5,39.5
1990-04-10 00:00:00+00:00,42.0,41.0
1990-04-11 00:00:00+00:00,43.0,41.5
1990-04-12 00:00:00+00:00,44.0,42.5
1990-04-16 00:00:00+00:00,44.25,43.25
1990-04-17 00:00:00+00:00,43.5,42.75
1990-04-18 00:00:00+00:00,43.75,42.5
1990-04-19 00:00:00+00:00,43.13,40.0
1990-04-20 00:00:00+00:00,41.5,39.75
1990-04-23 00:00:00+00:00,40.5,39.5
1990-04-24 00:00:00+00:00,40.5,38.5
1990-04-25 00:00:00+00:00,39.0,38.25
1990-04-26 00:00:00+00:00,39.5,38.13
1990-04-27 00:00:00+00:00,39.5,38.75
1990-04-30 00:00:00+00:00,39.75,39.0
1990-05-01 00:00:00+00:00,40.0,39.38
1990-05-02 00:00:00+00:00,40.0,39.25
1990-05-03 00:00:00+00:00,40.25,39.75
1990-05-04 00:00:00+00:00,40.75,39.25
1990-05-07 00:00:00+00:00,41.75,39.75
1990-05-08 00:00:00+00:00,42.0,41.0
1990-05-09 00:00:00+00:00,42.0,41.25
1990-05-10 00:00:00+00:00,41.75,40.5
1990-05-11 00:00:00+00:00,42.75,40.75
1990-05-14 00:00:00+00:00,42.75,41.25
1990-05-15 00:00:00+00:00,42.0,41.0
1990-05-16 00:00:00+00:00,41.75,41.0
1990-05-17 00:00:00+00:00,42.25,41.0
1990-05-18 00:00:00+00:00,41.5,39.5
1990-05-21 00:00:00+00:00,40.0,38.75
1990-05-22 00:00:00+00:00,41.5,40.0
1990-05-23 00:00:00+00:00,42.5,41.25
1990-05-24 00:00:00+00:00,42.25,41.5
1990-05-25 00:00:00+00:00,40.75,39.0
1990-05-29 00:00:00+00:00,41.25,39.25
1990-05-30 00:00:00+00:00,41.75,41.25
1990-05-31 00:00:00+00:00,41.5,41.0
1990-06-01 00:00:00+00:00,42.0,40.75
1990-06-04 00:00:00+00:00,41.0,39.75
1990-06-05 00:00:00+00:00,41.0,39.0
1990-06-06 00:00:00+00:00,39.5,38.75
1990-06-07 00:00:00+00:00,39.75,38.5
1990-06-08 00:00:00+00:00,38.5,37.5
1990-06-11 00:00:00+00:00,39.0,37.75
1990-06-12 00:00:00+00:00,40.5,38.75
1990-06-13 00:00:00+00:00,40.75,39.75
1990-06-14 00:00:00+00:00,40.25,39.25
1990-06-15 00:00:00+00:00,40.0,39.13
1990-06-18 00:00:00+00:00,39.5,39.0
1990-06-19 00:00:00+00:00,39.75,38.38
1990-06-20 00:00:00+00:00,40.25,39.75
1990-06-21 00:00:00+00:00,42.0,40.0
1990-06-22 00:00:00+00:00,42.63,41.25
1990-06-25 00:00:00+00:00,41.75,40.25
1990-06-26 00:00:00+00:00,42.0,40.38
1990-06-27 00:00:00+00:00,42.0,40.25
1990-06-28 00:00:00+00:00,43.25,41.75
1990-06-29 00:00:00+00:00,44.88,42.75
1990-07-02 00:00:00+00:00,44.5,43.75
1990-07-03 00:00:00+00:00,44.5,43.75
1990-07-05 00:00:00+00:00,44.25,43.25
1990-07-06 00:00:00+00:00,45.0,43.25
1990-07-09 00:00:00+00:00,47.0,44.75
1990-07-10 00:00:00+00:00,47.5,46.75
1990-07-11 00:00:00+00:00,47.0,45.75
1990-07-12 00:00:00+00:00,47.5,46.5
1990-07-13 00:00:00+00:00,47.75,46.75
1990-07-16 00:00:00+00:00,47.13,45.25
1990-07-17 00:00:00+00:00,46.0,44.0
1990-07-18 00:00:00+00:00,45.0,43.0
1990-07-19 00:00:00+00:00,42.5,40.0
1990-07-20 00:00:00+00:00,42.5,40.75
1990-07-23 00:00:00+00:00,41.75,40.0
1990-07-24 00:00:00+00:00,42.25,41.0
1990-07-25 00:00:00+00:00,43.25,41.75
1990-07-26 00:00:00+00:00,42.5,41.0
1990-07-27 00:00:00+00:00,41.75,40.5
1990-07-30 00:00:00+00:00,42.5,40.75
1990-07-31 00:00:00+00:00,42.75,41.5
1990-08-01 00:00:00+00:00,42.75,41.5
1990-08-02 00:00:00+00:00,43.75,41.25
1990-08-03 00:00:00+00:00,43.75,39.75
1990-08-06 00:00:00+00:00,40.5,38.5
1990-08-07 00:00:00+00:00,40.63,38.75
1990-08-08 00:00:00+00:00,40.75,39.5
1990-08-09 00:00:00+00:00,40.5,39.25
1990-08-10 00:00:00+00:00,39.25,38.25
1990-08-13 00:00:00+00:00,40.0,37.88
1990-08-14 00:00:00+00:00,40.0,39.25
1990-08-15 00:00:00+00:00,40.25,39.25
1990-08-16 00:00:00+00:00,39.63,38.5
1990-08-17 00:00:00+00:00,38.5,35.75
1990-08-20 00:00:00+00:00,37.5,36.25
1990-08-21 00:00:00+00:00,36.75,35.25
1990-08-22 00:00:00+00:00,37.0,34.88
1990-08-23 00:00:00+00:00,35.0,33.5
1990-08-24 00:00:00+00:00,36.0,34.75
1990-08-27 00:00:00+00:00,38.0,36.25
1990-08-28 00:00:00+00:00,38.38,37.25
1990-08-29 00:00:00+00:00,38.13,36.75
1990-08-30 00:00:00+00:00,37.5,36.0
1990-08-31 00:00:00+00:00,37.25,36.0
1990-09-04 00:00:00+00:00,37.5,36.5
1990-09-05 00:00:00+00:00,37.25,35.75
1990-09-06 00:00:00+00:00,36.0,35.25
1990-09-07 00:00:00+00:00,36.75,35.13
1990-09-10 00:00:00+00:00,37.0,35.75
1990-09-11 00:00:00+00:00,36.13,33.75
1990-09-12 00:00:00+00:00,34.5,33.5
1990-09-13 00:00:00+00:00,34.75,33.0
1990-09-14 00:00:00+00:00,34.25,33.25
1990-09-17 00:00:00+00:00,35.25,33.5
1990-09-18 00:00:00+00:00,33.75,33.0
1990-09-19 00:00:00+00:00,33.75,32.0
1990-09-20 00:00:00+00:00,32.25,31.25
1990-09-21 00:00:00+00:00,32.5,31.0
1990-09-24 00:00:00+00:00,31.5,29.75
1990-09-25 00:00:00+00:00,30.75,29.25
1990-09-26 00:00:00+00:00,30.5,29.75
1990-09-27 00:00:00+00:00,30.5,28.0
1990-09-28 00:00:00+00:00,29.0,27.25
1990-10-01 00:00:00+00:00,31.0,29.25
1990-10-02 00:00:00+00:00,32.0,29.5
1990-10-03 00:00:00+00:00,29.75,26.75
1990-10-04 00:00:00+00:00,28.0,26.25
1990-10-05 00:00:00+00:00,28.75,27.0
1990-10-08 00:00:00+00:00,29.25,28.25
1990-10-09 00:00:00+00:00,29.0,27.75
1990-10-10 00:00:00+00:00,28.0,26.0
1990-10-11 00:00:00+00:00,27.87,25.5
1990-10-12 00:00:00+00:00,28.5,27.0
1990-10-15 00:00:00+00:00,28.75,26.62
1990-10-16 00:00:00+00:00,27.5,24.25
1990-10-17 00:00:00+00:00,26.5,25.0
1990-10-18 00:00:00+00:00,28.75,26.5
1990-10-19 00:00:00+00:00,31.75,30.25
1990-10-22 00:00:00+00:00,31.5,30.5
1990-10-23 00:00:00+00:00,31.5,30.25
1990-10-24 00:00:00+00:00,31.0,30.0
1990-10-25 00:00:00+00:00,31.25,29.62
1990-10-26 00:00:00+00:00,31.25,29.75
1990-10-29 00:00:00+00:00,30.5,29.75
1990-10-30 00:00:00+00:00,30.75,28.87
1990-10-31 00:00:00+00:00,31.87,30.25
1990-11-01 00:00:00+00:00,31.0,29.75
1990-11-02 00:00:00+00:00,32.38,30.5
1990-11-05 00:00:00+00:00,33.5,32.0
1990-11-06 00:00:00+00:00,34.5,33.25
1990-11-07 00:00:00+00:00,33.75,32.63
1990-11-08 00:00:00+00:00,35.0,33.0
1990-11-09 00:00:00+00:00,35.75,34.5
1990-11-12 00:00:00+00:00,36.75,35.25
1990-11-13 00:00:00+00:00,36.5,35.75
1990-11-14 00:00:00+00:00,37.25,35.75
1990-11-15 00:00:00+00:00,37.0,35.5
1990-11-16 00:00:00+00:00,36.0,34.75
1990-11-19 00:00:00+00:00,36.38,35.25
1990-11-20 00:00:00+00:00,36.75,35.25
1990-11-21 00:00:00+00:00,36.25,34.75
1990-11-23 00:00:00+00:00,37.0,36.0
1990-11-26 00:00:00+00:00,37.0,36.0
1990-11-27 00:00:00+00:00,38.25,36.75
1990-11-28 00:00:00+00:00,38.5,36.75
1990-11-29 00:00:00+00:00,37.0,36.25
1990-11-30 00:00:00+00:00,37.25,36.25
1990-12-03 00:00:00+00:00,38.25,37.0
1990-12-04 00:00:00+00:00,38.75,37.5
1990-12-05 00:00:00+00:00,40.25,37.88
1990-12-06 00:00:00+00:00,41.75,40.5
1990-12-07 00:00:00+00:00,42.75,41.0
1990-12-10 00:00:00+00:00,42.5,41.5
1990-12-11 00:00:00+00:00,41.5,40.0
1990-12-12 00:00:00+00:00,40.0,39.0
1990-12-13 00:00:00+00:00,41.0,39.5
1990-12-14 00:00:00+00:00,40.5,39.5
1990-12-17 00:00:00+00:00,40.5,39.0
1990-12-18 00:00:00+00:00,42.5,40.75
1990-12-19 00:00:00+00:00,42.5,41.13
1990-12-20 00:00:00+00:00,44.5,41.25
1990-12-21 00:00:00+00:00,45.25,43.5
1990-12-24 00:00:00+00:00,45.0,44.0
1990-12-26 00:00:00+00:00,44.25,43.0
1990-12-27 00:00:00+00:00,44.0,43.25
1990-12-28 00:00:00+00:00,43.5,42.75
1990-12-31 00:00:00+00:00,43.25,42.75
1991-01-02 00:00:00+00:00,44.0,42.0
1991-01-03 00:00:00+00:00,44.25,43.0
1991-01-04 00:00:00+00:00,44.25,43.0
1991-01-07 00:00:00+00:00,45.25,43.0
1991-01-08 00:00:00+00:00,43.88,42.5
1991-01-09 00:00:00+00:00,46.0,43.75
1991-01-10 00:00:00+00:00,47.25,45.75
1991-01-11 00:00:00+00:00,47.25,46.0
1991-01-14 00:00:00+00:00,46.75,46.0
1991-01-15 00:00:00+00:00,46.75,46.0
1991-01-16 00:00:00+00:00,50.0,46.75
1991-01-17 00:00:00+00:00,52.75,49.0
1991-01-18 00:00:00+00:00,50.75,48.5
1991-01-21 00:00:00+00:00,51.5,49.75
1991-01-22 00:00:00+00:00,52.5,50.5
1991-01-23 00:00:00+00:00,52.25,51.0
1991-01-24 00:00:00+00:00,52.75,51.5
1991-01-25 00:00:00+00:00,53.63,52.0
1991-01-28 00:00:00+00:00,55.25,53.25
1991-01-29 00:00:00+00:00,54.5,52.25
1991-01-30 00:00:00+00:00,55.75,53.25
1991-01-31 00:00:00+00:00,56.0,54.75
1991-02-01 00:00:00+00:00,57.88,55.5
1991-02-04 00:00:00+00:00,56.0,55.0
1991-02-05 00:00:00+00:00,58.0,54.75
1991-02-06 00:00:00+00:00,58.25,56.5
1991-02-07 00:00:00+00:00,58.75,55.75
1991-02-08 00:00:00+00:00,60.25,57.5
1991-02-11 00:00:00+00:00,61.5,59.75
1991-02-12 00:00:00+00:00,61.25,59.38
1991-02-13 00:00:00+00:00,60.25,58.0
1991-02-14 00:00:00+00:00,60.0,56.75
1991-02-15 00:00:00+00:00,58.5,57.25
1991-02-19 00:00:00+00:00,60.25,57.38
1991-02-20 00:00:00+00:00,61.75,59.25
1991-02-21 00:00:00+00:00,62.25,58.75
1991-02-22 00:00:00+00:00,61.75,58.5
1991-02-25 00:00:00+00:00,60.5,57.5
1991-02-26 00:00:00+00:00,58.75,56.5
1991-02-27 00:00:00+00:00,58.5,57.5
1991-02-28 00:00:00+00:00,58.5,56.25
1991-03-01 00:00:00+00:00,59.0,57.0
1991-03-04 00:00:00+00:00,58.75,57.0
1991-03-05 00:00:00+00:00,63.25,59.0
1991-03-06 00:00:00+00:00,65.62,62.88
1991-03-07 00:00:00+00:00,67.5,63.25
1991-03-08 00:00:00+00:00,68.25,65.0
1991-03-11 00:00:00+00:00,64.75,62.25
1991-03-12 00:00:00+00:00,63.75,62.5
1991-03-13 00:00:00+00:00,66.5,62.75
1991-03-14 00:00:00+00:00,67.5,64.5
1991-03-15 00:00:00+00:00,66.5,65.25
1991-03-18 00:00:00+00:00,68.25,65.75
1991-03-19 00:00:00+00:00,70.25,65.75
1991-03-20 00:00:00+00:00,69.5,66.87
1991-03-21 00:00:00+00:00,68.75,63.75
1991-03-22 00:00:00+00:00,64.75,62.25
1991-03-25 00:00:00+00:00,65.0,63.25
1991-03-26 00:00:00+00:00,70.25,64.75
1991-03-27 00:00:00+00:00,70.25,68.5
1991-03-28 00:00:00+00:00,70.0,67.75
1991-04-01 00:00:00+00:00,69.5,67.5
1991-04-02 00:00:00+00:00,72.75,68.5
1991-04-03 00:00:00+00:00,72.75,70.0
1991-04-04 00:00:00+00:00,72.0,69.5
1991-04-05 00:00:00+00:00,71.75,68.75
1991-04-08 00:00:00+00:00,70.0,68.75
1991-04-09 00:00:00+00:00,70.0,68.25
1991-04-10 00:00:00+00:00,69.25,66.75
1991-04-11 00:00:00+00:00,71.37,67.5
1991-04-12 00:00:00+00:00,73.25,69.75
1991-04-15 00:00:00+00:00,64.5,60.0
1991-04-16 00:00:00+00:00,64.5,62.5
1991-04-17 00:00:00+00:00,65.0,62.0
1991-04-18 00:00:00+00:00,63.0,60.75
1991-04-19 00:00:00+00:00,61.5,59.5
1991-04-22 00:00:00+00:00,62.0,58.75
1991-04-23 00:00:00+00:00,63.0,60.25
1991-04-24 00:00:00+00:00,62.0,60.5
1991-04-25 00:00:00+00:00,59.75,58.5
1991-04-26 00:00:00+00:00,59.0,57.75
1991-04-29 00:00:00+00:00,60.25,58.25
1991-04-30 00:00:00+00:00,58.25,54.5
1991-05-01 00:00:00+00:00,49.0,47.0
1991-05-02 00:00:00+00:00,49.75,47.5
1991-05-03 00:00:00+00:00,49.5,48.25
1991-05-06 00:00:00+00:00,50.5,48.25
1991-05-07 00:00:00+00:00,51.25,50.5
1991-05-08 00:00:00+00:00,50.75,49.25
1991-05-09 00:00:00+00:00,51.5,49.75
1991-05-10 00:00:00+00:00,53.25,50.75
1991-05-13 00:00:00+00:00,53.5,51.5
1991-05-14 00:00:00+00:00,53.75,52.5
1991-05-15 00:00:00+00:00,52.0,49.0
1991-05-16 00:00:00+00:00,51.25,48.5
1991-05-17 00:00:00+00:00,48.75,46.5
1991-05-20 00:00:00+00:00,47.5,44.0
1991-05-21 00:00:00+00:00,46.5,44.75
1991-05-22 00:00:00+00:00,46.5,45.5
1991-05-23 00:00:00+00:00,46.75,44.75
1991-05-24 00:00:00+00:00,46.0,45.0
1991-05-28 00:00:00+00:00,46.25,45.25
1991-05-29 00:00:00+00:00,47.75,45.88
1991-05-30 00:00:00+00:00,47.75,46.5
1991-05-31 00:00:00+00:00,47.75,46.25
1991-06-03 00:00:00+00:00,49.5,46.75
1991-06-04 00:00:00+00:00,49.5,48.5
1991-06-05 00:00:00+00:00,49.25,47.75
1991-06-06 00:00:00+00:00,48.25,46.5
1991-06-07 00:00:00+00:00,47.0,45.63
1991-06-10 00:00:00+00:00,47.13,45.75
1991-06-11 00:00:00+00:00,45.5,44.25
1991-06-12 00:00:00+00:00,44.75,41.25
1991-06-13 00:00:00+00:00,43.0,41.75
1991-06-14 00:00:00+00:00,42.75,40.75
1991-06-17 00:00:00+00:00,42.25,41.0
1991-06-18 00:00:00+00:00,43.25,41.5
1991-06-19 00:00:00+00:00,42.25,41.25
1991-06-20 00:00:00+00:00,42.0,40.75
1991-06-21 00:00:00+00:00,42.5,41.75
1991-06-24 00:00:00+00:00,42.25,41.25
1991-06-25 00:00:00+00:00,43.0,41.75
1991-06-26 00:00:00+00:00,43.5,42.25
1991-06-27 00:00:00+00:00,42.75,41.75
1991-06-28 00:00:00+00:00,42.5,40.25
1991-07-01 00:00:00+00:00,43.0,41.75
1991-07-02 00:00:00+00:00,42.75,41.75
1991-07-03 00:00:00+00:00,43.5,41.75
1991-07-05 00:00:00+00:00,46.0,42.75
1991-07-08 00:00:00+00:00,47.25,45.0
1991-07-09 00:00:00+00:00,48.25,46.5
1991-07-10 00:00:00+00:00,48.25,46.75
1991-07-11 00:00:00+00:00,47.25,46.0
1991-07-12 00:00:00+00:00,47.25,46.25
1991-07-15 00:00:00+00:00,46.75,45.5
1991-07-16 00:00:00+00:00,45.75,43.5
1991-07-17 00:00:00+00:00,44.5,42.25
1991-07-18 00:00:00+00:00,45.13,43.0
1991-07-19 00:00:00+00:00,46.25,45.0
1991-07-22 00:00:00+00:00,46.25,45.5
1991-07-23 00:00:00+00:00,46.5,44.5
1991-07-24 00:00:00+00:00,45.75,44.5
1991-07-25 00:00:00+00:00,45.75,45.0
1991-07-26 00:00:00+00:00,45.75,44.75
1991-07-29 00:00:00+00:00,45.5,44.5
1991-07-30 00:00:00+00:00,46.75,45.5
1991-07-31 00:00:00+00:00,46.88,45.0
1991-08-01 00:00:00+00:00,49.25,45.75
1991-08-02 00:00:00+00:00,50.25,49.0
1991-08-05 00:00:00+00:00,49.75,48.25
1991-08-06 00:00:00+00:00,50.25,47.75
1991-08-07 00:00:00+00:00,51.0,49.38
1991-08-08 00:00:00+00:00,51.75,50.0
1991-08-09 00:00:00+00:00,51.0,49.75
1991-08-12 00:00:00+00:00,52.25,50.5
1991-08-13 00:00:00+00:00,54.0,52.0
1991-08-14 00:00:00+00:00,55.0,53.88
1991-08-15 00:00:00+00:00,55.0,53.0
1991-08-16 00:00:00+00:00,54.25,52.25
1991-08-19 00:00:00+00:00,51.63,48.5
1991-08-20 00:00:00+00:00,51.75,50.5
1991-08-21 00:00:00+00:00,54.13,52.0
1991-08-22 00:00:00+00:00,54.75,53.75
1991-08-23 00:00:00+00:00,55.5,52.75
1991-08-26 00:00:00+00:00,53.5,52.5
1991-08-27 00:00:00+00:00,54.0,52.75
1991-08-28 00:00:00+00:00,54.25,53.13
1991-08-29 00:00:00+00:00,53.88,52.5
1991-08-30 00:00:00+00:00,53.25,52.25
1991-09-03 00:00:00+00:00,53.25,52.0
1991-09-04 00:00:00+00:00,52.75,51.38
1991-09-05 00:00:00+00:00,51.75,50.75
1991-09-06 00:00:00+00:00,51.75,50.5
1991-09-09 00:00:00+00:00,53.5,51.5
1991-09-10 00:00:00+00:00,53.38,49.75
1991-09-11 00:00:00+00:00,51.0,49.5
1991-09-12 00:00:00+00:00,51.25,49.75
1991-09-13 00:00:00+00:00,50.25,48.5
1991-09-16 00:00:00+00:00,49.25,46.5
1991-09-17 00:00:00+00:00,49.0,46.75
1991-09-18 00:00:00+00:00,50.5,48.5
1991-09-19 00:00:00+00:00,50.5,49.5
1991-09-20 00:00:00+00:00,51.0,49.5
1991-09-23 00:00:00+00:00,50.75,49.25
1991-09-24 00:00:00+00:00,50.38,48.25
1991-09-25 00:00:00+00:00,50.5,49.25
1991-09-26 00:00:00+00:00,50.25,49.0
1991-09-27 00:00:00+00:00,50.75,48.75
1991-09-30 00:00:00+00:00,49.75,49.0
1991-10-01 00:00:00+00:00,51.25,49.0
1991-10-02 00:00:00+00:00,51.75,49.5
1991-10-03 00:00:00+00:00,50.0,47.5
1991-10-04 00:00:00+00:00,48.75,47.5
1991-10-07 00:00:00+00:00,48.75,47.5
1991-10-08 00:00:00+00:00,48.5,46.5
1991-10-09 00:00:00+00:00,48.75,47.75
1991-10-10 00:00:00+00:00,49.0,46.75
1991-10-11 00:00:00+00:00,48.88,46.5
1991-10-14 00:00:00+00:00,50.25,48.75
1991-10-15 00:00:00+00:00,52.5,50.0
1991-10-16 00:00:00+00:00,54.0,52.25
1991-10-17 00:00:00+00:00,53.25,51.5
1991-10-18 00:00:00+00:00,55.5,54.5
1991-10-21 00:00:00+00:00,55.88,54.25
1991-10-22 00:00:00+00:00,56.25,54.5
1991-10-23 00:00:00+00:00,55.25,52.75
1991-10-24 00:00:00+00:00,53.25,51.5
1991-10-25 00:00:00+00:00,52.25,50.75
1991-10-28 00:00:00+00:00,51.75,50.75
1991-10-29 00:00:00+00:00,52.0,50.75
1991-10-30 00:00:00+00:00,52.75,49.5
1991-10-31 00:00:00+00:00,51.75,50.0
1991-11-01 00:00:00+00:00,52.0,50.5
1991-11-04 00:00:00+00:00,50.75,48.5
1991-11-05 00:00:00+00:00,50.5,48.75
1991-11-06 00:00:00+00:00,49.25,47.5
1991-11-07 00:00:00+00:00,50.5,48.25
1991-11-08 00:00:00+00:00,53.75,51.0
1991-11-11 00:00:00+00:00,54.5,53.25
1991-11-12 00:00:00+00:00,54.75,53.75
1991-11-13 00:00:00+00:00,54.5,53.5
1991-11-14 00:00:00+00:00,55.25,54.0
1991-11-15 00:00:00+00:00,54.75,49.75
1991-11-18 00:00:00+00:00,52.5,50.0
1991-11-19 00:00:00+00:00,51.75,49.75
1991-11-20 00:00:00+00:00,52.0,50.25
1991-11-21 00:00:00+00:00,51.75,50.5
1991-11-22 00:00:00+00:00,51.75,50.25
1991-11-25 00:00:00+00:00,52.25,51.0
1991-11-26 00:00:00+00:00,52.0,50.0
1991-11-27 00:00:00+00:00,51.5,50.5
1991-11-29 00:00:00+00:00,51.5,50.5
1991-12-02 00:00:00+00:00,52.0,50.0
1991-12-03 00:00:00+00:00,52.0,50.25
1991-12-04 00:00:00+00:00,50.75,50.0
1991-12-05 00:00:00+00:00,51.0,49.25
1991-12-06 00:00:00+00:00,49.75,48.5
1991-12-09 00:00:00+00:00,50.0,48.75
1991-12-10 00:00:00+00:00,49.5,48.5
1991-12-11 00:00:00+00:00,49.75,48.5
1991-12-12 00:00:00+00:00,49.75,49.0
1991-12-13 00:00:00+00:00,50.75,49.75
1991-12-16 00:00:00+00:00,50.75,50.0
1991-12-17 00:00:00+00:00,51.0,50.25
1991-12-18 00:00:00+00:00,52.0,50.0
1991-12-19 00:00:00+00:00,51.75,50.75
1991-12-20 00:00:00+00:00,51.5,50.25
1991-12-23 00:00:00+00:00,51.75,50.0
1991-12-24 00:00:00+00:00,53.75,51.75
1991-12-26 00:00:00+00:00,55.0,52.25
1991-12-27 00:00:00+00:00,55.75,54.5
1991-12-30 00:00:00+00:00,57.25,55.0
1991-12-31 00:00:00+00:00,58.0,56.0
1992-01-02 00:00:00+00:00,59.75,55.5
1992-01-03 00:00:00+00:00,60.25,58.25
1992-01-06 00:00:00+00:00,59.0,57.75
1992-01-07 00:00:00+00:00,59.5,57.5
1992-01-08 00:00:00+00:00,61.25,58.5
1992-01-09 00:00:00+00:00,62.25,60.25
1992-01-10 00:00:00+00:00,62.5,61.0
1992-01-13 00:00:00+00:00,62.75,61.5
1992-01-14 00:00:00+00:00,64.75,62.25
1992-01-15 00:00:00+00:00,65.0,63.0
1992-01-16 00:00:00+00:00,64.25,62.5
1992-01-17 00:00:00+00:00,69.0,64.75
1992-01-20 00:00:00+00:00,65.25,64.0
1992-01-21 00:00:00+00:00,64.25,61.0
1992-01-22 00:00:00+00:00,63.75,61.25
1992-01-23 00:00:00+00:00,64.75,63.0
1992-01-24 00:00:00+00:00,65.75,64.0
1992-01-27 00:00:00+00:00,65.25,64.25
1992-01-28 00:00:00+00:00,65.37,63.0
1992-01-29 00:00:00+00:00,65.75,63.25
1992-01-30 00:00:00+00:00,63.75,62.75
1992-01-31 00:00:00+00:00,65.25,63.5
1992-02-03 00:00:00+00:00,66.25,64.5
1992-02-04 00:00:00+00:00,66.25,65.0
1992-02-05 00:00:00+00:00,66.75,65.12
1992-02-06 00:00:00+00:00,66.0,64.0
1992-02-07 00:00:00+00:00,64.75,62.75
1992-02-10 00:00:00+00:00,64.25,63.0
1992-02-11 00:00:00+00:00,63.75,62.25
1992-02-12 00:00:00+00:00,65.5,63.0
1992-02-13 00:00:00+00:00,65.25,63.75
1992-02-14 00:00:00+00:00,64.25,63.25
1992-02-18 00:00:00+00:00,64.5,62.75
1992-02-19 00:00:00+00:00,63.0,61.75
1992-02-20 00:00:00+00:00,64.75,62.25
1992-02-21 00:00:00+00:00,65.5,64.5
1992-02-24 00:00:00+00:00,66.5,65.75
1992-02-25 00:00:00+00:00,68.5,65.25
1992-02-26 00:00:00+00:00,70.0,68.25
1992-02-27 00:00:00+00:00,70.0,68.0
1992-02-28 00:00:00+00:00,69.0,67.0
1992-03-02 00:00:00+00:00,68.5,67.25
1992-03-03 00:00:00+00:00,68.0,66.25
1992-03-04 00:00:00+00:00,66.75,64.75
1992-03-05 00:00:00+00:00,65.5,63.0
1992-03-06 00:00:00+00:00,64.0,63.0
1992-03-09 00:00:00+00:00,64.25,63.5
1992-03-10 00:00:00+00:00,64.75,63.75
1992-03-11 00:00:00+00:00,64.25,63.0
1992-03-12 00:00:00+00:00,63.75,61.5
1992-03-13 00:00:00+00:00,63.75,62.0
1992-03-16 00:00:00+00:00,63.5,61.75
1992-03-17 00:00:00+00:00,63.75,62.75
1992-03-18 00:00:00+00:00,64.0,63.0
1992-03-19 00:00:00+00:00,63.75,62.75
1992-03-20 00:00:00+00:00,63.25,63.0
1992-03-23 00:00:00+00:00,63.75,63.0
1992-03-24 00:00:00+00:00,65.0,63.25
1992-03-25 00:00:00+00:00,65.0,64.25
1992-03-26 00:00:00+00:00,65.25,63.75
1992-03-27 00:00:00+00:00,64.0,60.5
1992-03-30 00:00:00+00:00,61.25,57.75
1992-03-31 00:00:00+00:00,59.75,58.0
1992-04-01 00:00:00+00:00,59.25,57.25
1992-04-02 00:00:00+00:00,59.5,58.38
1992-04-03 00:00:00+00:00,59.25,58.5
1992-04-06 00:00:00+00:00,61.0,59.0
1992-04-07 00:00:00+00:00,61.25,57.25
1992-04-08 00:00:00+00:00,57.0,54.75
1992-04-09 00:00:00+00:00,58.25,55.25
1992-04-10 00:00:00+00:00,57.5,55.0
1992-04-13 00:00:00+00:00,56.75,55.25
1992-04-14 00:00:00+00:00,59.25,57.25
1992-04-15 00:00:00+00:00,60.88,57.5
1992-04-16 00:00:00+00:00,60.75,58.5
1992-04-20 00:00:00+00:00,59.0,56.0
1992-04-21 00:00:00+00:00,57.25,56.0
1992-04-22 00:00:00+00:00,58.0,56.25
1992-04-23 00:00:00+00:00,58.25,56.0
1992-04-24 00:00:00+00:00,58.25,56.0
1992-04-27 00:00:00+00:00,56.25,55.0
1992-04-28 00:00:00+00:00,55.75,53.0
1992-04-29 00:00:00+00:00,57.0,54.25
1992-04-30 00:00:00+00:00,60.25,56.5
1992-05-01 00:00:00+00:00,60.75,58.25
1992-05-04 00:00:00+00:00,61.25,59.25
1992-05-05 00:00:00+00:00,60.63,59.5
1992-05-06 00:00:00+00:00,62.13,60.5
1992-05-07 00:00:00+00:00,62.25,60.5
1992-05-08 00:00:00+00:00,62.88,61.0
1992-05-11 00:00:00+00:00,62.75,61.5
1992-05-12 00:00:00+00:00,63.0,61.75
1992-05-13 00:00:00+00:00,63.25,62.25
1992-05-14 00:00:00+00:00,63.0,60.25
1992-05-15 00:00:00+00:00,61.25,60.5
1992-05-18 00:00:00+00:00,61.5,60.0
1992-05-19 00:00:00+00:00,60.75,59.0
1992-05-20 00:00:00+00:00,60.25,59.25
1992-05-21 00:00:00+00:00,60.25,58.75
1992-05-22 00:00:00+00:00,59.75,59.0
1992-05-26 00:00:00+00:00,59.75,58.75
1992-05-27 00:00:00+00:00,60.25,59.0
1992-05-28 00:00:00+00:00,60.25,59.0
1992-05-29 00:00:00+00:00,60.63,59.5
1992-06-01 00:00:00+00:00,59.5,56.0
1992-06-02 00:00:00+00:00,57.5,56.25
1992-06-03 00:00:00+00:00,56.5,54.0
1992-06-04 00:00:00+00:00,54.75,53.5
1992-06-05 00:00:00+00:00,55.25,54.25
1992-06-08 00:00:00+00:00,55.0,54.0
1992-06-09 00:00:00+00:00,54.25,53.5
1992-06-10 00:00:00+00:00,54.75,53.5
1992-06-11 00:00:00+00:00,54.25,53.5
1992-06-12 00:00:00+00:00,55.0,54.25
1992-06-15 00:00:00+00:00,54.0,52.5
1992-06-16 00:00:00+00:00,52.0,48.75
1992-06-17 00:00:00+00:00,49.25,47.0
1992-06-18 00:00:00+00:00,49.0,44.75
1992-06-19 00:00:00+00:00,46.0,43.75
1992-06-22 00:00:00+00:00,44.75,42.75
1992-06-23 00:00:00+00:00,45.5,44.5
1992-06-24 00:00:00+00:00,46.0,45.25
1992-06-25 00:00:00+00:00,46.5,45.25
1992-06-26 00:00:00+00:00,46.0,44.5
1992-06-29 00:00:00+00:00,47.13,45.25
1992-06-30 00:00:00+00:00,48.25,46.5
1992-07-01 00:00:00+00:00,49.5,47.75
1992-07-02 00:00:00+00:00,49.0,45.75
1992-07-06 00:00:00+00:00,46.75,45.5
1992-07-07 00:00:00+00:00,46.25,43.5
1992-07-08 00:00:00+00:00,45.75,44.0
1992-07-09 00:00:00+00:00,46.5,45.75
1992-07-10 00:00:00+00:00,46.25,44.88
1992-07-13 00:00:00+00:00,47.13,45.25
1992-07-14 00:00:00+00:00,48.0,47.0
1992-07-15 00:00:00+00:00,49.0,47.25
1992-07-16 00:00:00+00:00,49.0,47.25
1992-07-17 00:00:00+00:00,46.0,44.63
1992-07-20 00:00:00+00:00,45.25,44.0
1992-07-21 00:00:00+00:00,46.25,45.0
1992-07-22 00:00:00+00:00,45.5,44.0
1992-07-23 00:00:00+00:00,44.75,43.75
1992-07-24 00:00:00+00:00,46.25,44.0
1992-07-27 00:00:00+00:00,46.5,45.25
1992-07-28 00:00:00+00:00,46.5,45.25
1992-07-29 00:00:00+00:00,47.75,46.5
1992-07-30 00:00:00+00:00,47.5,46.75
1992-07-31 00:00:00+00:00,47.5,46.75
1992-08-03 00:00:00+00:00,47.25,45.5
1992-08-04 00:00:00+00:00,45.75,44.75
1992-08-05 00:00:00+00:00,45.5,44.5
1992-08-06 00:00:00+00:00,44.5,42.75
1992-08-07 00:00:00+00:00,43.75,41.5
1992-08-10 00:00:00+00:00,44.5,43.0
1992-08-11 00:00:00+00:00,44.5,43.0
1992-08-12 00:00:00+00:00,44.25,43.25
1992-08-13 00:00:00+00:00,45.5,44.25
1992-08-14 00:00:00+00:00,45.25,44.5
1992-08-17 00:00:00+00:00,44.75,43.75
1992-08-18 00:00:00+00:00,45.25,44.5
1992-08-19 00:00:00+00:00,45.25,44.5
1992-08-20 00:00:00+00:00,45.0,44.25
1992-08-21 00:00:00+00:00,45.25,44.0
1992-08-24 00:00:00+00:00,44.75,43.25
1992-08-25 00:00:00+00:00,44.5,43.25
1992-08-26 00:00:00+00:00,44.5,43.25
1992-08-27 00:00:00+00:00,45.13,44.25
1992-08-28 00:00:00+00:00,45.25,44.0
1992-08-31 00:00:00+00:00,46.25,44.75
1992-09-01 00:00:00+00:00,46.5,45.75
1992-09-02 00:00:00+00:00,48.75,46.5
1992-09-03 00:00:00+00:00,49.25,47.75
1992-09-04 00:00:00+00:00,48.25,46.75
1992-09-08 00:00:00+00:00,48.0,46.5
1992-09-09 00:00:00+00:00,49.25,47.75
1992-09-10 00:00:00+00:00,49.5,47.5
1992-09-11 00:00:00+00:00,49.25,47.5
1992-09-14 00:00:00+00:00,50.0,48.5
1992-09-15 00:00:00+00:00,49.25,47.75
1992-09-16 00:00:00+00:00,48.25,46.5
1992-09-17 00:00:00+00:00,47.25,45.38
1992-09-18 00:00:00+00:00,46.88,45.25
1992-09-21 00:00:00+00:00,47.75,46.25
1992-09-22 00:00:00+00:00,46.75,45.25
1992-09-23 00:00:00+00:00,47.5,45.5
1992-09-24 00:00:00+00:00,47.75,46.25
1992-09-25 00:00:00+00:00,46.5,45.25
1992-09-28 00:00:00+00:00,45.0,43.75
1992-09-29 00:00:00+00:00,45.5,44.0
1992-09-30 00:00:00+00:00,45.5,44.5
1992-10-01 00:00:00+00:00,45.13,44.25
1992-10-02 00:00:00+00:00,44.75,43.0
1992-10-05 00:00:00+00:00,43.75,41.5
1992-10-06 00:00:00+00:00,45.0,42.75
1992-10-07 00:00:00+00:00,45.25,43.5
1992-10-08 00:00:00+00:00,44.25,43.0
1992-10-09 00:00:00+00:00,44.0,43.0
1992-10-12 00:00:00+00:00,44.25,43.25
1992-10-13 00:00:00+00:00,46.0,44.0
1992-10-14 00:00:00+00:00,46.25,45.0
1992-10-15 00:00:00+00:00,46.0,45.25
1992-10-16 00:00:00+00:00,49.5,46.5
1992-10-19 00:00:00+00:00,49.25,48.5
1992-10-20 00:00:00+00:00,50.0,48.5
1992-10-21 00:00:00+00:00,49.5,48.0
1992-10-22 00:00:00+00:00,49.25,48.25
1992-10-23 00:00:00+00:00,49.5,48.25
1992-10-26 00:00:00+00:00,51.5,48.5
1992-10-27 00:00:00+00:00,52.5,51.0
1992-10-28 00:00:00+00:00,52.75,50.75
1992-10-29 00:00:00+00:00,54.0,51.5
1992-10-30 00:00:00+00:00,53.5,52.0
1992-11-02 00:00:00+00:00,52.75,51.75
1992-11-03 00:00:00+00:00,52.5,51.5
1992-11-04 00:00:00+00:00,52.75,52.0
1992-11-05 00:00:00+00:00,55.0,52.5
1992-11-06 00:00:00+00:00,56.5,54.75
1992-11-09 00:00:00+00:00,56.0,54.75
1992-11-10 00:00:00+00:00,56.5,54.75
1992-11-11 00:00:00+00:00,58.25,56.25
1992-11-12 00:00:00+00:00,57.5,56.38
1992-11-13 00:00:00+00:00,57.25,56.0
1992-11-16 00:00:00+00:00,57.75,56.0
1992-11-17 00:00:00+00:00,57.5,54.88
1992-11-18 00:00:00+00:00,58.25,55.5
1992-11-19 00:00:00+00:00,59.5,57.75
1992-11-20 00:00:00+00:00,58.75,57.0
1992-11-23 00:00:00+00:00,57.0,56.25
1992-11-24 00:00:00+00:00,57.5,56.5
1992-11-25 00:00:00+00:00,57.25,56.0
1992-11-27 00:00:00+00:00,57.25,56.25
1992-11-30 00:00:00+00:00,57.5,55.63
1992-12-01 00:00:00+00:00,59.0,56.75
1992-12-02 00:00:00+00:00,58.5,57.0
1992-12-03 00:00:00+00:00,57.63,56.13
1992-12-04 00:00:00+00:00,57.5,56.5
1992-12-07 00:00:00+00:00,57.75,56.75
1992-12-08 00:00:00+00:00,58.75,57.75
1992-12-09 00:00:00+00:00,58.0,57.25
1992-12-10 00:00:00+00:00,57.63,56.5
1992-12-11 00:00:00+00:00,58.25,57.25
1992-12-14 00:00:00+00:00,57.75,56.75
1992-12-15 00:00:00+00:00,57.0,55.5
1992-12-16 00:00:00+00:00,57.0,54.5
1992-12-17 00:00:00+00:00,57.5,55.25
1992-12-18 00:00:00+00:00,59.25,57.25
1992-12-21 00:00:00+00:00,60.0,58.0
1992-12-22 00:00:00+00:00,61.25,59.75
1992-12-23 00:00:00+00:00,60.5,59.25
1992-12-24 00:00:00+00:00,60.0,59.0
1992-12-28 00:00:00+00:00,59.75,59.25
1992-12-29 00:00:00+00:00,60.75,59.5
1992-12-30 00:00:00+00:00,59.75,58.75
1992-12-31 00:00:00+00:00,60.0,58.75
1993-01-04 00:00:00+00:00,60.0,57.75
1993-01-05 00:00:00+00:00,59.25,57.25
1993-01-06 00:00:00+00:00,62.0,60.5
1993-01-07 00:00:00+00:00,62.5,60.63
1993-01-08 00:00:00+00:00,63.0,59.75
1993-01-11 00:00:00+00:00,64.37,61.75
1993-01-12 00:00:00+00:00,63.75,61.5
1993-01-13 00:00:00+00:00,64.0,61.25
1993-01-14 00:00:00+00:00,65.25,63.75
1993-01-15 00:00:00+00:00,62.25,60.0
1993-01-18 00:00:00+00:00,60.0,58.0
1993-01-19 00:00:00+00:00,60.5,59.25
1993-01-20 00:00:00+00:00,60.25,59.5
1993-01-21 00:00:00+00:00,60.25,58.75
1993-01-22 00:00:00+00:00,60.25,59.0
1993-01-25 00:00:00+00:00,60.5,59.25
1993-01-26 00:00:00+00:00,62.0,60.5
1993-01-27 00:00:00+00:00,61.75,58.75
1993-01-28 00:00:00+00:00,60.25,59.25
1993-01-29 00:00:00+00:00,61.25,59.0
1993-02-01 00:00:00+00:00,61.25,59.25
1993-02-02 00:00:00+00:00,61.5,60.25
1993-02-03 00:00:00+00:00,61.0,58.5
1993-02-04 00:00:00+00:00,60.25,59.0
1993-02-05 00:00:00+00:00,59.5,56.25
1993-02-08 00:00:00+00:00,57.5,55.5
1993-02-09 00:00:00+00:00,57.38,56.5
1993-02-10 00:00:00+00:00,57.25,55.0
1993-02-11 00:00:00+00:00,56.25,55.0
1993-02-12 00:00:00+00:00,55.5,53.75
1993-02-16 00:00:00+00:00,53.5,51.5
1993-02-17 00:00:00+00:00,54.0,52.0
1993-02-18 00:00:00+00:00,55.25,53.5
1993-02-19 00:00:00+00:00,55.5,54.75
1993-02-22 00:00:00+00:00,56.0,54.75
1993-02-23 00:00:00+00:00,55.25,54.0
1993-02-24 00:00:00+00:00,53.88,52.13
1993-02-25 00:00:00+00:00,54.75,53.25
1993-02-26 00:00:00+00:00,54.25,52.25
1993-03-01 00:00:00+00:00,53.5,52.75
1993-03-02 00:00:00+00:00,54.5,53.0
1993-03-03 00:00:00+00:00,55.0,53.25
1993-03-04 00:00:00+00:00,55.25,53.5
1993-03-05 00:00:00+00:00,55.75,54.75
1993-03-08 00:00:00+00:00,56.75,55.0
1993-03-09 00:00:00+00:00,57.5,56.5
1993-03-10 00:00:00+00:00,57.25,56.0
1993-03-11 00:00:00+00:00,57.25,56.25
1993-03-12 00:00:00+00:00,56.75,55.5
1993-03-15 00:00:00+00:00,57.25,55.38
1993-03-16 00:00:00+00:00,57.75,56.5
1993-03-17 00:00:00+00:00,57.0,55.0
1993-03-18 00:00:00+00:00,55.63,54.5
1993-03-19 00:00:00+00:00,55.25,53.5
1993-03-22 00:00:00+00:00,53.88,52.75
1993-03-23 00:00:00+00:00,54.0,52.63
1993-03-24 00:00:00+00:00,54.25,52.5
1993-03-25 00:00:00+00:00,54.75,53.5
1993-03-26 00:00:00+00:00,54.75,52.5
1993-03-29 00:00:00+00:00,52.5,50.75
1993-03-30 00:00:00+00:00,52.25,50.25
1993-03-31 00:00:00+00:00,52.75,51.25
1993-04-01 00:00:00+00:00,52.0,51.0
1993-04-02 00:00:00+00:00,51.25,49.5
1993-04-05 00:00:00+00:00,50.5,49.5
1993-04-06 00:00:00+00:00,50.25,48.75
1993-04-07 00:00:00+00:00,50.75,48.5
1993-04-08 00:00:00+00:00,50.5,49.0
1993-04-12 00:00:00+00:00,51.0,49.5
1993-04-13 00:00:00+00:00,51.25,48.25
1993-04-14 00:00:00+00:00,48.75,47.63
1993-04-15 00:00:00+00:00,48.25,46.75
1993-04-16 00:00:00+00:00,48.75,47.38
1993-04-19 00:00:00+00:00,49.5,48.25
1993-04-20 00:00:00+00:00,50.25,48.25
1993-04-21 00:00:00+00:00,50.75,49.25
1993-04-22 00:00:00+00:00,50.5,49.0
1993-04-23 00:00:00+00:00,50.25,48.75
1993-04-26 00:00:00+00:00,49.75,48.5
1993-04-27 00:00:00+00:00,50.25,48.75
1993-04-28 00:00:00+00:00,52.0,49.75
1993-04-29 00:00:00+00:00,51.75,50.13
1993-04-30 00:00:00+00:00,52.5,50.75
1993-05-03 00:00:00+00:00,52.0,51.0
1993-05-04 00:00:00+00:00,54.25,52.0
1993-05-05 00:00:00+00:00,55.5,53.0
1993-05-06 00:00:00+00:00,54.75,53.5
1993-05-07 00:00:00+00:00,54.75,53.5
1993-05-10 00:00:00+00:00,55.88,55.0
1993-05-11 00:00:00+00:00,55.25,54.0
1993-05-12 00:00:00+00:00,54.75,53.0
1993-05-13 00:00:00+00:00,55.75,53.5
1993-05-14 00:00:00+00:00,56.0,55.0
1993-05-17 00:00:00+00:00,56.0,55.0
1993-05-18 00:00:00+00:00,56.25,55.0
1993-05-19 00:00:00+00:00,57.5,54.5
1993-05-20 00:00:00+00:00,59.0,57.25
1993-05-21 00:00:00+00:00,59.13,56.75
1993-05-24 00:00:00+00:00,58.75,56.75
1993-05-25 00:00:00+00:00,57.5,55.75
1993-05-26 00:00:00+00:00,57.75,55.38
1993-05-27 00:00:00+00:00,58.5,57.25
1993-05-28 00:00:00+00:00,57.5,56.25
1993-06-01 00:00:00+00:00,57.75,56.5
1993-06-02 00:00:00+00:00,58.25,56.0
1993-06-03 00:00:00+00:00,57.25,56.0
1993-06-04 00:00:00+00:00,56.25,54.5
1993-06-07 00:00:00+00:00,54.75,50.38
1993-06-08 00:00:00+00:00,50.0,48.0
1993-06-09 00:00:00+00:00,45.63,44.0
1993-06-10 00:00:00+00:00,44.75,42.75
1993-06-11 00:00:00+00:00,45.25,43.38
1993-06-14 00:00:00+00:00,44.75,43.5
1993-06-15 00:00:00+00:00,45.25,41.88
1993-06-16 00:00:00+00:00,43.25,41.5
1993-06-17 00:00:00+00:00,42.5,40.5
1993-06-18 00:00:00+00:00,42.13,39.75
1993-06-21 00:00:00+00:00,40.5,39.5
1993-06-22 00:00:00+00:00,42.0,39.75
1993-06-23 00:00:00+00:00,41.75,40.0
1993-06-24 00:00:00+00:00,41.75,40.0
1993-06-25 00:00:00+00:00,40.75,39.5
1993-06-28 00:00:00+00:00,40.5,38.75
1993-06-29 00:00:00+00:00,40.25,38.5
1993-06-30 00:00:00+00:00,39.75,38.5
1993-07-01 00:00:00+00:00,39.75,38.0
1993-07-02 00:00:00+00:00,38.75,37.75
1993-07-06 00:00:00+00:00,39.0,37.5
1993-07-07 00:00:00+00:00,37.88,36.25
1993-07-08 00:00:00+00:00,37.5,36.25
1993-07-09 00:00:00+00:00,37.25,36.5
1993-07-12 00:00:00+00:00,38.13,36.25
1993-07-13 00:00:00+00:00,38.75,37.0
1993-07-14 00:00:00+00:00,37.5,35.75
1993-07-15 00:00:00+00:00,37.75,35.25
1993-07-16 00:00:00+00:00,29.62,26.5
1993-07-19 00:00:00+00:00,28.75,25.5
1993-07-20 00:00:00+00:00,27.75,25.75
1993-07-21 00:00:00+00:00,26.75,25.5
1993-07-22 00:00:00+00:00,27.0,25.75
1993-07-23 00:00:00+00:00,27.5,26.0
1993-07-26 00:00:00+00:00,27.5,26.0
1993-07-27 00:00:00+00:00,27.5,26.25
1993-07-28 00:00:00+00:00,27.0,26.25
1993-07-29 00:00:00+00:00,27.5,26.75
1993-07-30 00:00:00+00:00,28.25,27.0
1993-08-02 00:00:00+00:00,29.25,28.0
1993-08-03 00:00:00+00:00,29.25,28.75
1993-08-04 00:00:00+00:00,30.5,29.0
1993-08-05 00:00:00+00:00,30.75,29.0
1993-08-06 00:00:00+00:00,30.25,29.25
1993-08-09 00:00:00+00:00,30.25,29.0
1993-08-10 00:00:00+00:00,29.75,28.25
1993-08-11 00:00:00+00:00,28.5,27.0
1993-08-12 00:00:00+00:00,27.75,26.0
1993-08-13 00:00:00+00:00,27.75,26.25
1993-08-16 00:00:00+00:00,28.0,27.25
1993-08-17 00:00:00+00:00,28.5,27.25
1993-08-18 00:00:00+00:00,29.75,28.25
1993-08-19 00:00:00+00:00,28.75,27.5
1993-08-20 00:00:00+00:00,28.0,27.0
1993-08-23 00:00:00+00:00,28.75,27.5
1993-08-24 00:00:00+00:00,28.75,27.75
1993-08-25 00:00:00+00:00,28.25,26.75
1993-08-26 00:00:00+00:00,27.25,26.5
1993-08-27 00:00:00+00:00,27.0,26.25
1993-08-30 00:00:00+00:00,26.5,25.87
1993-08-31 00:00:00+00:00,26.75,26.0
1993-09-01 00:00:00+00:00,26.75,25.75
1993-09-02 00:00:00+00:00,26.25,25.25
1993-09-03 00:00:00+00:00,26.0,25.25
1993-09-07 00:00:00+00:00,27.0,25.75
1993-09-08 00:00:00+00:00,27.0,26.0
1993-09-09 00:00:00+00:00,27.0,26.0
1993-09-10 00:00:00+00:00,26.25,25.37
1993-09-13 00:00:00+00:00,26.5,24.75
1993-09-14 00:00:00+00:00,25.0,24.0
1993-09-15 00:00:00+00:00,25.0,23.5
1993-09-16 00:00:00+00:00,25.0,24.25
1993-09-17 00:00:00+00:00,25.5,24.25
1993-09-20 00:00:00+00:00,25.5,24.75
1993-09-21 00:00:00+00:00,25.25,23.87
1993-09-22 00:00:00+00:00,25.5,24.25
1993-09-23 00:00:00+00:00,25.5,24.5
1993-09-24 00:00:00+00:00,25.25,24.5
1993-09-27 00:00:00+00:00,25.25,24.25
1993-09-28 00:00:00+00:00,25.0,24.25
1993-09-29 00:00:00+00:00,24.87,23.75
1993-09-30 00:00:00+00:00,24.0,23.0
1993-10-01 00:00:00+00:00,23.0,22.5
1993-10-04 00:00:00+00:00,23.0,22.0
1993-10-05 00:00:00+00:00,24.0,23.0
1993-10-06 00:00:00+00:00,24.0,23.37
1993-10-07 00:00:00+00:00,23.75,22.75
1993-10-08 00:00:00+00:00,23.25,22.25
1993-10-11 00:00:00+00:00,24.0,22.75
1993-10-12 00:00:00+00:00,25.0,23.75
1993-10-13 00:00:00+00:00,24.25,23.5
1993-10-14 00:00:00+00:00,24.5,23.5
1993-10-15 00:00:00+00:00,28.5,26.75
1993-10-18 00:00:00+00:00,28.75,27.75
1993-10-19 00:00:00+00:00,28.5,27.25
1993-10-20 00:00:00+00:00,28.25,27.25
1993-10-21 00:00:00+00:00,31.25,27.25
1993-10-22 00:00:00+00:00,31.5,29.75
1993-10-25 00:00:00+00:00,30.5,29.62
1993-10-26 00:00:00+00:00,30.0,29.0
1993-10-27 00:00:00+00:00,32.25,29.75
1993-10-28 00:00:00+00:00,32.25,31.0
1993-10-29 00:00:00+00:00,31.75,30.5
1993-11-01 00:00:00+00:00,31.5,30.25
1993-11-02 00:00:00+00:00,33.0,31.0
1993-11-03 00:00:00+00:00,33.0,31.0
1993-11-04 00:00:00+00:00,32.25,30.75
1993-11-05 00:00:00+00:00,32.25,30.75
1993-11-08 00:00:00+00:00,32.13,30.5
1993-11-09 00:00:00+00:00,31.25,29.75
1993-11-10 00:00:00+00:00,30.75,30.0
1993-11-11 00:00:00+00:00,32.0,30.5
1993-11-12 00:00:00+00:00,32.0,30.5
1993-11-15 00:00:00+00:00,32.75,31.5
1993-11-16 00:00:00+00:00,34.25,31.75
1993-11-17 00:00:00+00:00,35.0,32.75
1993-11-18 00:00:00+00:00,33.75,33.0
1993-11-19 00:00:00+00:00,33.5,32.5
1993-11-22 00:00:00+00:00,33.0,32.25
1993-11-23 00:00:00+00:00,33.0,31.25
1993-11-24 00:00:00+00:00,33.5,32.63
1993-11-26 00:00:00+00:00,33.0,32.25
1993-11-29 00:00:00+00:00,32.5,31.5
1993-11-30 00:00:00+00:00,32.63,31.5
1993-12-01 00:00:00+00:00,32.25,31.25
1993-12-02 00:00:00+00:00,32.0,31.0
1993-12-03 00:00:00+00:00,32.0,31.0
1993-12-06 00:00:00+00:00,32.5,31.25
1993-12-07 00:00:00+00:00,32.25,31.5
1993-12-08 00:00:00+00:00,32.25,31.5
1993-12-09 00:00:00+00:00,32.0,29.75
1993-12-10 00:00:00+00:00,30.5,27.75
1993-12-13 00:00:00+00:00,29.5,27.75
1993-12-14 00:00:00+00:00,29.75,29.0
1993-12-15 00:00:00+00:00,29.75,29.0
1993-12-16 00:00:00+00:00,29.75,29.0
1993-12-17 00:00:00+00:00,29.75,29.12
1993-12-20 00:00:00+00:00,29.75,28.25
1993-12-21 00:00:00+00:00,28.75,27.25
1993-12-22 00:00:00+00:00,28.5,27.0
1993-12-23 00:00:00+00:00,27.25,26.5
1993-12-27 00:00:00+00:00,28.75,27.25
1993-12-28 00:00:00+00:00,29.5,28.5
1993-12-29 00:00:00+00:00,29.25,28.5
1993-12-30 00:00:00+00:00,30.25,28.5
1993-12-31 00:00:00+00:00,30.25,29.25
1994-01-03 00:00:00+00:00,30.0,29.0
1994-01-04 00:00:00+00:00,31.5,30.0
1994-01-05 00:00:00+00:00,33.88,31.75
1994-01-06 00:00:00+00:00,34.0,32.5
1994-01-07 00:00:00+00:00,33.25,31.25
1994-01-10 00:00:00+00:00,33.88,32.75
1994-01-11 00:00:00+00:00,33.75,31.75
1994-01-12 00:00:00+00:00,32.25,30.5
1994-01-13 00:00:00+00:00,30.75,29.75
1994-01-14 00:00:00+00:00,31.75,30.5
1994-01-17 00:00:00+00:00,31.5,30.0
1994-01-18 00:00:00+00:00,30.25,29.0
1994-01-19 00:00:00+00:00,29.75,28.75
1994-01-20 00:00:00+00:00,30.75,29.5
1994-01-21 00:00:00+00:00,33.5,32.25
1994-01-24 00:00:00+00:00,35.25,33.25
1994-01-25 00:00:00+00:00,35.0,33.25
1994-01-26 00:00:00+00:00,34.0,33.25
1994-01-27 00:00:00+00:00,34.25,33.0
1994-01-28 00:00:00+00:00,34.75,33.75
1994-01-31 00:00:00+00:00,33.75,32.75
1994-02-01 00:00:00+00:00,33.5,32.25
1994-02-02 00:00:00+00:00,33.25,32.5
1994-02-03 00:00:00+00:00,33.63,32.5
1994-02-04 00:00:00+00:00,35.0,33.25
1994-02-07 00:00:00+00:00,37.13,33.5
1994-02-08 00:00:00+00:00,36.5,35.25
1994-02-09 00:00:00+00:00,36.5,35.25
1994-02-10 00:00:00+00:00,37.5,36.0
1994-02-11 00:00:00+00:00,37.5,36.25
1994-02-14 00:00:00+00:00,38.0,36.75
1994-02-15 00:00:00+00:00,37.5,36.25
1994-02-16 00:00:00+00:00,37.5,36.75
1994-02-17 00:00:00+00:00,37.88,36.25
1994-02-18 00:00:00+00:00,37.0,36.25
1994-02-22 00:00:00+00:00,37.5,35.75
1994-02-23 00:00:00+00:00,38.25,37.0
1994-02-24 00:00:00+00:00,37.25,36.25
1994-02-25 00:00:00+00:00,37.25,35.5
1994-02-28 00:00:00+00:00,37.0,36.0
1994-03-01 00:00:00+00:00,36.75,35.75
1994-03-02 00:00:00+00:00,36.25,34.75
1994-03-03 00:00:00+00:00,36.25,35.5
1994-03-04 00:00:00+00:00,37.5,35.75
1994-03-07 00:00:00+00:00,38.13,36.75
1994-03-08 00:00:00+00:00,38.0,36.75
1994-03-09 00:00:00+00:00,37.5,36.0
1994-03-10 00:00:00+00:00,37.63,36.75
1994-03-11 00:00:00+00:00,37.75,36.75
1994-03-14 00:00:00+00:00,38.5,37.75
1994-03-15 00:00:00+00:00,38.25,37.25
1994-03-16 00:00:00+00:00,37.75,36.5
1994-03-17 00:00:00+00:00,37.0,36.25
1994-03-18 00:00:00+00:00,36.75,35.75
1994-03-21 00:00:00+00:00,36.5,35.25
1994-03-22 00:00:00+00:00,35.5,34.5
1994-03-23 00:00:00+00:00,35.5,34.25
1994-03-24 00:00:00+00:00,35.25,34.0
1994-03-25 00:00:00+00:00,34.75,32.75
1994-03-28 00:00:00+00:00,34.0,32.75
1994-03-29 00:00:00+00:00,33.75,32.25
1994-03-30 00:00:00+00:00,33.25,31.75
1994-03-31 00:00:00+00:00,33.5,31.5
1994-04-04 00:00:00+00:00,33.25,31.75
1994-04-05 00:00:00+00:00,34.25,33.5
1994-04-06 00:00:00+00:00,34.0,32.75
1994-04-07 00:00:00+00:00,33.75,32.75
1994-04-08 00:00:00+00:00,34.0,33.25
1994-04-11 00:00:00+00:00,33.5,32.5
1994-04-12 00:00:00+00:00,33.38,31.75
1994-04-13 00:00:00+00:00,32.5,31.25
1994-04-14 00:00:00+00:00,31.75,30.0
1994-04-15 00:00:00+00:00,31.5,30.0
1994-04-18 00:00:00+00:00,30.5,29.25
1994-04-19 00:00:00+00:00,30.0,28.5
1994-04-20 00:00:00+00:00,30.0,28.0
1994-04-21 00:00:00+00:00,30.5,27.0
1994-04-22 00:00:00+00:00,32.0,28.5
1994-04-25 00:00:00+00:00,31.0,29.5
1994-04-26 00:00:00+00:00,31.5,31.0
1994-04-28 00:00:00+00:00,31.25,29.75
1994-04-29 00:00:00+00:00,30.5,29.75
1994-05-02 00:00:00+00:00,31.25,30.0
1994-05-03 00:00:00+00:00,31.25,29.5
1994-05-04 00:00:00+00:00,33.25,30.5
1994-05-05 00:00:00+00:00,33.75,32.25
1994-05-06 00:00:00+00:00,32.75,31.25
1994-05-09 00:00:00+00:00,32.5,30.75
1994-05-10 00:00:00+00:00,32.0,31.0
1994-05-11 00:00:00+00:00,31.5,29.75
1994-05-12 00:00:00+00:00,30.75,29.5
1994-05-13 00:00:00+00:00,30.5,29.25
1994-05-16 00:00:00+00:00,30.5,29.5
1994-05-17 00:00:00+00:00,29.75,28.75
1994-05-18 00:00:00+00:00,30.75,29.25
1994-05-19 00:00:00+00:00,32.5,30.5
1994-05-20 00:00:00+00:00,32.25,31.0
1994-05-23 00:00:00+00:00,31.25,30.0
1994-05-24 00:00:00+00:00,31.25,30.25
1994-05-25 00:00:00+00:00,31.75,30.0
1994-05-26 00:00:00+00:00,31.5,30.25
1994-05-27 00:00:00+00:00,30.75,29.5
1994-05-31 00:00:00+00:00,29.5,28.5
1994-06-01 00:00:00+00:00,28.62,27.87
1994-06-02 00:00:00+00:00,28.5,27.12
1994-06-03 00:00:00+00:00,28.0,26.75
1994-06-06 00:00:00+00:00,27.75,27.0
1994-06-07 00:00:00+00:00,27.75,27.25
1994-06-08 00:00:00+00:00,27.62,26.0
1994-06-09 00:00:00+00:00,27.0,25.5
1994-06-10 00:00:00+00:00,27.37,26.37
1994-06-13 00:00:00+00:00,27.19,26.37
1994-06-14 00:00:00+00:00,27.37,26.62
1994-06-15 00:00:00+00:00,28.0,26.87
1994-06-16 00:00:00+00:00,27.75,26.12
1994-06-17 00:00:00+00:00,26.75,25.87
1994-06-20 00:00:00+00:00,27.25,26.0
1994-06-21 00:00:00+00:00,27.25,25.75
1994-06-22 00:00:00+00:00,26.75,26.0
1994-06-23 00:00:00+00:00,26.25,24.87
1994-06-24 00:00:00+00:00,26.12,24.75
1994-06-27 00:00:00+00:00,26.25,24.62
1994-06-28 00:00:00+00:00,27.12,25.62
1994-06-29 00:00:00+00:00,27.12,25.87
1994-06-30 00:00:00+00:00,26.87,26.25
1994-07-01 00:00:00+00:00,26.5,25.37
1994-07-05 00:00:00+00:00,26.75,25.62
1994-07-06 00:00:00+00:00,26.5,26.0
1994-07-07 00:00:00+00:00,27.0,25.5
1994-07-08 00:00:00+00:00,27.62,26.5
1994-07-11 00:00:00+00:00,27.37,26.62
1994-07-12 00:00:00+00:00,28.44,26.37
1994-07-13 00:00:00+00:00,30.25,28.5
1994-07-14 00:00:00+00:00,29.75,28.25
1994-07-15 00:00:00+00:00,28.62,27.5
1994-07-18 00:00:00+00:00,29.0,28.0
1994-07-19 00:00:00+00:00,28.75,27.37
1994-07-20 00:00:00+00:00,27.62,26.37
1994-07-21 00:00:00+00:00,28.5,26.5
1994-07-22 00:00:00+00:00,31.97,30.0
1994-07-25 00:00:00+00:00,31.87,30.75
1994-07-26 00:00:00+00:00,32.0,31.12
1994-07-27 00:00:00+00:00,31.37,30.62
1994-07-28 00:00:00+00:00,32.13,30.87
1994-07-29 00:00:00+00:00,34.0,31.87
1994-08-01 00:00:00+00:00,33.75,32.75
1994-08-02 00:00:00+00:00,33.63,32.38
1994-08-03 00:00:00+00:00,33.25,32.13
1994-08-04 00:00:00+00:00,33.75,33.13
1994-08-05 00:00:00+00:00,33.38,32.88
1994-08-08 00:00:00+00:00,34.0,33.0
1994-08-09 00:00:00+00:00,33.88,33.13
1994-08-10 00:00:00+00:00,34.88,33.25
1994-08-11 00:00:00+00:00,35.13,33.88
1994-08-12 00:00:00+00:00,35.13,33.88
1994-08-15 00:00:00+00:00,35.0,34.25
1994-08-16 00:00:00+00:00,34.75,34.0
1994-08-17 00:00:00+00:00,35.38,34.63
1994-08-18 00:00:00+00:00,35.25,34.5
1994-08-19 00:00:00+00:00,35.0,34.25
1994-08-22 00:00:00+00:00,35.0,34.63
1994-08-23 00:00:00+00:00,35.88,34.75
1994-08-24 00:00:00+00:00,35.0,34.38
1994-08-25 00:00:00+00:00,36.38,34.25
1994-08-26 00:00:00+00:00,36.13,35.25
1994-08-29 00:00:00+00:00,36.13,35.25
1994-08-30 00:00:00+00:00,36.38,35.13
1994-08-31 00:00:00+00:00,37.38,35.75
1994-09-01 00:00:00+00:00,35.75,34.63
1994-09-02 00:00:00+00:00,35.5,35.0
1994-09-06 00:00:00+00:00,35.63,35.0
1994-09-07 00:00:00+00:00,36.63,35.38
1994-09-08 00:00:00+00:00,36.25,35.63
1994-09-09 00:00:00+00:00,36.0,35.38
1994-09-12 00:00:00+00:00,35.75,35.38
1994-09-13 00:00:00+00:00,36.25,35.63
1994-09-14 00:00:00+00:00,35.75,35.0
1994-09-15 00:00:00+00:00,36.13,35.13
1994-09-16 00:00:00+00:00,37.25,35.5
1994-09-19 00:00:00+00:00,36.75,35.5
1994-09-20 00:00:00+00:00,35.38,34.38
1994-09-21 00:00:00+00:00,34.63,33.75
1994-09-22 00:00:00+00:00,34.25,33.63
1994-09-23 00:00:00+00:00,34.5,33.88
1994-09-26 00:00:00+00:00,34.5,33.63
1994-09-27 00:00:00+00:00,34.13,33.38
1994-09-28 00:00:00+00:00,34.38,33.63
1994-09-29 00:00:00+00:00,34.38,33.38
1994-09-30 00:00:00+00:00,34.5,33.63
1994-10-03 00:00:00+00:00,33.75,32.5
1994-10-04 00:00:00+00:00,34.0,33.0
1994-10-05 00:00:00+00:00,38.13,33.38
1994-10-06 00:00:00+00:00,37.48,36.0
1994-10-07 00:00:00+00:00,37.06,35.5
1994-10-10 00:00:00+00:00,39.63,37.0
1994-10-11 00:00:00+00:00,41.88,39.38
1994-10-12 00:00:00+00:00,42.63,39.13
1994-10-13 00:00:00+00:00,42.88,40.63
1994-10-14 00:00:00+00:00,42.0,40.88
1994-10-17 00:00:00+00:00,41.5,38.88
1994-10-18 00:00:00+00:00,41.63,40.5
1994-10-19 00:00:00+00:00,42.13,41.0
1994-10-20 00:00:00+00:00,41.81,40.5
1994-10-21 00:00:00+00:00,42.75,40.75
1994-10-24 00:00:00+00:00,43.13,41.88
1994-10-25 00:00:00+00:00,42.63,41.5
1994-10-26 00:00:00+00:00,43.27,42.63
1994-10-27 00:00:00+00:00,43.75,42.5
1994-10-28 00:00:00+00:00,42.88,41.75
1994-10-31 00:00:00+00:00,43.38,41.5
1994-11-01 00:00:00+00:00,43.48,42.38
1994-11-02 00:00:00+00:00,43.25,41.38
1994-11-03 00:00:00+00:00,42.0,41.0
1994-11-04 00:00:00+00:00,41.63,40.0
1994-11-07 00:00:00+00:00,41.25,40.13
1994-11-08 00:00:00+00:00,42.63,40.25
1994-11-09 00:00:00+00:00,43.0,41.0
1994-11-10 00:00:00+00:00,41.88,41.0
1994-11-11 00:00:00+00:00,41.5,41.0
1994-11-14 00:00:00+00:00,42.75,41.25
1994-11-15 00:00:00+00:00,43.0,41.25
1994-11-16 00:00:00+00:00,41.56,40.63
1994-11-17 00:00:00+00:00,41.0,39.88
1994-11-18 00:00:00+00:00,40.5,39.63
1994-11-21 00:00:00+00:00,40.25,38.0
1994-11-22 00:00:00+00:00,39.13,37.25
1994-11-23 00:00:00+00:00,37.88,36.38
1994-11-25 00:00:00+00:00,37.75,36.75
1994-11-28 00:00:00+00:00,38.25,37.31
1994-11-29 00:00:00+00:00,38.5,37.75
1994-11-30 00:00:00+00:00,39.38,37.0
1994-12-01 00:00:00+00:00,37.63,36.0
1994-12-02 00:00:00+00:00,36.75,35.63
1994-12-05 00:00:00+00:00,37.38,36.13
1994-12-06 00:00:00+00:00,38.38,36.88
1994-12-07 00:00:00+00:00,37.81,36.06
1994-12-08 00:00:00+00:00,37.0,35.75
1994-12-09 00:00:00+00:00,36.38,34.75
1994-12-12 00:00:00+00:00,36.75,35.5
1994-12-13 00:00:00+00:00,36.94,36.25
1994-12-14 00:00:00+00:00,38.13,36.5
1994-12-15 00:00:00+00:00,38.38,36.88
1994-12-16 00:00:00+00:00,37.75,36.75
1994-12-19 00:00:00+00:00,39.38,37.25
1994-12-20 00:00:00+00:00,39.25,38.38
1994-12-21 00:00:00+00:00,38.5,37.5
1994-12-22 00:00:00+00:00,38.88,38.25
1994-12-23 00:00:00+00:00,39.38,38.5
1994-12-27 00:00:00+00:00,39.75,38.88
1994-12-28 00:00:00+00:00,39.25,38.25
1994-12-29 00:00:00+00:00,39.88,39.13
1994-12-30 00:00:00+00:00,39.88,38.75
1995-01-03 00:00:00+00:00,38.88,37.88
1995-01-04 00:00:00+00:00,39.63,38.63
1995-01-05 00:00:00+00:00,39.38,38.75
1995-01-06 00:00:00+00:00,43.13,41.13
1995-01-09 00:00:00+00:00,41.88,41.0
1995-01-10 00:00:00+00:00,44.0,41.25
1995-01-11 00:00:00+00:00,48.06,42.69
1995-01-12 00:00:00+00:00,46.38,44.75
1995-01-13 00:00:00+00:00,46.13,44.38
1995-01-16 00:00:00+00:00,45.25,44.25
1995-01-17 00:00:00+00:00,45.5,44.13
1995-01-18 00:00:00+00:00,45.63,44.75
1995-01-19 00:00:00+00:00,46.0,45.0
1995-01-20 00:00:00+00:00,47.0,42.5
1995-01-23 00:00:00+00:00,42.63,41.0
1995-01-24 00:00:00+00:00,42.38,41.38
1995-01-25 00:00:00+00:00,42.0,39.5
1995-01-26 00:00:00+00:00,41.5,39.25
1995-01-27 00:00:00+00:00,40.38,39.0
1995-01-30 00:00:00+00:00,40.5,39.88
1995-01-31 00:00:00+00:00,40.88,40.0
1995-02-01 00:00:00+00:00,40.75,39.88
1995-02-02 00:00:00+00:00,41.88,40.13
1995-02-03 00:00:00+00:00,42.13,40.38
1995-02-06 00:00:00+00:00,40.75,39.5
1995-02-07 00:00:00+00:00,41.0,40.0
1995-02-08 00:00:00+00:00,42.38,40.88
1995-02-09 00:00:00+00:00,43.88,42.13
1995-02-10 00:00:00+00:00,44.19,43.38
1995-02-13 00:00:00+00:00,44.5,43.25
1995-02-14 00:00:00+00:00,44.13,42.63
1995-02-15 00:00:00+00:00,43.5,42.5
1995-02-16 00:00:00+00:00,43.25,42.63
1995-02-17 00:00:00+00:00,43.0,42.5
1995-02-21 00:00:00+00:00,42.75,40.88
1995-02-22 00:00:00+00:00,41.0,40.13
1995-02-23 00:00:00+00:00,41.88,40.0
1995-02-24 00:00:00+00:00,40.38,38.5
1995-02-27 00:00:00+00:00,39.0,38.11
1995-02-28 00:00:00+00:00,39.88,38.0
1995-03-01 00:00:00+00:00,40.13,39.42
1995-03-02 00:00:00+00:00,40.75,39.75
1995-03-03 00:00:00+00:00,40.69,39.5
1995-03-06 00:00:00+00:00,40.0,39.5
1995-03-07 00:00:00+00:00,39.88,38.25
1995-03-08 00:00:00+00:00,40.13,37.75
1995-03-09 00:00:00+00:00,40.38,39.38
1995-03-10 00:00:00+00:00,40.38,39.38
1995-03-13 00:00:00+00:00,39.63,38.0
1995-03-14 00:00:00+00:00,38.25,34.5
1995-03-15 00:00:00+00:00,36.25,34.88
1995-03-16 00:00:00+00:00,36.0,35.0
1995-03-17 00:00:00+00:00,35.5,34.88
1995-03-20 00:00:00+00:00,35.63,35.0
1995-03-21 00:00:00+00:00,36.75,35.25
1995-03-22 00:00:00+00:00,39.5,36.25
1995-03-23 00:00:00+00:00,38.0,36.98
1995-03-24 00:00:00+00:00,37.88,37.25
1995-03-27 00:00:00+00:00,37.63,36.63
1995-03-28 00:00:00+00:00,36.34,34.13
1995-03-29 00:00:00+00:00,34.88,33.88
1995-03-30 00:00:00+00:00,35.5,34.5
1995-03-31 00:00:00+00:00,35.63,34.75
1995-04-03 00:00:00+00:00,35.75,35.13
1995-04-04 00:00:00+00:00,35.88,33.63
1995-04-05 00:00:00+00:00,34.75,33.75
1995-04-06 00:00:00+00:00,38.0,35.53
1995-04-07 00:00:00+00:00,37.13,36.25
1995-04-10 00:00:00+00:00,37.0,36.13
1995-04-11 00:00:00+00:00,37.88,36.63
1995-04-12 00:00:00+00:00,39.63,37.38
1995-04-13 00:00:00+00:00,39.25,37.88
1995-04-17 00:00:00+00:00,39.38,37.88
1995-04-18 00:00:00+00:00,38.63,37.5
1995-04-19 00:00:00+00:00,37.5,35.63
1995-04-20 00:00:00+00:00,38.5,36.63
1995-04-21 00:00:00+00:00,39.5,37.13
1995-04-24 00:00:00+00:00,39.63,38.5
1995-04-25 00:00:00+00:00,39.38,37.25
1995-04-26 00:00:00+00:00,38.75,37.38
1995-04-27 00:00:00+00:00,38.5,37.75
1995-04-28 00:00:00+00:00,38.38,37.5
1995-05-01 00:00:00+00:00,38.75,38.0
1995-05-02 00:00:00+00:00,38.38,37.5
1995-05-03 00:00:00+00:00,38.63,38.0
1995-05-04 00:00:00+00:00,39.88,38.0
1995-05-05 00:00:00+00:00,39.13,38.13
1995-05-08 00:00:00+00:00,41.0,39.75
1995-05-09 00:00:00+00:00,41.38,40.0
1995-05-10 00:00:00+00:00,41.88,40.75
1995-05-11 00:00:00+00:00,41.63,40.38
1995-05-12 00:00:00+00:00,43.69,40.5
1995-05-15 00:00:00+00:00,43.75,42.5
1995-05-16 00:00:00+00:00,44.38,42.5
1995-05-17 00:00:00+00:00,44.38,43.5
1995-05-18 00:00:00+00:00,44.13,43.25
1995-05-19 00:00:00+00:00,43.75,42.63
1995-05-22 00:00:00+00:00,44.13,42.25
1995-05-23 00:00:00+00:00,44.38,43.5
1995-05-24 00:00:00+00:00,44.25,42.88
1995-05-25 00:00:00+00:00,44.0,43.0
1995-05-26 00:00:00+00:00,43.13,42.25
1995-05-30 00:00:00+00:00,42.88,41.5
1995-05-31 00:00:00+00:00,42.13,41.0
1995-06-01 00:00:00+00:00,42.5,41.75
1995-06-02 00:00:00+00:00,42.38,41.5
1995-06-05 00:00:00+00:00,43.5,42.13
1995-06-06 00:00:00+00:00,44.38,43.5
1995-06-07 00:00:00+00:00,44.13,43.13
1995-06-08 00:00:00+00:00,43.38,42.13
1995-06-09 00:00:00+00:00,43.75,43.13
1995-06-12 00:00:00+00:00,44.5,43.88
1995-06-13 00:00:00+00:00,44.63,43.88
1995-06-14 00:00:00+00:00,43.88,43.38
1995-06-15 00:00:00+00:00,43.75,43.38
1995-06-16 00:00:00+00:00,44.0,43.5
1995-06-19 00:00:00+00:00,45.25,43.5
1995-06-20 00:00:00+00:00,47.75,46.0
1995-06-21 00:00:00+00:00,50.13,46.75
1995-06-22 00:00:00+00:00,49.63,48.63
1995-06-23 00:00:00+00:00,49.0,47.75
1995-06-26 00:00:00+00:00,48.5,47.63
1995-06-27 00:00:00+00:00,48.25,46.38
1995-06-28 00:00:00+00:00,47.5,45.38
1995-06-29 00:00:00+00:00,48.13,46.0
1995-06-30 00:00:00+00:00,47.88,46.13
1995-07-03 00:00:00+00:00,47.13,46.25
1995-07-05 00:00:00+00:00,47.88,46.5
1995-07-06 00:00:00+00:00,47.0,45.75
1995-07-07 00:00:00+00:00,49.25,46.75
1995-07-10 00:00:00+00:00,49.88,48.13
1995-07-11 00:00:00+00:00,48.63,47.06
1995-07-12 00:00:00+00:00,48.0,46.13
1995-07-13 00:00:00+00:00,48.75,47.13
1995-07-14 00:00:00+00:00,49.0,47.0
1995-07-17 00:00:00+00:00,49.75,48.63
1995-07-18 00:00:00+00:00,49.56,47.75
1995-07-19 00:00:00+00:00,48.0,45.0
1995-07-20 00:00:00+00:00,47.38,45.0
1995-07-21 00:00:00+00:00,44.88,43.0
1995-07-24 00:00:00+00:00,45.5,43.75
1995-07-25 00:00:00+00:00,46.38,45.63
1995-07-26 00:00:00+00:00,46.25,45.38
1995-07-27 00:00:00+00:00,47.5,45.5
1995-07-28 00:00:00+00:00,47.25,45.0
1995-07-31 00:00:00+00:00,45.63,44.75
1995-08-01 00:00:00+00:00,44.88,43.5
1995-08-02 00:00:00+00:00,45.0,43.75
1995-08-03 00:00:00+00:00,45.63,43.88
1995-08-04 00:00:00+00:00,45.13,43.75
1995-08-07 00:00:00+00:00,44.63,43.13
1995-08-08 00:00:00+00:00,43.75,42.38
1995-08-09 00:00:00+00:00,43.75,42.5
1995-08-10 00:00:00+00:00,43.25,42.63
1995-08-11 00:00:00+00:00,43.13,41.88
1995-08-14 00:00:00+00:00,43.75,42.88
1995-08-15 00:00:00+00:00,44.13,43.13
1995-08-16 00:00:00+00:00,44.5,43.63
1995-08-17 00:00:00+00:00,45.5,44.13
1995-08-18 00:00:00+00:00,45.13,43.75
1995-08-21 00:00:00+00:00,45.38,44.13
1995-08-22 00:00:00+00:00,45.13,44.13
1995-08-23 00:00:00+00:00,45.88,44.63
1995-08-24 00:00:00+00:00,46.25,45.5
1995-08-25 00:00:00+00:00,45.88,44.63
1995-08-28 00:00:00+00:00,45.0,43.0
1995-08-29 00:00:00+00:00,43.25,42.5
1995-08-30 00:00:00+00:00,43.75,43.13
1995-08-31 00:00:00+00:00,43.5,43.0
1995-09-01 00:00:00+00:00,43.5,42.88
1995-09-05 00:00:00+00:00,43.5,42.75
1995-09-06 00:00:00+00:00,44.17,43.5
1995-09-07 00:00:00+00:00,45.31,43.75
1995-09-08 00:00:00+00:00,44.88,44.5
1995-09-11 00:00:00+00:00,45.5,44.25
1995-09-12 00:00:00+00:00,44.88,42.63
1995-09-13 00:00:00+00:00,43.38,42.0
1995-09-14 00:00:00+00:00,41.63,39.75
1995-09-15 00:00:00+00:00,39.88,35.5
1995-09-18 00:00:00+00:00,36.81,35.88
1995-09-19 00:00:00+00:00,37.13,36.13
1995-09-20 00:00:00+00:00,37.38,36.5
1995-09-21 00:00:00+00:00,37.5,36.38
1995-09-22 00:00:00+00:00,37.25,36.38
1995-09-25 00:00:00+00:00,38.27,37.38
1995-09-26 00:00:00+00:00,37.88,37.13
1995-09-27 00:00:00+00:00,37.5,34.75
1995-09-28 00:00:00+00:00,37.88,36.5
1995-09-29 00:00:00+00:00,38.25,36.88
1995-10-02 00:00:00+00:00,38.5,37.5
1995-10-03 00:00:00+00:00,38.5,37.13
1995-10-04 00:00:00+00:00,37.0,36.0
1995-10-05 00:00:00+00:00,36.63,35.88
1995-10-06 00:00:00+00:00,37.0,35.63
1995-10-09 00:00:00+00:00,35.75,34.38
1995-10-10 00:00:00+00:00,35.0,33.63
1995-10-11 00:00:00+00:00,35.63,34.13
1995-10-12 00:00:00+00:00,35.38,34.75
1995-10-13 00:00:00+00:00,36.88,35.5
1995-10-16 00:00:00+00:00,37.0,35.88
1995-10-17 00:00:00+00:00,36.88,35.88
1995-10-18 00:00:00+00:00,39.56,36.75
1995-10-19 00:00:00+00:00,36.13,34.75
1995-10-20 00:00:00+00:00,35.25,34.63
1995-10-23 00:00:00+00:00,35.13,34.75
1995-10-24 00:00:00+00:00,35.5,34.88
1995-10-25 00:00:00+00:00,35.38,34.75
1995-10-26 00:00:00+00:00,35.0,34.5
1995-10-27 00:00:00+00:00,34.88,34.13
1995-10-30 00:00:00+00:00,35.25,34.63
1995-10-31 00:00:00+00:00,36.63,35.13
1995-11-01 00:00:00+00:00,37.13,35.5
1995-11-02 00:00:00+00:00,36.88,36.25
1995-11-03 00:00:00+00:00,36.88,35.88
1995-11-06 00:00:00+00:00,38.75,36.38
1995-11-07 00:00:00+00:00,40.5,37.5
1995-11-08 00:00:00+00:00,41.0,38.75
1995-11-09 00:00:00+00:00,40.0,38.88
1995-11-10 00:00:00+00:00,40.25,38.88
1995-11-13 00:00:00+00:00,41.25,40.0
1995-11-14 00:00:00+00:00,42.5,41.0
1995-11-15 00:00:00+00:00,42.0,40.13
1995-11-16 00:00:00+00:00,41.5,39.5
1995-11-17 00:00:00+00:00,40.38,39.75
1995-11-20 00:00:00+00:00,40.25,38.5
1995-11-21 00:00:00+00:00,38.75,37.88
1995-11-22 00:00:00+00:00,39.25,38.5
1995-11-24 00:00:00+00:00,40.38,38.75
1995-11-27 00:00:00+00:00,40.63,39.38
1995-11-28 00:00:00+00:00,40.13,39.25
1995-11-29 00:00:00+00:00,40.13,39.0
1995-11-30 00:00:00+00:00,39.0,38.0
1995-12-01 00:00:00+00:00,38.25,37.13
1995-12-04 00:00:00+00:00,40.13,39.0
1995-12-05 00:00:00+00:00,39.88,38.25
1995-12-06 00:00:00+00:00,39.88,38.38
1995-12-07 00:00:00+00:00,38.75,37.88
1995-12-08 00:00:00+00:00,39.38,37.88
1995-12-11 00:00:00+00:00,39.63,38.38
1995-12-12 00:00:00+00:00,38.63,38.0
1995-12-13 00:00:00+00:00,39.0,36.75
1995-12-14 00:00:00+00:00,39.38,38.0
1995-12-15 00:00:00+00:00,36.63,34.38
1995-12-18 00:00:00+00:00,35.25,31.87
1995-12-19 00:00:00+00:00,33.25,32.25
1995-12-20 00:00:00+00:00,33.63,32.5
1995-12-21 00:00:00+00:00,32.75,31.62
1995-12-22 00:00:00+00:00,32.88,32.13
1995-12-26 00:00:00+00:00,32.5,31.75
1995-12-27 00:00:00+00:00,33.38,31.87
1995-12-28 00:00:00+00:00,32.75,31.87
1995-12-29 00:00:00+00:00,32.38,31.62
1996-01-02 00:00:00+00:00,32.25,31.75
1996-01-03 00:00:00+00:00,32.88,31.87
1996-01-04 00:00:00+00:00,32.38,31.37
1996-01-05 00:00:00+00:00,34.25,31.37
1996-01-08 00:00:00+00:00,35.5,34.0
1996-01-09 00:00:00+00:00,34.63,32.75
1996-01-10 00:00:00+00:00,34.75,32.25
1996-01-11 00:00:00+00:00,35.0,32.38
1996-01-12 00:00:00+00:00,34.75,33.25
1996-01-15 00:00:00+00:00,34.5,33.38
1996-01-16 00:00:00+00:00,34.75,33.63
1996-01-17 00:00:00+00:00,34.38,33.75
1996-01-18 00:00:00+00:00,33.38,30.37
1996-01-19 00:00:00+00:00,31.75,29.37
1996-01-22 00:00:00+00:00,31.0,29.25
1996-01-23 00:00:00+00:00,34.0,31.0
1996-01-24 00:00:00+00:00,32.25,31.75
1996-01-25 00:00:00+00:00,32.0,30.12
1996-01-26 00:00:00+00:00,31.25,28.62
1996-01-29 00:00:00+00:00,29.75,28.75
1996-01-30 00:00:00+00:00,28.12,26.86
1996-01-31 00:00:00+00:00,28.0,27.37
1996-02-01 00:00:00+00:00,28.37,27.5
1996-02-02 00:00:00+00:00,29.62,28.75
1996-02-05 00:00:00+00:00,29.75,29.0
1996-02-06 00:00:00+00:00,30.0,29.25
1996-02-07 00:00:00+00:00,29.75,27.75
1996-02-08 00:00:00+00:00,28.12,27.5
1996-02-09 00:00:00+00:00,28.5,27.62
1996-02-12 00:00:00+00:00,28.5,28.0
1996-02-13 00:00:00+00:00,28.87,27.87
1996-02-14 00:00:00+00:00,28.25,27.44
1996-02-15 00:00:00+00:00,28.12,27.37
1996-02-16 00:00:00+00:00,28.37,27.5
1996-02-20 00:00:00+00:00,29.5,28.0
1996-02-21 00:00:00+00:00,29.75,29.12
1996-02-22 00:00:00+00:00,30.12,29.62
1996-02-23 00:00:00+00:00,30.25,29.62
1996-02-26 00:00:00+00:00,30.12,29.5
1996-02-27 00:00:00+00:00,29.87,28.5
1996-02-28 00:00:00+00:00,28.87,27.62
1996-02-29 00:00:00+00:00,27.75,27.25
1996-03-01 00:00:00+00:00,27.62,26.62
1996-03-04 00:00:00+00:00,27.37,26.25
1996-03-05 00:00:00+00:00,26.75,26.25
1996-03-06 00:00:00+00:00,26.87,26.12
1996-03-07 00:00:00+00:00,26.37,25.37
1996-03-08 00:00:00+00:00,26.25,25.0
1996-03-11 00:00:00+00:00,26.37,25.75
1996-03-12 00:00:00+00:00,26.37,25.62
1996-03-13 00:00:00+00:00,26.12,25.62
1996-03-14 00:00:00+00:00,25.87,25.5
1996-03-15 00:00:00+00:00,26.0,25.5
1996-03-18 00:00:00+00:00,26.12,25.75
1996-03-19 00:00:00+00:00,26.5,25.62
1996-03-20 00:00:00+00:00,25.75,25.12
1996-03-21 00:00:00+00:00,25.5,25.0
1996-03-22 00:00:00+00:00,25.37,24.87
1996-03-25 00:00:00+00:00,25.75,24.0
1996-03-26 00:00:00+00:00,24.5,23.62
1996-03-27 00:00:00+00:00,25.25,23.0
1996-03-28 00:00:00+00:00,25.62,24.12
1996-03-29 00:00:00+00:00,24.75,23.75
1996-04-01 00:00:00+00:00,25.87,24.52
1996-04-02 00:00:00+00:00,25.62,24.87
1996-04-03 00:00:00+00:00,25.12,24.33
1996-04-04 00:00:00+00:00,24.62,24.0
1996-04-08 00:00:00+00:00,24.5,23.75
1996-04-09 00:00:00+00:00,26.5,24.37
1996-04-10 00:00:00+00:00,26.5,25.87
1996-04-11 00:00:00+00:00,26.25,25.5
1996-04-12 00:00:00+00:00,25.87,25.37
1996-04-15 00:00:00+00:00,25.75,25.0
1996-04-16 00:00:00+00:00,26.0,25.62
1996-04-17 00:00:00+00:00,26.0,25.12
1996-04-18 00:00:00+00:00,25.39,24.25
1996-04-19 00:00:00+00:00,25.12,24.62
1996-04-22 00:00:00+00:00,25.5,24.87
1996-04-23 00:00:00+00:00,25.25,24.62
1996-04-24 00:00:00+00:00,24.75,24.19
1996-04-25 00:00:00+00:00,24.87,24.12
1996-04-26 00:00:00+00:00,25.12,24.62
1996-04-29 00:00:00+00:00,25.0,24.5
1996-04-30 00:00:00+00:00,24.87,24.12
1996-05-01 00:00:00+00:00,24.75,24.12
1996-05-02 00:00:00+00:00,24.5,23.5
1996-05-03 00:00:00+00:00,24.12,23.5
1996-05-06 00:00:00+00:00,25.87,24.75
1996-05-07 00:00:00+00:00,27.37,26.25
1996-05-08 00:00:00+00:00,27.25,25.62
1996-05-09 00:00:00+00:00,26.5,25.75
1996-05-10 00:00:00+00:00,27.37,26.0
1996-05-13 00:00:00+00:00,27.62,26.62
1996-05-14 00:00:00+00:00,28.0,27.5
1996-05-15 00:00:00+00:00,28.87,27.75
1996-05-16 00:00:00+00:00,28.62,27.87
1996-05-17 00:00:00+00:00,28.37,27.5
1996-05-20 00:00:00+00:00,28.12,27.62
1996-05-21 00:00:00+00:00,28.12,27.12
1996-05-22 00:00:00+00:00,27.37,25.75
1996-05-23 00:00:00+00:00,26.62,25.75
1996-05-24 00:00:00+00:00,26.87,26.12
1996-05-28 00:00:00+00:00,27.25,26.37
1996-05-29 00:00:00+00:00,26.25,24.75
1996-05-30 00:00:00+00:00,25.75,24.75
1996-05-31 00:00:00+00:00,26.62,25.5
1996-06-03 00:00:00+00:00,26.0,24.75
1996-06-04 00:00:00+00:00,24.37,23.87
1996-06-05 00:00:00+00:00,25.5,24.25
1996-06-06 00:00:00+00:00,25.25,24.12
1996-06-07 00:00:00+00:00,24.37,23.5
1996-06-10 00:00:00+00:00,24.5,24.0
1996-06-11 00:00:00+00:00,24.25,24.0
1996-06-12 00:00:00+00:00,24.5,24.0
1996-06-13 00:00:00+00:00,24.92,24.0
1996-06-14 00:00:00+00:00,24.75,23.87
1996-06-17 00:00:00+00:00,24.12,23.62
1996-06-18 00:00:00+00:00,23.75,22.62
1996-06-19 00:00:00+00:00,23.37,22.62
1996-06-20 00:00:00+00:00,23.37,22.5
1996-06-21 00:00:00+00:00,22.87,22.37
1996-06-24 00:00:00+00:00,22.62,22.12
1996-06-25 00:00:00+00:00,22.25,20.37
1996-06-26 00:00:00+00:00,20.75,19.62
1996-06-27 00:00:00+00:00,21.0,19.75
1996-06-28 00:00:00+00:00,21.0,20.62
1996-07-01 00:00:00+00:00,21.5,21.0
1996-07-02 00:00:00+00:00,21.5,21.0
1996-07-03 00:00:00+00:00,20.37,19.37
1996-07-05 00:00:00+00:00,19.75,19.25
1996-07-08 00:00:00+00:00,19.87,19.0
1996-07-09 00:00:00+00:00,19.62,19.0
1996-07-10 00:00:00+00:00,19.5,18.75
1996-07-11 00:00:00+00:00,18.87,17.37
1996-07-12 00:00:00+00:00,18.37,17.25
1996-07-15 00:00:00+00:00,18.12,17.12
1996-07-16 00:00:00+00:00,17.37,16.0
1996-07-17 00:00:00+00:00,17.5,16.62
1996-07-18 00:00:00+00:00,21.75,20.36
1996-07-19 00:00:00+00:00,21.0,20.75
1996-07-22 00:00:00+00:00,20.87,20.0
1996-07-23 00:00:00+00:00,20.62,20.25
1996-07-24 00:00:00+00:00,21.0,19.87
1996-07-25 00:00:00+00:00,21.37,20.75
1996-07-26 00:00:00+00:00,22.0,21.12
1996-07-29 00:00:00+00:00,22.5,21.75
1996-07-30 00:00:00+00:00,22.75,21.25
1996-07-31 00:00:00+00:00,22.0,21.25
1996-08-01 00:00:00+00:00,22.0,21.12
1996-08-02 00:00:00+00:00,22.0,21.25
1996-08-05 00:00:00+00:00,21.87,20.87
1996-08-06 00:00:00+00:00,21.5,20.75
1996-08-07 00:00:00+00:00,22.62,21.62
1996-08-08 00:00:00+00:00,22.37,21.87
1996-08-09 00:00:00+00:00,23.37,22.12
1996-08-12 00:00:00+00:00,23.62,22.37
1996-08-13 00:00:00+00:00,23.12,22.37
1996-08-14 00:00:00+00:00,23.0,22.62
1996-08-15 00:00:00+00:00,22.75,22.25
1996-08-16 00:00:00+00:00,22.62,22.12
1996-08-19 00:00:00+00:00,23.62,22.37
1996-08-20 00:00:00+00:00,23.87,23.37
1996-08-21 00:00:00+00:00,23.62,22.87
1996-08-22 00:00:00+00:00,23.25,22.87
1996-08-23 00:00:00+00:00,24.0,23.0
1996-08-26 00:00:00+00:00,24.12,23.5
1996-08-27 00:00:00+00:00,25.0,24.0
1996-08-28 00:00:00+00:00,25.0,24.5
1996-08-29 00:00:00+00:00,24.87,24.37
1996-08-30 00:00:00+00:00,24.75,24.25
1996-09-03 00:00:00+00:00,24.37,23.87
1996-09-04 00:00:00+00:00,24.62,23.87
1996-09-05 00:00:00+00:00,23.75,22.87
1996-09-06 00:00:00+00:00,23.25,22.62
1996-09-09 00:00:00+00:00,22.75,21.87
1996-09-10 00:00:00+00:00,22.12,21.5
1996-09-11 00:00:00+00:00,21.75,21.0
1996-09-12 00:00:00+00:00,21.12,20.25
1996-09-13 00:00:00+00:00,21.25,20.37
1996-09-16 00:00:00+00:00,23.0,21.37
1996-09-17 00:00:00+00:00,23.12,22.5
1996-09-18 00:00:00+00:00,24.12,22.87
1996-09-19 00:00:00+00:00,23.62,23.37
1996-09-20 00:00:00+00:00,23.5,22.75
1996-09-23 00:00:00+00:00,22.87,22.37
1996-09-24 00:00:00+00:00,22.87,22.37
1996-09-25 00:00:00+00:00,22.62,22.0
1996-09-26 00:00:00+00:00,22.5,22.25
1996-09-27 00:00:00+00:00,22.37,22.12
1996-09-30 00:00:00+00:00,22.37,22.12
1996-10-01 00:00:00+00:00,24.75,22.0
1996-10-02 00:00:00+00:00,24.62,23.12
1996-10-03 00:00:00+00:00,23.75,22.37
1996-10-04 00:00:00+00:00,23.12,22.12
1996-10-07 00:00:00+00:00,23.37,22.87
1996-10-08 00:00:00+00:00,24.25,23.25
1996-10-09 00:00:00+00:00,23.62,22.87
1996-10-10 00:00:00+00:00,24.5,23.75
1996-10-11 00:00:00+00:00,24.62,24.0
1996-10-14 00:00:00+00:00,25.37,24.25
1996-10-15 00:00:00+00:00,25.87,25.0
1996-10-16 00:00:00+00:00,26.12,24.62
1996-10-17 00:00:00+00:00,27.75,26.37
1996-10-18 00:00:00+00:00,26.62,26.0
1996-10-21 00:00:00+00:00,26.62,25.5
1996-10-22 00:00:00+00:00,25.62,24.25
1996-10-23 00:00:00+00:00,25.25,24.37
1996-10-24 00:00:00+00:00,25.0,24.5
1996-10-25 00:00:00+00:00,25.0,24.5
1996-10-28 00:00:00+00:00,25.12,24.5
1996-10-29 00:00:00+00:00,24.75,23.12
1996-10-30 00:00:00+00:00,24.0,22.87
1996-10-31 00:00:00+00:00,23.37,22.25
1996-11-01 00:00:00+00:00,24.25,23.12
1996-11-04 00:00:00+00:00,24.5,23.75
1996-11-05 00:00:00+00:00,25.87,24.5
1996-11-06 00:00:00+00:00,25.75,24.87
1996-11-07 00:00:00+00:00,26.0,25.25
1996-11-08 00:00:00+00:00,26.25,25.75
1996-11-11 00:00:00+00:00,26.37,25.87
1996-11-12 00:00:00+00:00,26.25,25.12
1996-11-13 00:00:00+00:00,25.87,25.0
1996-11-14 00:00:00+00:00,25.75,25.37
1996-11-15 00:00:00+00:00,26.0,25.0
1996-11-18 00:00:00+00:00,25.12,24.5
1996-11-19 00:00:00+00:00,25.12,24.62
1996-11-20 00:00:00+00:00,25.37,24.87
1996-11-21 00:00:00+00:00,25.0,24.37
1996-11-22 00:00:00+00:00,25.25,24.5
1996-11-25 00:00:00+00:00,25.5,25.0
1996-11-26 00:00:00+00:00,25.0,24.0
1996-11-27 00:00:00+00:00,24.62,24.12
1996-11-29 00:00:00+00:00,24.62,24.0
1996-12-02 00:00:00+00:00,25.12,23.87
1996-12-03 00:00:00+00:00,25.5,25.0
1996-12-04 00:00:00+00:00,25.37,24.87
1996-12-05 00:00:00+00:00,25.25,25.0
1996-12-06 00:00:00+00:00,25.37,24.0
1996-12-09 00:00:00+00:00,25.37,24.81
1996-12-10 00:00:00+00:00,25.0,24.25
1996-12-11 00:00:00+00:00,24.25,23.75
1996-12-12 00:00:00+00:00,24.25,23.87
1996-12-13 00:00:00+00:00,23.87,23.25
1996-12-16 00:00:00+00:00,23.5,22.5
1996-12-17 00:00:00+00:00,22.5,22.25
1996-12-18 00:00:00+00:00,23.12,22.62
1996-12-19 00:00:00+00:00,23.25,22.25
1996-12-20 00:00:00+00:00,23.62,21.37
1996-12-23 00:00:00+00:00,24.25,23.25
1996-12-24 00:00:00+00:00,23.37,22.87
1996-12-26 00:00:00+00:00,23.25,22.87
1996-12-27 00:00:00+00:00,23.75,22.87
1996-12-30 00:00:00+00:00,23.25,21.75
1996-12-31 00:00:00+00:00,21.5,20.75
1997-01-02 00:00:00+00:00,21.25,20.75
1997-01-03 00:00:00+00:00,22.25,21.0
1997-01-06 00:00:00+00:00,18.34,17.25
1997-01-07 00:00:00+00:00,18.25,17.5
1997-01-08 00:00:00+00:00,18.37,17.37
1997-01-09 00:00:00+00:00,17.87,17.5
1997-01-10 00:00:00+00:00,18.25,17.62
1997-01-13 00:00:00+00:00,18.5,18.12
1997-01-14 00:00:00+00:00,18.37,17.75
1997-01-15 00:00:00+00:00,18.0,17.12
1997-01-16 00:00:00+00:00,17.12,16.62
1997-01-17 00:00:00+00:00,17.12,16.62
1997-01-20 00:00:00+00:00,17.12,16.75
1997-01-21 00:00:00+00:00,17.25,16.87
1997-01-22 00:00:00+00:00,17.5,17.0
1997-01-23 00:00:00+00:00,17.37,17.12
1997-01-24 00:00:00+00:00,17.25,16.87
1997-01-27 00:00:00+00:00,17.25,16.62
1997-01-28 00:00:00+00:00,17.0,16.5
1997-01-29 00:00:00+00:00,16.75,16.5
1997-01-30 00:00:00+00:00,16.75,16.5
1997-01-31 00:00:00+00:00,16.62,16.5
1997-02-03 00:00:00+00:00,17.0,16.25
1997-02-04 00:00:00+00:00,16.37,15.13
1997-02-05 00:00:00+00:00,15.63,15.25
1997-02-06 00:00:00+00:00,16.12,15.25
1997-02-07 00:00:00+00:00,16.5,15.75
1997-02-10 00:00:00+00:00,16.12,15.63
1997-02-11 00:00:00+00:00,16.0,15.5
1997-02-12 00:00:00+00:00,15.88,15.5
1997-02-13 00:00:00+00:00,16.12,15.5
1997-02-14 00:00:00+00:00,16.37,16.0
1997-02-18 00:00:00+00:00,17.87,16.25
1997-02-19 00:00:00+00:00,17.87,17.12
1997-02-20 00:00:00+00:00,17.62,17.0
1997-02-21 00:00:00+00:00,17.0,16.0
1997-02-24 00:00:00+00:00,16.87,16.25
1997-02-25 00:00:00+00:00,17.37,16.87
1997-02-26 00:00:00+00:00,17.12,16.75
1997-02-27 00:00:00+00:00,17.12,16.75
1997-02-28 00:00:00+00:00,16.87,16.25
1997-03-03 00:00:00+00:00,16.5,16.0
1997-03-04 00:00:00+00:00,16.5,16.0
1997-03-05 00:00:00+00:00,17.0,16.5
1997-03-06 00:00:00+00:00,17.0,16.5
1997-03-07 00:00:00+00:00,16.75,16.37
1997-03-10 00:00:00+00:00,16.75,16.44
1997-03-11 00:00:00+00:00,16.62,16.0
1997-03-12 00:00:00+00:00,16.75,16.12
1997-03-13 00:00:00+00:00,16.37,16.12
1997-03-14 00:00:00+00:00,16.75,16.25
1997-03-17 00:00:00+00:00,16.5,16.0
1997-03-18 00:00:00+00:00,16.5,16.12
1997-03-19 00:00:00+00:00,16.37,15.88
1997-03-20 00:00:00+00:00,17.5,15.88
1997-03-21 00:00:00+00:00,17.5,16.37
1997-03-24 00:00:00+00:00,16.62,16.25
1997-03-25 00:00:00+00:00,16.62,16.08
1997-03-26 00:00:00+00:00,16.87,16.25
1997-03-27 00:00:00+00:00,19.25,17.25
1997-03-31 00:00:00+00:00,19.37,17.25
1997-04-01 00:00:00+00:00,17.81,17.37
1997-04-02 00:00:00+00:00,18.06,17.62
1997-04-03 00:00:00+00:00,19.12,18.25
1997-04-04 00:00:00+00:00,19.62,19.0
1997-04-07 00:00:00+00:00,19.87,19.25
1997-04-08 00:00:00+00:00,19.62,18.62
1997-04-09 00:00:00+00:00,19.25,18.87
1997-04-10 00:00:00+00:00,19.12,18.5
1997-04-11 00:00:00+00:00,18.87,18.12
1997-04-14 00:00:00+00:00,18.87,18.0
1997-04-15 00:00:00+00:00,19.25,18.12
1997-04-16 00:00:00+00:00,19.0,18.37
1997-04-17 00:00:00+00:00,19.12,18.12
1997-04-18 00:00:00+00:00,19.12,18.37
1997-04-21 00:00:00+00:00,18.62,18.0
1997-04-22 00:00:00+00:00,18.5,17.87
1997-04-23 00:00:00+00:00,18.5,18.12
1997-04-24 00:00:00+00:00,18.5,17.75
1997-04-25 00:00:00+00:00,17.87,17.37
1997-04-28 00:00:00+00:00,17.87,17.5
1997-04-29 00:00:00+00:00,18.0,17.5
1997-04-30 00:00:00+00:00,17.25,16.75
1997-05-01 00:00:00+00:00,17.12,16.75
1997-05-02 00:00:00+00:00,17.12,16.75
1997-05-05 00:00:00+00:00,17.12,16.75
1997-05-06 00:00:00+00:00,17.12,16.75
1997-05-07 00:00:00+00:00,17.0,16.37
1997-05-08 00:00:00+00:00,17.12,16.5
1997-05-09 00:00:00+00:00,17.5,17.0
1997-05-12 00:00:00+00:00,17.62,17.0
1997-05-13 00:00:00+00:00,17.87,17.0
1997-05-14 00:00:00+00:00,18.0,17.5
1997-05-15 00:00:00+00:00,18.0,17.5
1997-05-16 00:00:00+00:00,17.62,17.25
1997-05-19 00:00:00+00:00,17.62,17.0
1997-05-20 00:00:00+00:00,17.44,16.75
1997-05-21 00:00:00+00:00,17.12,16.5
1997-05-22 00:00:00+00:00,16.87,16.5
1997-05-23 00:00:00+00:00,17.0,16.62
1997-05-27 00:00:00+00:00,17.37,16.75
1997-05-28 00:00:00+00:00,17.5,17.0
1997-05-29 00:00:00+00:00,17.12,16.62
1997-05-30 00:00:00+00:00,17.0,16.37
1997-06-02 00:00:00+00:00,17.0,16.75
1997-06-03 00:00:00+00:00,16.94,16.62
1997-06-04 00:00:00+00:00,16.75,16.5
1997-06-05 00:00:00+00:00,17.12,16.56
1997-06-06 00:00:00+00:00,16.75,16.5
1997-06-09 00:00:00+00:00,16.94,16.62
1997-06-10 00:00:00+00:00,16.75,16.06
1997-06-11 00:00:00+00:00,16.44,16.25
1997-06-12 00:00:00+00:00,16.37,16.0
1997-06-13 00:00:00+00:00,16.12,15.75
1997-06-16 00:00:00+00:00,15.88,15.38
1997-06-17 00:00:00+00:00,16.5,15.5
1997-06-18 00:00:00+00:00,16.25,15.75
1997-06-19 00:00:00+00:00,16.0,15.69
1997-06-20 00:00:00+00:00,15.75,15.5
1997-06-23 00:00:00+00:00,15.63,15.38
1997-06-24 00:00:00+00:00,15.56,15.25
1997-06-25 00:00:00+00:00,15.38,15.0
1997-06-26 00:00:00+00:00,15.13,14.63
1997-06-27 00:00:00+00:00,14.81,14.63
1997-06-30 00:00:00+00:00,14.75,14.0
1997-07-01 00:00:00+00:00,14.0,13.13
1997-07-02 00:00:00+00:00,13.38,13.0
1997-07-03 00:00:00+00:00,13.88,13.0
1997-07-07 00:00:00+00:00,14.25,13.75
1997-07-08 00:00:00+00:00,14.0,13.69
1997-07-09 00:00:00+00:00,13.88,13.63
1997-07-10 00:00:00+00:00,13.38,12.75
1997-07-11 00:00:00+00:00,15.5,13.31
1997-07-14 00:00:00+00:00,15.63,14.88
1997-07-15 00:00:00+00:00,16.0,15.63
1997-07-16 00:00:00+00:00,16.5,15.63
1997-07-17 00:00:00+00:00,18.12,16.44
1997-07-18 00:00:00+00:00,17.94,17.06
1997-07-21 00:00:00+00:00,17.69,16.0
1997-07-22 00:00:00+00:00,16.69,16.31
1997-07-23 00:00:00+00:00,16.87,16.0
1997-07-24 00:00:00+00:00,16.12,15.63
1997-07-25 00:00:00+00:00,16.56,15.75
1997-07-28 00:00:00+00:00,16.5,16.25
1997-07-29 00:00:00+00:00,16.62,16.37
1997-07-30 00:00:00+00:00,17.69,16.75
1997-07-31 00:00:00+00:00,17.75,17.25
1997-08-01 00:00:00+00:00,19.19,17.56
1997-08-04 00:00:00+00:00,19.81,19.19
1997-08-05 00:00:00+00:00,20.0,19.48
1997-08-06 00:00:00+00:00,27.75,25.0
1997-08-07 00:00:00+00:00,29.56,28.37
1997-08-08 00:00:00+00:00,28.37,26.12
1997-08-11 00:00:00+00:00,26.44,23.5
1997-08-12 00:00:00+00:00,24.25,21.87
1997-08-13 00:00:00+00:00,23.87,20.44
1997-08-14 00:00:00+00:00,24.25,22.69
1997-08-15 00:00:00+00:00,23.44,22.81
1997-08-18 00:00:00+00:00,23.75,22.75
1997-08-19 00:00:00+00:00,24.5,23.31
1997-08-20 00:00:00+00:00,25.12,24.19
1997-08-21 00:00:00+00:00,24.69,23.87
1997-08-22 00:00:00+00:00,24.0,23.37
1997-08-25 00:00:00+00:00,23.69,22.94
1997-08-26 00:00:00+00:00,23.0,22.12
1997-08-27 00:00:00+00:00,22.75,21.87
1997-08-28 00:00:00+00:00,22.5,22.0
1997-08-29 00:00:00+00:00,22.0,21.5
1997-09-02 00:00:00+00:00,22.56,21.94
1997-09-03 00:00:00+00:00,23.25,22.31
1997-09-04 00:00:00+00:00,22.87,22.25
1997-09-05 00:00:00+00:00,22.87,22.0
1997-09-08 00:00:00+00:00,22.25,21.44
1997-09-09 00:00:00+00:00,21.87,21.25
1997-09-10 00:00:00+00:00,23.12,21.69
1997-09-11 00:00:00+00:00,23.0,22.06
1997-09-12 00:00:00+00:00,22.25,21.44
1997-09-15 00:00:00+00:00,22.12,21.5
1997-09-16 00:00:00+00:00,22.14,21.75
1997-09-17 00:00:00+00:00,22.0,21.69
1997-09-18 00:00:00+00:00,22.5,21.5
1997-09-19 00:00:00+00:00,22.19,21.75
1997-09-22 00:00:00+00:00,23.06,22.0
1997-09-23 00:00:00+00:00,22.25,21.69
1997-09-24 00:00:00+00:00,21.75,21.37
1997-09-25 00:00:00+00:00,21.75,21.0
1997-09-26 00:00:00+00:00,21.94,21.12
1997-09-29 00:00:00+00:00,22.25,21.56
1997-09-30 00:00:00+00:00,22.31,21.69
1997-10-01 00:00:00+00:00,21.75,21.37
1997-10-02 00:00:00+00:00,22.0,21.37
1997-10-03 00:00:00+00:00,22.25,21.69
1997-10-06 00:00:00+00:00,22.25,21.69
1997-10-07 00:00:00+00:00,22.0,21.81
1997-10-08 00:00:00+00:00,21.81,21.31
1997-10-09 00:00:00+00:00,22.5,21.19
1997-10-10 00:00:00+00:00,22.75,21.5
1997-10-13 00:00:00+00:00,22.87,22.19
1997-10-14 00:00:00+00:00,22.75,22.19
1997-10-15 00:00:00+00:00,24.75,22.12
1997-10-16 00:00:00+00:00,22.06,20.87
1997-10-17 00:00:00+00:00,21.12,19.87
1997-10-20 00:00:00+00:00,20.19,18.62
1997-10-21 00:00:00+00:00,19.31,18.69
1997-10-22 00:00:00+00:00,19.25,18.5
1997-10-23 00:00:00+00:00,18.19,17.75
1997-10-24 00:00:00+00:00,18.37,16.5
1997-10-27 00:00:00+00:00,18.12,16.75
1997-10-28 00:00:00+00:00,18.5,15.88
1997-10-29 00:00:00+00:00,18.5,17.25
1997-10-30 00:00:00+00:00,17.56,16.5
1997-10-31 00:00:00+00:00,17.37,16.62
1997-11-03 00:00:00+00:00,17.75,17.06
1997-11-04 00:00:00+00:00,18.12,17.5
1997-11-05 00:00:00+00:00,18.62,18.06
1997-11-06 00:00:00+00:00,19.5,18.87
1997-11-07 00:00:00+00:00,20.0,18.75
1997-11-10 00:00:00+00:00,21.5,18.5
1997-11-11 00:00:00+00:00,19.0,18.12
1997-11-12 00:00:00+00:00,18.5,17.56
1997-11-13 00:00:00+00:00,18.06,17.5
1997-11-14 00:00:00+00:00,18.5,18.0
1997-11-17 00:00:00+00:00,18.94,18.33
1997-11-18 00:00:00+00:00,18.5,18.06
1997-11-19 00:00:00+00:00,18.31,17.87
1997-11-20 00:00:00+00:00,18.62,18.12
1997-11-21 00:00:00+00:00,18.69,18.0
1997-11-24 00:00:00+00:00,18.0,17.5
1997-11-25 00:00:00+00:00,17.87,16.87
1997-11-26 00:00:00+00:00,17.69,17.25
1997-11-28 00:00:00+00:00,17.87,17.44
1997-12-01 00:00:00+00:00,17.94,17.25
1997-12-02 00:00:00+00:00,17.5,15.88
1997-12-03 00:00:00+00:00,16.12,15.69
1997-12-04 00:00:00+00:00,16.0,15.63
1997-12-05 00:00:00+00:00,16.0,15.56
1997-12-08 00:00:00+00:00,15.75,15.38
1997-12-09 00:00:00+00:00,15.69,15.0
1997-12-10 00:00:00+00:00,15.06,14.5
1997-12-11 00:00:00+00:00,14.56,13.88
1997-12-12 00:00:00+00:00,14.88,14.0
1997-12-15 00:00:00+00:00,14.25,13.75
1997-12-16 00:00:00+00:00,14.38,14.0
1997-12-17 00:00:00+00:00,14.56,13.94
1997-12-18 00:00:00+00:00,14.0,13.75
1997-12-19 00:00:00+00:00,13.88,13.25
1997-12-22 00:00:00+00:00,14.0,13.19
1997-12-23 00:00:00+00:00,13.31,12.94
1997-12-24 00:00:00+00:00,13.25,13.0
1997-12-26 00:00:00+00:00,13.38,13.0
1997-12-29 00:00:00+00:00,13.44,12.88
1997-12-30 00:00:00+00:00,13.44,12.75
1997-12-31 00:00:00+00:00,13.63,12.94
1998-01-02 00:00:00+00:00,16.25,13.5
1998-01-05 00:00:00+00:00,16.56,15.19
1998-01-06 00:00:00+00:00,20.0,14.75
1998-01-07 00:00:00+00:00,19.0,17.31
1998-01-08 00:00:00+00:00,18.62,16.94
1998-01-09 00:00:00+00:00,19.37,17.5
1998-01-12 00:00:00+00:00,18.62,17.12
1998-01-13 00:00:00+00:00,19.62,18.5
1998-01-14 00:00:00+00:00,19.94,19.25
1998-01-15 00:00:00+00:00,19.75,18.62
1998-01-16 00:00:00+00:00,19.44,18.69
1998-01-20 00:00:00+00:00,19.31,18.62
1998-01-21 00:00:00+00:00,19.06,18.56
1998-01-22 00:00:00+00:00,19.75,18.62
1998-01-23 00:00:00+00:00,19.69,19.25
1998-01-26 00:00:00+00:00,19.56,18.81
1998-01-27 00:00:00+00:00,19.69,19.0
1998-01-28 00:00:00+00:00,19.37,18.62
1998-01-29 00:00:00+00:00,19.12,18.5
1998-01-30 00:00:00+00:00,18.87,18.25
1998-02-02 00:00:00+00:00,18.5,17.37
1998-02-03 00:00:00+00:00,18.62,17.69
1998-02-04 00:00:00+00:00,18.5,18.0
1998-02-05 00:00:00+00:00,18.5,18.0
1998-02-06 00:00:00+00:00,18.69,18.25
1998-02-09 00:00:00+00:00,19.5,18.37
1998-02-10 00:00:00+00:00,19.56,19.06
1998-02-11 00:00:00+00:00,19.5,18.87
1998-02-12 00:00:00+00:00,19.44,19.06
1998-02-13 00:00:00+00:00,19.87,19.0
1998-02-17 00:00:00+00:00,19.75,19.5
1998-02-18 00:00:00+00:00,20.75,19.56
1998-02-19 00:00:00+00:00,20.94,20.0
1998-02-20 00:00:00+00:00,20.56,19.81
1998-02-23 00:00:00+00:00,21.62,20.0
1998-02-24 00:00:00+00:00,21.37,20.75
1998-02-25 00:00:00+00:00,22.75,20.94
1998-02-26 00:00:00+00:00,23.56,21.87
1998-02-27 00:00:00+00:00,23.87,22.56
1998-03-02 00:00:00+00:00,23.56,22.25
1998-03-03 00:00:00+00:00,23.19,21.62
1998-03-04 00:00:00+00:00,24.75,22.87
1998-03-05 00:00:00+00:00,24.25,23.12
1998-03-06 00:00:00+00:00,24.5,23.37
1998-03-09 00:00:00+00:00,24.31,22.5
1998-03-10 00:00:00+00:00,24.5,22.94
1998-03-11 00:00:00+00:00,26.19,24.56
1998-03-12 00:00:00+00:00,27.0,25.56
1998-03-13 00:00:00+00:00,27.25,26.25
1998-03-16 00:00:00+00:00,27.25,26.19
1998-03-17 00:00:00+00:00,26.69,25.87
1998-03-18 00:00:00+00:00,26.94,26.0
1998-03-19 00:00:00+00:00,26.94,26.56
1998-03-20 00:00:00+00:00,26.87,26.0
1998-03-23 00:00:00+00:00,26.25,24.62
1998-03-24 00:00:00+00:00,28.0,26.25
1998-03-25 00:00:00+00:00,27.75,26.37
1998-03-26 00:00:00+00:00,27.0,26.44
1998-03-27 00:00:00+00:00,27.31,26.37
1998-03-30 00:00:00+00:00,27.5,26.75
1998-03-31 00:00:00+00:00,27.81,27.25
1998-04-01 00:00:00+00:00,27.81,27.06
1998-04-02 00:00:00+00:00,27.44,26.94
1998-04-03 00:00:00+00:00,27.25,26.81
1998-04-06 00:00:00+00:00,27.0,26.19
1998-04-07 00:00:00+00:00,26.0,24.87
1998-04-08 00:00:00+00:00,25.37,24.69
1998-04-09 00:00:00+00:00,25.87,25.0
1998-04-13 00:00:00+00:00,26.69,25.0
1998-04-14 00:00:00+00:00,27.25,26.37
1998-04-15 00:00:00+00:00,27.5,26.62
1998-04-16 00:00:00+00:00,29.62,28.19
1998-04-17 00:00:00+00:00,28.62,27.69
1998-04-20 00:00:00+00:00,29.5,27.56
1998-04-21 00:00:00+00:00,29.12,28.5
1998-04-22 00:00:00+00:00,29.0,27.5
1998-04-23 00:00:00+00:00,29.0,27.19
1998-04-24 00:00:00+00:00,28.25,27.5
1998-04-27 00:00:00+00:00,27.75,26.75
1998-04-28 00:00:00+00:00,28.0,26.25
1998-04-29 00:00:00+00:00,27.44,26.75
1998-04-30 00:00:00+00:00,27.62,27.06
1998-05-01 00:00:00+00:00,28.25,26.87
1998-05-04 00:00:00+00:00,29.5,28.87
1998-05-05 00:00:00+00:00,29.87,29.12
1998-05-06 00:00:00+00:00,30.44,29.25
1998-05-07 00:00:00+00:00,30.62,29.87
1998-05-08 00:00:00+00:00,30.5,29.94
1998-05-11 00:00:00+00:00,31.62,30.75
1998-05-12 00:00:00+00:00,30.75,29.94
1998-05-13 00:00:00+00:00,30.81,29.62
1998-05-14 00:00:00+00:00,30.44,29.75
1998-05-15 00:00:00+00:00,30.37,29.25
1998-05-18 00:00:00+00:00,29.56,28.37
1998-05-19 00:00:00+00:00,29.44,28.81
1998-05-20 00:00:00+00:00,29.87,28.75
1998-05-21 00:00:00+00:00,29.69,28.62
1998-05-22 00:00:00+00:00,28.75,27.31
1998-05-26 00:00:00+00:00,28.25,26.62
1998-05-27 00:00:00+00:00,26.81,25.62
1998-05-28 00:00:00+00:00,27.87,26.75
1998-05-29 00:00:00+00:00,27.56,26.44
1998-06-01 00:00:00+00:00,27.62,25.62
1998-06-02 00:00:00+00:00,27.31,26.0
1998-06-03 00:00:00+00:00,27.25,26.19
1998-06-04 00:00:00+00:00,26.87,25.81
1998-06-05 00:00:00+00:00,27.25,26.37
1998-06-08 00:00:00+00:00,27.69,26.81
1998-06-09 00:00:00+00:00,28.5,27.37
1998-06-10 00:00:00+00:00,29.0,27.62
1998-06-11 00:00:00+00:00,28.62,27.81
1998-06-12 00:00:00+00:00,28.25,27.37
1998-06-15 00:00:00+00:00,28.25,27.25
1998-06-16 00:00:00+00:00,28.12,27.31
1998-06-17 00:00:00+00:00,28.56,27.94
1998-06-18 00:00:00+00:00,28.06,27.19
1998-06-19 00:00:00+00:00,27.44,26.75
1998-06-22 00:00:00+00:00,27.56,26.75
1998-06-23 00:00:00+00:00,28.12,27.25
1998-06-24 00:00:00+00:00,28.62,27.31
1998-06-25 00:00:00+00:00,28.81,28.31
1998-06-26 00:00:00+00:00,28.62,27.75
1998-06-29 00:00:00+00:00,28.81,28.06
1998-06-30 00:00:00+00:00,28.81,28.12
1998-07-01 00:00:00+00:00,30.0,28.5
1998-07-02 00:00:00+00:00,30.06,29.0
1998-07-06 00:00:00+00:00,30.37,29.12
1998-07-07 00:00:00+00:00,30.87,30.0
1998-07-08 00:00:00+00:00,32.94,30.69
1998-07-09 00:00:00+00:00,33.63,31.44
1998-07-10 00:00:00+00:00,32.63,31.75
1998-07-13 00:00:00+00:00,34.13,31.87
1998-07-14 00:00:00+00:00,34.0,33.13
1998-07-15 00:00:00+00:00,34.69,33.5
1998-07-16 00:00:00+00:00,38.13,35.75
1998-07-17 00:00:00+00:00,37.25,36.19
1998-07-20 00:00:00+00:00,36.63,35.5
1998-07-21 00:00:00+00:00,37.0,35.56
1998-07-22 00:00:00+00:00,35.63,34.25
1998-07-23 00:00:00+00:00,35.63,34.75
1998-07-24 00:00:00+00:00,35.5,33.81
1998-07-27 00:00:00+00:00,34.88,33.25
1998-07-28 00:00:00+00:00,34.63,33.0
1998-07-29 00:00:00+00:00,35.88,33.69
1998-07-30 00:00:00+00:00,36.75,35.5
1998-07-31 00:00:00+00:00,36.75,34.5
1998-08-03 00:00:00+00:00,35.56,33.25
1998-08-04 00:00:00+00:00,36.0,34.0
1998-08-05 00:00:00+00:00,36.0,33.5
1998-08-06 00:00:00+00:00,36.88,34.88
1998-08-07 00:00:00+00:00,37.38,36.0
1998-08-10 00:00:00+00:00,38.06,36.25
1998-08-11 00:00:00+00:00,41.0,37.38
1998-08-12 00:00:00+00:00,40.94,39.48
1998-08-13 00:00:00+00:00,40.75,39.38
1998-08-14 00:00:00+00:00,40.75,39.5
1998-08-17 00:00:00+00:00,42.81,39.88
1998-08-18 00:00:00+00:00,43.38,42.25
1998-08-19 00:00:00+00:00,43.75,41.0
1998-08-20 00:00:00+00:00,41.13,40.25
1998-08-21 00:00:00+00:00,43.56,39.0
1998-08-24 00:00:00+00:00,43.5,40.13
1998-08-25 00:00:00+00:00,42.38,40.31
1998-08-26 00:00:00+00:00,41.13,39.5
1998-08-27 00:00:00+00:00,39.25,35.63
1998-08-28 00:00:00+00:00,38.5,34.13
1998-08-31 00:00:00+00:00,34.88,31.0
1998-09-01 00:00:00+00:00,35.38,30.62
1998-09-02 00:00:00+00:00,37.38,35.25
1998-09-03 00:00:00+00:00,35.13,34.0
1998-09-04 00:00:00+00:00,36.44,33.75
1998-09-08 00:00:00+00:00,38.25,36.75
1998-09-09 00:00:00+00:00,38.13,37.0
1998-09-10 00:00:00+00:00,38.25,35.75
1998-09-11 00:00:00+00:00,39.63,36.88
1998-09-14 00:00:00+00:00,38.81,37.13
1998-09-15 00:00:00+00:00,38.56,36.5
1998-09-16 00:00:00+00:00,38.75,37.0
1998-09-17 00:00:00+00:00,37.13,35.88
1998-09-18 00:00:00+00:00,36.75,35.56
1998-09-21 00:00:00+00:00,36.94,35.31
1998-09-22 00:00:00+00:00,37.63,36.38
1998-09-23 00:00:00+00:00,38.38,36.56
1998-09-24 00:00:00+00:00,39.56,37.75
1998-09-25 00:00:00+00:00,39.19,37.63
1998-09-28 00:00:00+00:00,40.19,38.0
1998-09-29 00:00:00+00:00,40.0,38.13
1998-09-30 00:00:00+00:00,39.25,38.0
1998-10-01 00:00:00+00:00,38.0,35.38
1998-10-02 00:00:00+00:00,36.25,34.13
1998-10-05 00:00:00+00:00,34.56,31.5
1998-10-06 00:00:00+00:00,34.31,32.5
1998-10-07 00:00:00+00:00,33.31,31.87
1998-10-08 00:00:00+00:00,31.19,28.5
1998-10-09 00:00:00+00:00,35.25,30.75
1998-10-12 00:00:00+00:00,38.44,36.56
1998-10-13 00:00:00+00:00,39.19,36.0
1998-10-14 00:00:00+00:00,41.31,36.81
1998-10-15 00:00:00+00:00,37.25,35.5
1998-10-16 00:00:00+00:00,38.06,36.5
1998-10-19 00:00:00+00:00,38.06,35.88
1998-10-20 00:00:00+00:00,38.19,36.0
1998-10-21 00:00:00+00:00,37.44,35.75
1998-10-22 00:00:00+00:00,37.63,36.25
1998-10-23 00:00:00+00:00,36.88,35.13
1998-10-26 00:00:00+00:00,37.75,35.5
1998-10-27 00:00:00+00:00,38.94,35.06
1998-10-28 00:00:00+00:00,37.0,35.13
1998-10-29 00:00:00+00:00,37.44,35.81
1998-10-30 00:00:00+00:00,37.5,36.25
1998-11-02 00:00:00+00:00,37.75,37.25
1998-11-03 00:00:00+00:00,38.25,37.31
1998-11-04 00:00:00+00:00,39.13,38.13
1998-11-05 00:00:00+00:00,39.38,38.06
1998-11-06 00:00:00+00:00,38.25,37.25
1998-11-09 00:00:00+00:00,38.13,35.5
1998-11-10 00:00:00+00:00,36.25,35.0
1998-11-11 00:00:00+00:00,35.81,32.75
1998-11-12 00:00:00+00:00,34.44,32.88
1998-11-13 00:00:00+00:00,36.06,34.69
1998-11-16 00:00:00+00:00,36.75,35.44
1998-11-17 00:00:00+00:00,35.81,34.75
1998-11-18 00:00:00+00:00,36.0,34.88
1998-11-19 00:00:00+00:00,37.19,35.44
1998-11-20 00:00:00+00:00,36.75,34.75
1998-11-23 00:00:00+00:00,36.81,35.19
1998-11-24 00:00:00+00:00,36.75,35.75
1998-11-25 00:00:00+00:00,36.06,34.94
1998-11-27 00:00:00+00:00,35.13,34.75
1998-11-30 00:00:00+00:00,34.81,31.75
1998-12-01 00:00:00+00:00,34.81,31.62
1998-12-02 00:00:00+00:00,36.88,33.5
1998-12-03 00:00:00+00:00,36.5,33.63
1998-12-04 00:00:00+00:00,34.44,32.0
1998-12-07 00:00:00+00:00,33.75,32.75
1998-12-08 00:00:00+00:00,33.94,32.0
1998-12-09 00:00:00+00:00,32.88,31.62
1998-12-10 00:00:00+00:00,32.94,31.87
1998-12-11 00:00:00+00:00,34.0,32.0
1998-12-14 00:00:00+00:00,33.31,32.25
1998-12-15 00:00:00+00:00,33.63,32.75
1998-12-16 00:00:00+00:00,34.19,32.63
1998-12-17 00:00:00+00:00,33.75,32.75
1998-12-18 00:00:00+00:00,35.38,33.25
1998-12-21 00:00:00+00:00,35.63,34.25
1998-12-22 00:00:00+00:00,38.13,36.0
1998-12-23 00:00:00+00:00,40.5,38.38
1998-12-24 00:00:00+00:00,40.0,39.19
1998-12-28 00:00:00+00:00,41.13,39.0
1998-12-29 00:00:00+00:00,41.5,40.25
1998-12-30 00:00:00+00:00,41.13,40.0
1998-12-31 00:00:00+00:00,41.38,39.5
1999-01-04 00:00:00+00:00,42.25,40.0
1999-01-05 00:00:00+00:00,43.94,41.5
1999-01-06 00:00:00+00:00,44.13,41.0
1999-01-07 00:00:00+00:00,45.06,42.13
1999-01-08 00:00:00+00:00,46.88,44.0
1999-01-11 00:00:00+00:00,46.06,44.88
1999-01-12 00:00:00+00:00,46.63,44.13
1999-01-13 00:00:00+00:00,47.31,42.25
1999-01-14 00:00:00+00:00,46.0,41.06
1999-01-15 00:00:00+00:00,42.13,40.0
1999-01-19 00:00:00+00:00,42.31,40.38
1999-01-20 00:00:00+00:00,42.0,40.5
1999-01-21 00:00:00+00:00,40.56,37.5
1999-01-22 00:00:00+00:00,39.5,37.06
1999-01-25 00:00:00+00:00,39.56,38.81
1999-01-26 00:00:00+00:00,40.88,39.63
1999-01-27 00:00:00+00:00,41.38,39.94
1999-01-28 00:00:00+00:00,41.25,40.31
1999-01-29 00:00:00+00:00,41.56,40.0
1999-02-01 00:00:00+00:00,41.94,40.31
1999-02-02 00:00:00+00:00,40.75,39.0
1999-02-03 00:00:00+00:00,40.56,38.75
1999-02-04 00:00:00+00:00,40.25,37.75
1999-02-05 00:00:00+00:00,38.38,35.5
1999-02-08 00:00:00+00:00,37.94,36.25
1999-02-09 00:00:00+00:00,39.06,37.06
1999-02-10 00:00:00+00:00,38.69,36.0
1999-02-11 00:00:00+00:00,39.75,38.56
1999-02-12 00:00:00+00:00,39.13,37.0
1999-02-16 00:00:00+00:00,38.88,37.88
1999-02-17 00:00:00+00:00,38.69,36.94
1999-02-18 00:00:00+00:00,37.88,35.56
1999-02-19 00:00:00+00:00,37.69,36.19
1999-02-22 00:00:00+00:00,38.88,37.25
1999-02-23 00:00:00+00:00,39.56,37.94
1999-02-24 00:00:00+00:00,39.0,37.38
1999-02-25 00:00:00+00:00,37.69,36.5
1999-02-26 00:00:00+00:00,37.0,34.5
1999-03-01 00:00:00+00:00,34.81,33.63
1999-03-02 00:00:00+00:00,35.31,33.75
1999-03-03 00:00:00+00:00,35.13,33.5
1999-03-04 00:00:00+00:00,34.5,32.38
1999-03-05 00:00:00+00:00,34.31,32.38
1999-03-08 00:00:00+00:00,34.69,33.19
1999-03-09 00:00:00+00:00,34.38,33.5
1999-03-10 00:00:00+00:00,34.19,32.44
1999-03-11 00:00:00+00:00,33.88,32.0
1999-03-12 00:00:00+00:00,33.5,32.31
1999-03-15 00:00:00+00:00,35.0,33.25
1999-03-16 00:00:00+00:00,35.56,34.94
1999-03-17 00:00:00+00:00,36.06,33.94
1999-03-18 00:00:00+00:00,35.63,34.25
1999-03-19 00:00:00+00:00,36.0,32.88
1999-03-22 00:00:00+00:00,35.19,32.94
1999-03-23 00:00:00+00:00,34.44,32.75
1999-03-24 00:00:00+00:00,33.75,32.5
1999-03-25 00:00:00+00:00,34.88,33.38
1999-03-26 00:00:00+00:00,33.81,33.0
1999-03-29 00:00:00+00:00,35.44,33.44
1999-03-30 00:00:00+00:00,36.38,35.0
1999-03-31 00:00:00+00:00,37.13,35.88
1999-04-01 00:00:00+00:00,36.69,35.75
1999-04-05 00:00:00+00:00,37.88,36.0
1999-04-06 00:00:00+00:00,38.31,36.81
1999-04-07 00:00:00+00:00,38.25,36.38
1999-04-08 00:00:00+00:00,37.06,36.0
1999-04-09 00:00:00+00:00,37.25,35.94
1999-04-12 00:00:00+00:00,36.88,34.88
1999-04-13 00:00:00+00:00,36.81,34.5
1999-04-14 00:00:00+00:00,37.06,35.0
1999-04-15 00:00:00+00:00,36.19,34.31
1999-04-16 00:00:00+00:00,36.06,35.25
1999-04-19 00:00:00+00:00,36.0,33.5
1999-04-20 00:00:00+00:00,34.75,33.5
1999-04-21 00:00:00+00:00,34.38,33.5
1999-04-22 00:00:00+00:00,36.63,35.06
1999-04-23 00:00:00+00:00,39.44,36.25
1999-04-26 00:00:00+00:00,41.25,39.25
1999-04-27 00:00:00+00:00,45.81,43.0
1999-04-28 00:00:00+00:00,45.69,43.63
1999-04-29 00:00:00+00:00,44.38,41.78
1999-04-30 00:00:00+00:00,47.13,44.0
1999-05-03 00:00:00+00:00,50.0,45.75
1999-05-04 00:00:00+00:00,48.63,46.19
1999-05-05 00:00:00+00:00,47.0,44.63
1999-05-06 00:00:00+00:00,46.88,44.0
1999-05-07 00:00:00+00:00,45.88,42.75
1999-05-10 00:00:00+00:00,46.94,44.63
1999-05-11 00:00:00+00:00,46.19,43.56
1999-05-12 00:00:00+00:00,46.5,44.13
1999-05-13 00:00:00+00:00,46.81,45.5
1999-05-14 00:00:00+00:00,45.81,44.38
1999-05-17 00:00:00+00:00,44.69,43.0
1999-05-18 00:00:00+00:00,46.0,44.38
1999-05-19 00:00:00+00:00,45.75,43.5
1999-05-20 00:00:00+00:00,45.75,42.5
1999-05-21 00:00:00+00:00,44.31,42.56
1999-05-24 00:00:00+00:00,44.31,41.88
1999-05-25 00:00:00+00:00,42.44,40.94
1999-05-26 00:00:00+00:00,44.38,41.25
1999-05-27 00:00:00+00:00,43.75,42.69
1999-05-28 00:00:00+00:00,44.31,43.13
1999-06-01 00:00:00+00:00,45.31,44.38
1999-06-02 00:00:00+00:00,47.94,44.0
1999-06-03 00:00:00+00:00,48.0,46.81
1999-06-04 00:00:00+00:00,48.19,47.25
1999-06-07 00:00:00+00:00,49.0,47.5
1999-06-08 00:00:00+00:00,48.81,47.56
1999-06-09 00:00:00+00:00,48.5,47.44
1999-06-10 00:00:00+00:00,48.25,47.31
1999-06-11 00:00:00+00:00,48.5,46.25
1999-06-14 00:00:00+00:00,46.63,45.13
1999-06-15 00:00:00+00:00,46.75,45.13
1999-06-16 00:00:00+00:00,48.06,46.38
1999-06-17 00:00:00+00:00,48.0,45.75
1999-06-18 00:00:00+00:00,47.25,45.19
1999-06-21 00:00:00+00:00,47.25,46.0
1999-06-22 00:00:00+00:00,46.94,45.38
1999-06-23 00:00:00+00:00,45.09,43.56
1999-06-24 00:00:00+00:00,43.63,42.25
1999-06-25 00:00:00+00:00,42.69,42.06
1999-06-28 00:00:00+00:00,42.94,42.38
1999-06-29 00:00:00+00:00,45.56,42.63
1999-06-30 00:00:00+00:00,46.94,44.94
1999-07-01 00:00:00+00:00,46.56,45.25
1999-07-02 00:00:00+00:00,46.88,45.19
1999-07-06 00:00:00+00:00,47.63,45.81
1999-07-07 00:00:00+00:00,50.75,47.0
1999-07-08 00:00:00+00:00,55.06,50.88
1999-07-09 00:00:00+00:00,55.63,53.0
1999-07-12 00:00:00+00:00,55.63,54.19
1999-07-13 00:00:00+00:00,54.19,52.88
1999-07-14 00:00:00+00:00,56.63,54.5
1999-07-15 00:00:00+00:00,55.94,51.31
1999-07-16 00:00:00+00:00,54.5,53.0
1999-07-19 00:00:00+00:00,55.81,52.31
1999-07-20 00:00:00+00:00,55.5,52.75
1999-07-21 00:00:00+00:00,55.44,52.88
1999-07-22 00:00:00+00:00,53.88,51.13
1999-07-23 00:00:00+00:00,53.75,52.69
1999-07-26 00:00:00+00:00,53.0,50.88
1999-07-27 00:00:00+00:00,53.94,52.5
1999-07-28 00:00:00+00:00,55.38,53.0
1999-07-29 00:00:00+00:00,55.25,53.13
1999-07-30 00:00:00+00:00,56.13,54.5
1999-08-02 00:00:00+00:00,58.0,55.5
1999-08-03 00:00:00+00:00,57.44,53.63
1999-08-04 00:00:00+00:00,55.88,53.25
1999-08-05 00:00:00+00:00,54.88,52.13
1999-08-06 00:00:00+00:00,55.31,53.5
1999-08-09 00:00:00+00:00,55.19,54.25
1999-08-10 00:00:00+00:00,56.0,53.63
1999-08-11 00:00:00+00:00,59.75,55.94
1999-08-12 00:00:00+00:00,61.38,58.63
1999-08-13 00:00:00+00:00,62.0,59.88
1999-08-16 00:00:00+00:00,60.69,59.5
1999-08-17 00:00:00+00:00,60.38,58.94
1999-08-18 00:00:00+00:00,62.0,59.63
1999-08-19 00:00:00+00:00,60.5,58.56
1999-08-20 00:00:00+00:00,59.38,58.19
1999-08-23 00:00:00+00:00,61.38,59.31
1999-08-24 00:00:00+00:00,60.75,59.94
1999-08-25 00:00:00+00:00,61.5,60.13
1999-08-26 00:00:00+00:00,63.13,61.13
1999-08-27 00:00:00+00:00,65.0,62.69
1999-08-30 00:00:00+00:00,65.0,62.0
1999-08-31 00:00:00+00:00,65.87,62.06
1999-09-01 00:00:00+00:00,68.81,66.0
1999-09-02 00:00:00+00:00,71.44,66.87
1999-09-03 00:00:00+00:00,75.25,70.5
1999-09-07 00:00:00+00:00,77.94,73.5
1999-09-08 00:00:00+00:00,77.69,74.5
1999-09-09 00:00:00+00:00,75.94,73.87
1999-09-10 00:00:00+00:00,77.69,74.69
1999-09-13 00:00:00+00:00,77.06,74.81
1999-09-14 00:00:00+00:00,78.5,74.69
1999-09-15 00:00:00+00:00,79.12,75.25
1999-09-16 00:00:00+00:00,78.06,73.87
1999-09-17 00:00:00+00:00,77.75,76.25
1999-09-20 00:00:00+00:00,80.12,76.87
1999-09-21 00:00:00+00:00,73.25,69.0
1999-09-22 00:00:00+00:00,71.62,69.02
1999-09-23 00:00:00+00:00,71.25,63.0
1999-09-24 00:00:00+00:00,67.02,63.0
1999-09-27 00:00:00+00:00,66.75,61.19
1999-09-28 00:00:00+00:00,62.0,57.44
1999-09-29 00:00:00+00:00,61.25,58.0
1999-09-30 00:00:00+00:00,64.19,59.25
1999-10-01 00:00:00+00:00,62.44,59.5
1999-10-04 00:00:00+00:00,64.87,62.38
1999-10-05 00:00:00+00:00,68.12,64.75
1999-10-06 00:00:00+00:00,69.62,67.0
1999-10-07 00:00:00+00:00,68.62,64.87
1999-10-08 00:00:00+00:00,66.31,63.5
1999-10-11 00:00:00+00:00,68.25,66.0
1999-10-12 00:00:00+00:00,69.62,67.0
1999-10-13 00:00:00+00:00,69.5,63.75
1999-10-14 00:00:00+00:00,73.31,69.0
1999-10-15 00:00:00+00:00,75.81,70.19
1999-10-18 00:00:00+00:00,74.25,71.12
1999-10-19 00:00:00+00:00,75.0,68.44
1999-10-20 00:00:00+00:00,75.25,70.0
1999-10-21 00:00:00+00:00,77.06,72.37
1999-10-22 00:00:00+00:00,77.25,73.37
1999-10-25 00:00:00+00:00,76.12,73.75
1999-10-26 00:00:00+00:00,75.5,73.31
1999-10-27 00:00:00+00:00,76.62,73.44
1999-10-28 00:00:00+00:00,79.0,76.06
1999-10-29 00:00:00+00:00,81.06,78.81
1999-11-01 00:00:00+00:00,80.69,77.37
1999-11-02 00:00:00+00:00,81.69,77.31
1999-11-03 00:00:00+00:00,83.25,81.0
1999-11-04 00:00:00+00:00,85.37,80.62
1999-11-05 00:00:00+00:00,88.37,84.0
1999-11-08 00:00:00+00:00,97.73,86.75
1999-11-09 00:00:00+00:00,94.5,88.0
1999-11-10 00:00:00+00:00,93.25,88.12
1999-11-11 00:00:00+00:00,92.62,89.87
1999-11-12 00:00:00+00:00,92.0,87.37
1999-11-15 00:00:00+00:00,92.87,88.5
1999-11-16 00:00:00+00:00,91.75,88.5
1999-11-17 00:00:00+00:00,94.75,90.0
1999-11-18 00:00:00+00:00,91.12,88.44
1999-11-19 00:00:00+00:00,92.87,88.06
1999-11-22 00:00:00+00:00,91.75,89.25
1999-11-23 00:00:00+00:00,95.25,88.5
1999-11-24 00:00:00+00:00,95.0,91.69
1999-11-26 00:00:00+00:00,95.5,94.12
1999-11-29 00:00:00+00:00,99.75,93.25
1999-11-30 00:00:00+00:00,103.75,97.37
1999-12-01 00:00:00+00:00,104.5,100.06
1999-12-02 00:00:00+00:00,110.62,101.75
1999-12-03 00:00:00+00:00,115.56,111.87
1999-12-06 00:00:00+00:00,117.31,111.44
1999-12-07 00:00:00+00:00,118.0,114.0
1999-12-08 00:00:00+00:00,117.87,109.5
1999-12-09 00:00:00+00:00,111.0,100.87
1999-12-10 00:00:00+00:00,109.25,99.0
1999-12-13 00:00:00+00:00,102.5,98.94
1999-12-14 00:00:00+00:00,99.75,94.75
1999-12-15 00:00:00+00:00,97.25,91.06
1999-12-16 00:00:00+00:00,98.37,94.0
1999-12-17 00:00:00+00:00,102.0,98.5
1999-12-20 00:00:00+00:00,99.62,96.62
1999-12-21 00:00:00+00:00,103.06,97.94
1999-12-22 00:00:00+00:00,104.56,98.75
1999-12-23 00:00:00+00:00,104.25,101.06
1999-12-27 00:00:00+00:00,104.44,99.25
1999-12-28 00:00:00+00:00,99.62,95.0
1999-12-29 00:00:00+00:00,102.19,95.5
1999-12-30 00:00:00+00:00,104.12,99.62
1999-12-31 00:00:00+00:00,102.87,99.5
2000-01-03 00:00:00+00:00,112.5,101.69
2000-01-04 00:00:00+00:00,110.62,101.19
2000-01-05 00:00:00+00:00,110.56,103.0
2000-01-06 00:00:00+00:00,107.0,95.0
2000-01-07 00:00:00+00:00,101.0,95.5
2000-01-10 00:00:00+00:00,102.25,94.75
2000-01-11 00:00:00+00:00,99.37,90.5
2000-01-12 00:00:00+00:00,95.5,86.5
2000-01-13 00:00:00+00:00,98.75,92.5
2000-01-14 00:00:00+00:00,102.25,99.37
2000-01-18 00:00:00+00:00,106.0,100.44
2000-01-19 00:00:00+00:00,108.75,103.37
2000-01-20 00:00:00+00:00,121.5,113.5
2000-01-21 00:00:00+00:00,114.25,110.19
2000-01-24 00:00:00+00:00,112.75,105.12
2000-01-25 00:00:00+00:00,113.12,102.37
2000-01-26 00:00:00+00:00,114.19,109.75
2000-01-27 00:00:00+00:00,113.0,107.0
2000-01-28 00:00:00+00:00,110.87,100.62
2000-01-31 00:00:00+00:00,103.87,94.5
2000-02-01 00:00:00+00:00,105.0,100.0
2000-02-02 00:00:00+00:00,102.12,97.0
2000-02-03 00:00:00+00:00,104.25,100.25
2000-02-04 00:00:00+00:00,110.0,103.62
2000-02-07 00:00:00+00:00,114.25,105.94
2000-02-08 00:00:00+00:00,116.12,111.25
2000-02-09 00:00:00+00:00,117.12,112.44
2000-02-10 00:00:00+00:00,113.87,110.0
2000-02-11 00:00:00+00:00,114.12,108.25
2000-02-14 00:00:00+00:00,115.87,108.62
2000-02-15 00:00:00+00:00,119.94,115.19
2000-02-16 00:00:00+00:00,118.12,112.12
2000-02-17 00:00:00+00:00,115.5,113.12
2000-02-18 00:00:00+00:00,115.37,110.87
2000-02-22 00:00:00+00:00,116.94,106.69
2000-02-23 00:00:00+00:00,119.0,111.0
2000-02-24 00:00:00+00:00,119.12,111.75
2000-02-25 00:00:00+00:00,117.0,110.12
2000-02-28 00:00:00+00:00,115.0,108.37
2000-02-29 00:00:00+00:00,117.25,112.56
2000-03-01 00:00:00+00:00,132.06,118.5
2000-03-02 00:00:00+00:00,127.94,120.69
2000-03-03 00:00:00+00:00,128.23,120.0
2000-03-06 00:00:00+00:00,129.13,125.0
2000-03-07 00:00:00+00:00,127.44,121.12
2000-03-08 00:00:00+00:00,123.94,118.56
2000-03-09 00:00:00+00:00,125.0,118.25
2000-03-10 00:00:00+00:00,127.94,121.0
2000-03-13 00:00:00+00:00,126.5,119.5
2000-03-14 00:00:00+00:00,124.25,114.0
2000-03-15 00:00:00+00:00,120.25,114.12
2000-03-16 00:00:00+00:00,122.0,114.5
2000-03-17 00:00:00+00:00,125.0,119.62
2000-03-20 00:00:00+00:00,126.25,122.37
2000-03-21 00:00:00+00:00,136.75,121.62
2000-03-22 00:00:00+00:00,144.38,131.56
2000-03-23 00:00:00+00:00,150.38,140.0
2000-03-24 00:00:00+00:00,143.94,135.5
2000-03-27 00:00:00+00:00,144.75,136.88
2000-03-28 00:00:00+00:00,142.0,137.13
2000-03-29 00:00:00+00:00,139.44,133.83
2000-03-30 00:00:00+00:00,137.69,125.44
2000-03-31 00:00:00+00:00,137.25,126.0
2000-04-03 00:00:00+00:00,139.5,129.44
2000-04-04 00:00:00+00:00,133.0,116.75
2000-04-05 00:00:00+00:00,132.88,124.0
2000-04-06 00:00:00+00:00,134.5,123.25
2000-04-07 00:00:00+00:00,131.88,125.5
2000-04-10 00:00:00+00:00,132.75,124.75
2000-04-11 00:00:00+00:00,124.87,118.06
2000-04-12 00:00:00+00:00,119.0,104.87
2000-04-13 00:00:00+00:00,120.0,108.5
2000-04-14 00:00:00+00:00,118.0,109.0
2000-04-17 00:00:00+00:00,123.94,109.06
2000-04-18 00:00:00+00:00,126.87,119.37
2000-04-19 00:00:00+00:00,130.25,119.75
2000-04-20 00:00:00+00:00,124.75,117.06
2000-04-24 00:00:00+00:00,120.5,114.75
2000-04-25 00:00:00+00:00,128.75,122.06
2000-04-26 00:00:00+00:00,128.0,120.0
2000-04-27 00:00:00+00:00,127.0,116.58
2000-04-28 00:00:00+00:00,127.5,121.31
2000-05-01 00:00:00+00:00,125.12,121.87
2000-05-02 00:00:00+00:00,126.25,117.5
2000-05-03 00:00:00+00:00,121.25,111.62
2000-05-04 00:00:00+00:00,115.25,110.56
2000-05-05 00:00:00+00:00,114.75,110.72
2000-05-08 00:00:00+00:00,113.69,110.0
2000-05-09 00:00:00+00:00,111.25,104.87
2000-05-10 00:00:00+00:00,105.0,98.75
2000-05-11 00:00:00+00:00,104.25,99.0
2000-05-12 00:00:00+00:00,110.5,104.77
2000-05-15 00:00:00+00:00,108.06,100.12
2000-05-16 00:00:00+00:00,109.06,102.75
2000-05-17 00:00:00+00:00,103.69,100.37
2000-05-18 00:00:00+00:00,104.94,100.62
2000-05-19 00:00:00+00:00,99.25,93.37
2000-05-22 00:00:00+00:00,93.75,86.0
2000-05-23 00:00:00+00:00,93.37,85.62
2000-05-24 00:00:00+00:00,89.75,83.0
2000-05-25 00:00:00+00:00,92.66,86.0
2000-05-26 00:00:00+00:00,89.87,85.25
2000-05-30 00:00:00+00:00,88.12,81.75
2000-05-31 00:00:00+00:00,91.25,83.81
2000-06-01 00:00:00+00:00,89.56,80.37
2000-06-02 00:00:00+00:00,99.75,89.0
2000-06-05 00:00:00+00:00,95.25,89.69
2000-06-06 00:00:00+00:00,96.75,90.31
2000-06-07 00:00:00+00:00,97.0,91.62
2000-06-08 00:00:00+00:00,98.5,93.12
2000-06-09 00:00:00+00:00,97.94,94.37
2000-06-12 00:00:00+00:00,96.44,90.87
2000-06-13 00:00:00+00:00,94.69,88.19
2000-06-14 00:00:00+00:00,96.25,90.12
2000-06-15 00:00:00+00:00,93.37,89.0
2000-06-16 00:00:00+00:00,93.75,89.06
2000-06-19 00:00:00+00:00,97.87,89.81
2000-06-20 00:00:00+00:00,103.94,98.37
2000-06-21 00:00:00+00:00,56.94,50.31
2000-06-22 00:00:00+00:00,57.63,53.56
2000-06-23 00:00:00+00:00,54.63,50.81
2000-06-26 00:00:00+00:00,54.75,52.13
2000-06-27 00:00:00+00:00,55.5,51.63
2000-06-28 00:00:00+00:00,55.38,51.5
2000-06-29 00:00:00+00:00,53.94,51.06
2000-06-30 00:00:00+00:00,54.94,51.69
2000-07-03 00:00:00+00:00,54.31,52.13
2000-07-05 00:00:00+00:00,55.19,50.75
2000-07-06 00:00:00+00:00,52.94,49.63
2000-07-07 00:00:00+00:00,54.81,52.13
2000-07-10 00:00:00+00:00,58.25,53.75
2000-07-11 00:00:00+00:00,59.25,55.44
2000-07-12 00:00:00+00:00,58.94,56.38
2000-07-13 00:00:00+00:00,60.63,54.75
2000-07-14 00:00:00+00:00,59.0,56.88
2000-07-17 00:00:00+00:00,58.81,57.13
2000-07-18 00:00:00+00:00,58.88,56.88
2000-07-19 00:00:00+00:00,56.81,51.75
2000-07-20 00:00:00+00:00,57.06,54.13
2000-07-21 00:00:00+00:00,55.63,52.94
2000-07-24 00:00:00+00:00,52.88,47.5
2000-07-25 00:00:00+00:00,50.63,49.06
2000-07-26 00:00:00+00:00,51.25,49.25
2000-07-27 00:00:00+00:00,53.25,49.88
2000-07-28 00:00:00+00:00,52.5,46.88
2000-07-31 00:00:00+00:00,51.63,48.75
2000-08-01 00:00:00+00:00,51.16,49.25
2000-08-02 00:00:00+00:00,49.94,47.19
2000-08-03 00:00:00+00:00,48.06,44.25
2000-08-04 00:00:00+00:00,51.25,46.31
2000-08-07 00:00:00+00:00,49.06,47.19
2000-08-08 00:00:00+00:00,48.0,46.31
2000-08-09 00:00:00+00:00,48.44,47.25
2000-08-10 00:00:00+00:00,48.44,47.38
2000-08-11 00:00:00+00:00,48.0,45.56
2000-08-14 00:00:00+00:00,47.69,46.31
2000-08-15 00:00:00+00:00,47.94,46.5
2000-08-16 00:00:00+00:00,49.0,46.81
2000-08-17 00:00:00+00:00,52.44,48.31
2000-08-18 00:00:00+00:00,51.81,49.88
2000-08-21 00:00:00+00:00,51.56,49.63
2000-08-22 00:00:00+00:00,52.81,50.38
2000-08-23 00:00:00+00:00,54.75,51.06
2000-08-24 00:00:00+00:00,56.63,53.38
2000-08-25 00:00:00+00:00,57.5,56.38
2000-08-28 00:00:00+00:00,59.0,57.06
2000-08-29 00:00:00+00:00,59.44,57.69
2000-08-30 00:00:00+00:00,60.0,58.7
2000-08-31 00:00:00+00:00,61.5,58.94
2000-09-01 00:00:00+00:00,63.63,61.13
2000-09-05 00:00:00+00:00,64.12,62.25
2000-09-06 00:00:00+00:00,62.38,57.75
2000-09-07 00:00:00+00:00,62.56,58.25
2000-09-08 00:00:00+00:00,61.63,58.5
2000-09-11 00:00:00+00:00,60.38,58.13
2000-09-12 00:00:00+00:00,60.06,57.0
2000-09-13 00:00:00+00:00,59.5,56.75
2000-09-14 00:00:00+00:00,59.63,56.81
2000-09-15 00:00:00+00:00,58.19,54.25
2000-09-18 00:00:00+00:00,60.75,55.06
2000-09-19 00:00:00+00:00,60.5,58.56
2000-09-20 00:00:00+00:00,61.44,58.56
2000-09-21 00:00:00+00:00,59.63,55.25
2000-09-22 00:00:00+00:00,52.44,50.0
2000-09-25 00:00:00+00:00,55.5,52.06
2000-09-26 00:00:00+00:00,54.75,51.38
2000-09-27 00:00:00+00:00,52.75,48.25
2000-09-28 00:00:00+00:00,53.81,48.13
2000-09-29 00:00:00+00:00,29.0,25.37
2000-10-02 00:00:00+00:00,26.75,23.5
2000-10-03 00:00:00+00:00,25.0,22.19
2000-10-04 00:00:00+00:00,23.75,21.87
2000-10-05 00:00:00+00:00,24.5,22.0
2000-10-06 00:00:00+00:00,22.94,21.0
2000-10-09 00:00:00+00:00,22.87,21.12
2000-10-10 00:00:00+00:00,22.44,20.5
2000-10-11 00:00:00+00:00,21.0,19.12
2000-10-12 00:00:00+00:00,20.81,19.5
2000-10-13 00:00:00+00:00,22.12,20.0
2000-10-16 00:00:00+00:00,23.25,21.37
2000-10-17 00:00:00+00:00,21.94,19.69
2000-10-18 00:00:00+00:00,21.06,18.75
2000-10-19 00:00:00+00:00,19.81,18.31
2000-10-20 00:00:00+00:00,20.37,18.94
2000-10-23 00:00:00+00:00,20.56,19.44
2000-10-24 00:00:00+00:00,20.87,18.81
2000-10-25 00:00:00+00:00,19.19,18.44
2000-10-26 00:00:00+00:00,18.87,17.5
2000-10-27 00:00:00+00:00,19.19,17.87
2000-10-30 00:00:00+00:00,19.94,18.75
2000-10-31 00:00:00+00:00,20.25,19.25
2000-11-01 00:00:00+00:00,20.87,19.44
2000-11-02 00:00:00+00:00,22.44,21.06
2000-11-03 00:00:00+00:00,23.0,21.94
2000-11-06 00:00:00+00:00,22.62,20.87
2000-11-07 00:00:00+00:00,21.81,20.81
2000-11-08 00:00:00+00:00,21.44,19.81
2000-11-09 00:00:00+00:00,20.5,19.06
2000-11-10 00:00:00+00:00,19.87,19.06
2000-11-13 00:00:00+00:00,20.0,18.25
2000-11-14 00:00:00+00:00,20.5,19.56
2000-11-15 00:00:00+00:00,20.19,19.25
2000-11-16 00:00:00+00:00,19.81,18.87
2000-11-17 00:00:00+00:00,19.25,18.25
2000-11-20 00:00:00+00:00,19.5,18.25
2000-11-21 00:00:00+00:00,19.5,18.75
2000-11-22 00:00:00+00:00,19.12,18.37
2000-11-24 00:00:00+00:00,19.5,18.81
2000-11-27 00:00:00+00:00,19.94,18.5
2000-11-28 00:00:00+00:00,19.0,17.94
2000-11-29 00:00:00+00:00,18.31,17.25
2000-11-30 00:00:00+00:00,17.0,16.12
2000-12-01 00:00:00+00:00,17.5,16.81
2000-12-04 00:00:00+00:00,17.19,16.44
2000-12-05 00:00:00+00:00,17.44,16.37
2000-12-06 00:00:00+00:00,15.0,14.0
2000-12-07 00:00:00+00:00,14.88,14.0
2000-12-08 00:00:00+00:00,15.31,14.44
2000-12-11 00:00:00+00:00,15.38,14.88
2000-12-12 00:00:00+00:00,16.0,15.0
2000-12-13 00:00:00+00:00,15.56,14.88
2000-12-14 00:00:00+00:00,15.25,14.44
2000-12-15 00:00:00+00:00,14.69,14.0
2000-12-18 00:00:00+00:00,14.63,13.94
2000-12-19 00:00:00+00:00,15.25,14.0
2000-12-20 00:00:00+00:00,14.63,13.63
2000-12-21 00:00:00+00:00,15.0,13.88
2000-12-22 00:00:00+00:00,15.0,14.13
2000-12-26 00:00:00+00:00,15.0,14.25
2000-12-27 00:00:00+00:00,14.81,14.19
2000-12-28 00:00:00+00:00,14.94,14.31
2000-12-29 00:00:00+00:00,15.0,14.5
2001-01-02 00:00:00+00:00,15.25,14.56
2001-01-03 00:00:00+00:00,16.69,14.44
2001-01-04 00:00:00+00:00,18.5,16.81
2001-01-05 00:00:00+00:00,17.37,16.06
2001-01-08 00:00:00+00:00,16.98,15.94
2001-01-09 00:00:00+00:00,17.64,16.56
2001-01-10 00:00:00+00:00,17.0,16.06
2001-01-11 00:00:00+00:00,18.5,16.25
2001-01-12 00:00:00+00:00,18.0,17.06
2001-01-16 00:00:00+00:00,18.25,17.0
2001-01-17 00:00:00+00:00,17.56,16.5
2001-01-18 00:00:00+00:00,18.75,17.62
2001-01-19 00:00:00+00:00,19.56,18.69
2001-01-22 00:00:00+00:00,19.62,18.44
2001-01-23 00:00:00+00:00,20.94,19.06
2001-01-24 00:00:00+00:00,20.69,19.56
2001-01-25 00:00:00+00:00,20.56,19.75
2001-01-26 00:00:00+00:00,19.81,19.06
2001-01-29 00:00:00+00:00,21.75,19.56
2001-01-30 00:00:00+00:00,22.0,20.87
2001-01-31 00:00:00+00:00,22.5,21.44
2001-02-01 00:00:00+00:00,21.5,20.5
2001-02-02 00:00:00+00:00,21.94,20.5
2001-02-05 00:00:00+00:00,20.56,19.75
2001-02-06 00:00:00+00:00,21.39,20.0
2001-02-07 00:00:00+00:00,20.87,19.81
2001-02-08 00:00:00+00:00,21.06,20.19
2001-02-09 00:00:00+00:00,20.81,18.69
2001-02-12 00:00:00+00:00,20.0,18.81
2001-02-13 00:00:00+00:00,20.44,19.0
2001-02-14 00:00:00+00:00,19.62,18.5
2001-02-15 00:00:00+00:00,20.56,19.69
2001-02-16 00:00:00+00:00,19.5,18.75
2001-02-20 00:00:00+00:00,19.44,18.19
2001-02-21 00:00:00+00:00,19.94,18.25
2001-02-22 00:00:00+00:00,19.37,18.0
2001-02-23 00:00:00+00:00,18.87,18.25
2001-02-26 00:00:00+00:00,19.69,18.56
2001-02-27 00:00:00+00:00,19.44,18.69
2001-02-28 00:00:00+00:00,19.44,18.12
2001-03-01 00:00:00+00:00,18.75,17.19
2001-03-02 00:00:00+00:00,20.44,18.25
2001-03-05 00:00:00+00:00,20.5,19.25
2001-03-06 00:00:00+00:00,22.06,20.69
2001-03-07 00:00:00+00:00,21.62,20.75
2001-03-08 00:00:00+00:00,21.12,20.44
2001-03-09 00:00:00+00:00,20.69,20.0
2001-03-12 00:00:00+00:00,19.87,18.12
2001-03-13 00:00:00+00:00,19.56,18.19
2001-03-14 00:00:00+00:00,20.5,18.44
2001-03-15 00:00:00+00:00,21.37,19.69
2001-03-16 00:00:00+00:00,20.31,18.87
2001-03-19 00:00:00+00:00,20.62,19.5
2001-03-20 00:00:00+00:00,20.94,19.69
2001-03-21 00:00:00+00:00,20.87,19.37
2001-03-22 00:00:00+00:00,21.75,20.19
2001-03-23 00:00:00+00:00,23.56,22.0
2001-03-26 00:00:00+00:00,23.75,21.13
2001-03-27 00:00:00+00:00,23.05,21.9
2001-03-28 00:00:00+00:00,22.5,21.5
2001-03-29 00:00:00+00:00,23.45,21.5
2001-03-30 00:00:00+00:00,22.72,21.34
2001-04-02 00:00:00+00:00,22.66,21.4
2001-04-03 00:00:00+00:00,21.4,20.13
2001-04-04 00:00:00+00:00,20.25,18.75
2001-04-05 00:00:00+00:00,22.5,20.0
2001-04-06 00:00:00+00:00,21.04,19.9
2001-04-09 00:00:00+00:00,21.34,20.06
2001-04-10 00:00:00+00:00,22.7,20.78
2001-04-11 00:00:00+00:00,23.0,21.28
2001-04-12 00:00:00+00:00,23.02,21.15
2001-04-16 00:00:00+00:00,22.4,20.86
2001-04-17 00:00:00+00:00,21.21,19.6
2001-04-18 00:00:00+00:00,24.08,21.08
2001-04-19 00:00:00+00:00,25.75,23.6
2001-04-20 00:00:00+00:00,25.63,24.6
2001-04-23 00:00:00+00:00,25.0,24.0
2001-04-24 00:00:00+00:00,24.75,23.51
2001-04-25 00:00:00+00:00,24.86,23.57
2001-04-26 00:00:00+00:00,26.1,24.68
2001-04-27 00:00:00+00:00,26.29,24.75
2001-04-30 00:00:00+00:00,27.12,24.87
2001-05-01 00:00:00+00:00,26.5,25.2
2001-05-02 00:00:00+00:00,26.7,25.76
2001-05-03 00:00:00+00:00,26.25,24.73
2001-05-04 00:00:00+00:00,25.85,23.96
2001-05-07 00:00:00+00:00,25.76,24.84
2001-05-08 00:00:00+00:00,25.45,23.95
2001-05-09 00:00:00+00:00,24.55,23.67
2001-05-10 00:00:00+00:00,24.5,22.95
2001-05-11 00:00:00+00:00,23.49,22.76
2001-05-14 00:00:00+00:00,23.68,22.75
2001-05-15 00:00:00+00:00,25.5,23.04
2001-05-16 00:00:00+00:00,24.5,22.85
2001-05-17 00:00:00+00:00,24.33,23.25
2001-05-18 00:00:00+00:00,23.64,23.12
2001-05-21 00:00:00+00:00,23.91,23.05
2001-05-22 00:00:00+00:00,24.13,23.4
2001-05-23 00:00:00+00:00,23.75,22.86
2001-05-24 00:00:00+00:00,23.3,22.62
2001-05-25 00:00:00+00:00,23.29,22.5
2001-05-29 00:00:00+00:00,22.5,20.81
2001-05-30 00:00:00+00:00,20.76,19.3
2001-05-31 00:00:00+00:00,20.24,19.49
2001-06-01 00:00:00+00:00,21.09,19.98
2001-06-04 00:00:00+00:00,21.11,20.46
2001-06-05 00:00:00+00:00,21.1,20.35
2001-06-06 00:00:00+00:00,20.93,20.33
2001-06-07 00:00:00+00:00,21.7,20.45
2001-06-08 00:00:00+00:00,21.65,20.71
2001-06-11 00:00:00+00:00,21.07,19.95
2001-06-12 00:00:00+00:00,20.69,19.76
2001-06-13 00:00:00+00:00,21.73,20.06
2001-06-14 00:00:00+00:00,20.45,19.77
2001-06-15 00:00:00+00:00,20.75,19.35
2001-06-18 00:00:00+00:00,20.85,20.0
2001-06-19 00:00:00+00:00,21.4,20.01
2001-06-20 00:00:00+00:00,21.85,19.98
2001-06-21 00:00:00+00:00,23.0,21.1
2001-06-22 00:00:00+00:00,23.0,21.76
2001-06-25 00:00:00+00:00,24.0,22.45
2001-06-26 00:00:00+00:00,23.77,23.01
2001-06-27 00:00:00+00:00,24.0,22.5
2001-06-28 00:00:00+00:00,23.91,22.94
2001-06-29 00:00:00+00:00,25.1,23.2
2001-07-02 00:00:00+00:00,24.23,23.14
2001-07-03 00:00:00+00:00,24.18,23.5
2001-07-05 00:00:00+00:00,23.77,23.01
2001-07-06 00:00:00+00:00,22.96,21.72
2001-07-09 00:00:00+00:00,23.0,21.68
2001-07-10 00:00:00+00:00,23.07,20.84
2001-07-11 00:00:00+00:00,22.55,21.0
2001-07-12 00:00:00+00:00,24.81,23.3
2001-07-13 00:00:00+00:00,25.01,23.84
2001-07-16 00:00:00+00:00,25.1,23.91
2001-07-17 00:00:00+00:00,25.22,23.01
2001-07-18 00:00:00+00:00,22.78,20.42
2001-07-19 00:00:00+00:00,21.42,19.75
2001-07-20 00:00:00+00:00,20.06,19.49
2001-07-23 00:00:00+00:00,20.5,19.51
2001-07-24 00:00:00+00:00,19.92,18.73
2001-07-25 00:00:00+00:00,19.3,17.97
2001-07-26 00:00:00+00:00,18.8,17.85
2001-07-27 00:00:00+00:00,19.25,18.5
2001-07-30 00:00:00+00:00,19.36,18.51
2001-07-31 00:00:00+00:00,19.42,18.51
2001-08-01 00:00:00+00:00,19.78,18.95
2001-08-02 00:00:00+00:00,19.87,19.26
2001-08-03 00:00:00+00:00,19.9,19.0
2001-08-06 00:00:00+00:00,19.66,19.0
2001-08-07 00:00:00+00:00,19.67,18.98
2001-08-08 00:00:00+00:00,19.7,18.54
2001-08-09 00:00:00+00:00,19.15,18.72
2001-08-10 00:00:00+00:00,19.32,18.59
2001-08-13 00:00:00+00:00,19.33,18.76
2001-08-14 00:00:00+00:00,19.36,18.67
2001-08-15 00:00:00+00:00,18.94,18.2
2001-08-16 00:00:00+00:00,18.75,17.97
2001-08-17 00:00:00+00:00,18.45,17.99
2001-08-20 00:00:00+00:00,18.23,17.81
2001-08-21 00:00:00+00:00,18.14,17.7
2001-08-22 00:00:00+00:00,18.25,17.61
2001-08-23 00:00:00+00:00,18.34,17.58
2001-08-24 00:00:00+00:00,18.62,17.65
2001-08-27 00:00:00+00:00,19.3,18.16
2001-08-28 00:00:00+00:00,19.14,18.4
2001-08-29 00:00:00+00:00,18.83,17.83
2001-08-30 00:00:00+00:00,18.18,17.28
2001-08-31 00:00:00+00:00,18.6,17.65
2001-09-04 00:00:00+00:00,19.08,18.18
2001-09-05 00:00:00+00:00,18.95,18.12
2001-09-06 00:00:00+00:00,18.93,17.65
2001-09-07 00:00:00+00:00,18.1,17.2
2001-09-10 00:00:00+00:00,17.5,16.92
2001-09-17 00:00:00+00:00,17.07,15.73
2001-09-18 00:00:00+00:00,17.72,16.17
2001-09-19 00:00:00+00:00,17.1,15.6
2001-09-20 00:00:00+00:00,16.95,15.5
2001-09-21 00:00:00+00:00,16.25,14.68
2001-09-24 00:00:00+00:00,16.84,15.95
2001-09-25 00:00:00+00:00,16.22,15.35
2001-09-26 00:00:00+00:00,15.89,14.93
2001-09-27 00:00:00+00:00,15.75,15.2
2001-09-28 00:00:00+00:00,15.91,15.39
2001-10-01 00:00:00+00:00,15.99,15.23
2001-10-02 00:00:00+00:00,15.83,14.88
2001-10-03 00:00:00+00:00,15.36,14.83
2001-10-04 00:00:00+00:00,16.25,14.99
2001-10-05 00:00:00+00:00,16.15,14.99
2001-10-08 00:00:00+00:00,16.35,15.5
2001-10-09 00:00:00+00:00,16.2,15.63
2001-10-10 00:00:00+00:00,16.85,15.95
2001-10-11 00:00:00+00:00,17.74,16.85
2001-10-12 00:00:00+00:00,18.08,16.86
2001-10-15 00:00:00+00:00,18.38,17.95
2001-10-16 00:00:00+00:00,18.2,17.77
2001-10-17 00:00:00+00:00,18.41,16.96
2001-10-18 00:00:00+00:00,18.23,17.29
2001-10-19 00:00:00+00:00,18.4,17.88
2001-10-22 00:00:00+00:00,19.07,18.09
2001-10-23 00:00:00+00:00,19.42,17.87
2001-10-24 00:00:00+00:00,19.09,17.75
2001-10-25 00:00:00+00:00,19.25,18.16
2001-10-26 00:00:00+00:00,19.25,18.62
2001-10-29 00:00:00+00:00,18.67,17.6
2001-10-30 00:00:00+00:00,18.0,17.06
2001-10-31 00:00:00+00:00,18.4,17.44
2001-11-01 00:00:00+00:00,18.78,17.25
2001-11-02 00:00:00+00:00,18.86,18.16
2001-11-05 00:00:00+00:00,19.25,18.61
2001-11-06 00:00:00+00:00,19.62,18.53
2001-11-07 00:00:00+00:00,20.13,19.33
2001-11-08 00:00:00+00:00,19.89,18.57
2001-11-09 00:00:00+00:00,19.25,18.55
2001-11-12 00:00:00+00:00,19.17,17.96
2001-11-13 00:00:00+00:00,19.39,18.71
2001-11-14 00:00:00+00:00,19.9,19.15
2001-11-15 00:00:00+00:00,19.9,19.23
2001-11-16 00:00:00+00:00,19.29,18.4
2001-11-19 00:00:00+00:00,20.05,18.96
2001-11-20 00:00:00+00:00,20.2,19.5
2001-11-21 00:00:00+00:00,19.8,19.26
2001-11-23 00:00:00+00:00,19.95,19.57
2001-11-26 00:00:00+00:00,21.55,19.88
2001-11-27 00:00:00+00:00,21.52,20.5
2001-11-28 00:00:00+00:00,21.21,20.41
2001-11-29 00:00:00+00:00,20.7,20.19
2001-11-30 00:00:00+00:00,21.44,20.25
2001-12-03 00:00:00+00:00,21.28,20.6
2001-12-04 00:00:00+00:00,22.56,20.72
2001-12-05 00:00:00+00:00,24.03,22.17
2001-12-06 00:00:00+00:00,23.5,22.14
2001-12-07 00:00:00+00:00,22.71,22.0
2001-12-10 00:00:00+00:00,22.99,22.23
2001-12-11 00:00:00+00:00,22.85,21.65
2001-12-12 00:00:00+00:00,21.92,21.25
2001-12-13 00:00:00+00:00,21.55,20.5
2001-12-14 00:00:00+00:00,20.83,20.09
2001-12-17 00:00:00+00:00,21.0,20.19
2001-12-18 00:00:00+00:00,21.33,20.22
2001-12-19 00:00:00+00:00,21.68,20.47
2001-12-20 00:00:00+00:00,21.47,20.62
2001-12-21 00:00:00+00:00,21.54,20.8
2001-12-24 00:00:00+00:00,21.45,20.9
2001-12-26 00:00:00+00:00,22.3,21.14
2001-12-27 00:00:00+00:00,22.25,21.58
2001-12-28 00:00:00+00:00,23.0,21.96
2001-12-31 00:00:00+00:00,22.66,21.83
2002-01-02 00:00:00+00:00,23.3,21.96
2002-01-03 00:00:00+00:00,23.75,22.77
2002-01-04 00:00:00+00:00,23.95,22.99
2002-01-07 00:00:00+00:00,24.0,22.75
2002-01-08 00:00:00+00:00,23.05,22.46
2002-01-09 00:00:00+00:00,22.93,21.28
2002-01-10 00:00:00+00:00,21.47,20.26
2002-01-11 00:00:00+00:00,21.84,20.6
2002-01-14 00:00:00+00:00,21.4,20.9
2002-01-15 00:00:00+00:00,21.76,21.21
2002-01-16 00:00:00+00:00,21.41,20.5
2002-01-17 00:00:00+00:00,22.74,21.87
2002-01-18 00:00:00+00:00,22.6,21.96
2002-01-22 00:00:00+00:00,22.37,21.82
2002-01-23 00:00:00+00:00,23.04,21.59
2002-01-24 00:00:00+00:00,23.51,22.9
2002-01-25 00:00:00+00:00,23.42,22.66
2002-01-28 00:00:00+00:00,23.55,22.72
2002-01-29 00:00:00+00:00,23.54,22.85
2002-01-30 00:00:00+00:00,24.14,22.94
2002-01-31 00:00:00+00:00,24.73,24.11
2002-02-01 00:00:00+00:00,24.96,24.34
2002-02-04 00:00:00+00:00,25.52,24.2
2002-02-05 00:00:00+00:00,25.98,25.08
2002-02-06 00:00:00+00:00,25.98,24.15
2002-02-07 00:00:00+00:00,25.29,24.08
2002-02-08 00:00:00+00:00,24.64,23.37
2002-02-11 00:00:00+00:00,25.0,23.74
2002-02-12 00:00:00+00:00,25.04,24.45
2002-02-13 00:00:00+00:00,25.24,24.65
2002-02-14 00:00:00+00:00,25.23,24.38
2002-02-15 00:00:00+00:00,24.98,23.85
2002-02-19 00:00:00+00:00,23.9,22.48
2002-02-20 00:00:00+00:00,23.2,22.35
2002-02-21 00:00:00+00:00,23.0,21.45
2002-02-22 00:00:00+00:00,22.95,21.5
2002-02-25 00:00:00+00:00,24.72,22.36
2002-02-26 00:00:00+00:00,24.37,23.25
2002-02-27 00:00:00+00:00,24.25,20.94
2002-02-28 00:00:00+00:00,22.59,21.35
2002-03-01 00:00:00+00:00,23.5,21.82
2002-03-04 00:00:00+00:00,24.58,22.76
2002-03-05 00:00:00+00:00,24.43,23.4
2002-03-06 00:00:00+00:00,24.34,22.93
2002-03-07 00:00:00+00:00,24.53,23.61
2002-03-08 00:00:00+00:00,25.09,24.3
2002-03-11 00:00:00+00:00,25.14,24.1
2002-03-12 00:00:00+00:00,24.74,24.1
2002-03-13 00:00:00+00:00,24.85,24.15
2002-03-14 00:00:00+00:00,24.6,23.88
2002-03-15 00:00:00+00:00,24.96,24.25
2002-03-18 00:00:00+00:00,25.05,24.32
2002-03-19 00:00:00+00:00,25.3,24.3
2002-03-20 00:00:00+00:00,25.14,24.5
2002-03-21 00:00:00+00:00,24.3,23.26
2002-03-22 00:00:00+00:00,24.56,23.87
2002-03-25 00:00:00+00:00,24.09,23.24
2002-03-26 00:00:00+00:00,23.64,23.0
2002-03-27 00:00:00+00:00,23.72,23.26
2002-03-28 00:00:00+00:00,23.88,23.46
2002-04-01 00:00:00+00:00,24.7,23.28
2002-04-02 00:00:00+00:00,24.3,23.87
2002-04-03 00:00:00+00:00,24.49,23.6
2002-04-04 00:00:00+00:00,25.05,23.67
2002-04-05 00:00:00+00:00,25.19,24.1
2002-04-08 00:00:00+00:00,24.68,23.78
2002-04-09 00:00:00+00:00,25.0,24.01
2002-04-10 00:00:00+00:00,24.95,24.01
2002-04-11 00:00:00+00:00,25.2,24.75
2002-04-12 00:00:00+00:00,25.17,24.57
2002-04-15 00:00:00+00:00,25.15,24.8
2002-04-16 00:00:00+00:00,26.0,25.12
2002-04-17 00:00:00+00:00,26.17,25.38
2002-04-18 00:00:00+00:00,25.52,24.88
2002-04-19 00:00:00+00:00,25.49,24.93
2002-04-22 00:00:00+00:00,24.93,24.23
2002-04-23 00:00:00+00:00,24.78,24.09
2002-04-24 00:00:00+00:00,24.5,23.68
2002-04-25 00:00:00+00:00,24.34,23.55
2002-04-26 00:00:00+00:00,24.37,23.0
2002-04-29 00:00:00+00:00,24.06,23.09
2002-04-30 00:00:00+00:00,24.38,23.75
2002-05-01 00:00:00+00:00,24.29,23.36
2002-05-02 00:00:00+00:00,24.34,23.6
2002-05-03 00:00:00+00:00,24.02,23.43
2002-05-06 00:00:00+00:00,23.5,22.46
2002-05-07 00:00:00+00:00,22.95,22.14
2002-05-08 00:00:00+00:00,24.52,23.04
2002-05-09 00:00:00+00:00,24.35,23.8
2002-05-10 00:00:00+00:00,24.29,22.98
2002-05-13 00:00:00+00:00,24.09,22.94
2002-05-14 00:00:00+00:00,25.68,24.22
2002-05-15 00:00:00+00:00,25.98,24.84
2002-05-16 00:00:00+00:00,25.45,24.75
2002-05-17 00:00:00+00:00,25.78,24.61
2002-05-20 00:00:00+00:00,24.93,24.53
2002-05-21 00:00:00+00:00,25.0,23.4
2002-05-22 00:00:00+00:00,24.37,23.32
2002-05-23 00:00:00+00:00,25.24,24.07
2002-05-24 00:00:00+00:00,24.99,23.96
2002-05-28 00:00:00+00:00,24.2,23.43
2002-05-29 00:00:00+00:00,24.44,23.45
2002-05-30 00:00:00+00:00,24.38,23.51
2002-05-31 00:00:00+00:00,24.25,23.28
2002-06-03 00:00:00+00:00,23.45,22.58
2002-06-04 00:00:00+00:00,23.04,22.18
2002-06-05 00:00:00+00:00,22.89,22.35
2002-06-06 00:00:00+00:00,23.23,22.04
2002-06-07 00:00:00+00:00,21.94,20.93
2002-06-10 00:00:00+00:00,21.84,21.34
2002-06-11 00:00:00+00:00,21.7,20.41
2002-06-12 00:00:00+00:00,20.75,19.94
2002-06-13 00:00:00+00:00,20.05,19.38
2002-06-14 00:00:00+00:00,20.36,18.11
2002-06-17 00:00:00+00:00,20.63,19.85
2002-06-18 00:00:00+00:00,20.59,19.98
2002-06-19 00:00:00+00:00,17.6,16.88
2002-06-20 00:00:00+00:00,17.6,16.85
2002-06-21 00:00:00+00:00,17.49,16.79
2002-06-24 00:00:00+00:00,17.73,16.7
2002-06-25 00:00:00+00:00,17.68,16.86
2002-06-26 00:00:00+00:00,17.29,15.98
2002-06-27 00:00:00+00:00,17.27,16.42
2002-06-28 00:00:00+00:00,17.82,17.0
2002-07-01 00:00:00+00:00,17.88,17.05
2002-07-02 00:00:00+00:00,17.16,16.83
2002-07-03 00:00:00+00:00,17.68,16.75
2002-07-05 00:00:00+00:00,18.75,17.71
2002-07-08 00:00:00+00:00,18.61,17.68
2002-07-09 00:00:00+00:00,18.29,17.46
2002-07-10 00:00:00+00:00,18.17,17.25
2002-07-11 00:00:00+00:00,18.35,16.97
2002-07-12 00:00:00+00:00,18.79,17.26
2002-07-15 00:00:00+00:00,18.6,16.81
2002-07-16 00:00:00+00:00,18.57,17.61
2002-07-17 00:00:00+00:00,16.2,15.19
2002-07-18 00:00:00+00:00,15.56,14.75
2002-07-19 00:00:00+00:00,15.17,14.53
2002-07-22 00:00:00+00:00,15.19,14.61
2002-07-23 00:00:00+00:00,15.13,14.44
2002-07-24 00:00:00+00:00,15.22,14.25
2002-07-25 00:00:00+00:00,14.95,14.01
2002-07-26 00:00:00+00:00,14.53,13.8
2002-07-29 00:00:00+00:00,15.1,14.37
2002-07-30 00:00:00+00:00,15.51,14.56
2002-07-31 00:00:00+00:00,15.42,14.9
2002-08-01 00:00:00+00:00,15.42,14.73
2002-08-02 00:00:00+00:00,15.0,14.25
2002-08-05 00:00:00+00:00,14.7,13.97
2002-08-06 00:00:00+00:00,15.23,14.08
2002-08-07 00:00:00+00:00,15.36,14.35
2002-08-08 00:00:00+00:00,15.38,14.77
2002-08-09 00:00:00+00:00,15.25,14.75
2002-08-12 00:00:00+00:00,15.02,14.69
2002-08-13 00:00:00+00:00,15.21,14.55
2002-08-14 00:00:00+00:00,15.35,14.54
2002-08-15 00:00:00+00:00,15.75,15.01
2002-08-16 00:00:00+00:00,16.1,15.28
2002-08-19 00:00:00+00:00,16.25,15.72
2002-08-20 00:00:00+00:00,16.09,15.53
2002-08-21 00:00:00+00:00,16.24,15.45
2002-08-22 00:00:00+00:00,16.25,15.66
2002-08-23 00:00:00+00:00,15.93,15.45
2002-08-26 00:00:00+00:00,15.95,15.16
2002-08-27 00:00:00+00:00,15.74,14.71
2002-08-28 00:00:00+00:00,15.12,14.65
2002-08-29 00:00:00+00:00,15.08,14.51
2002-08-30 00:00:00+00:00,15.14,14.58
2002-09-03 00:00:00+00:00,14.55,14.05
2002-09-04 00:00:00+00:00,14.78,14.17
2002-09-05 00:00:00+00:00,14.36,14.05
2002-09-06 00:00:00+00:00,14.65,14.23
2002-09-09 00:00:00+00:00,14.53,14.15
2002-09-10 00:00:00+00:00,14.5,14.12
2002-09-11 00:00:00+00:00,14.6,14.15
2002-09-12 00:00:00+00:00,14.51,14.12
2002-09-13 00:00:00+00:00,14.34,14.05
2002-09-16 00:00:00+00:00,14.61,14.12
2002-09-17 00:00:00+00:00,15.03,14.57
2002-09-18 00:00:00+00:00,15.09,14.52
2002-09-19 00:00:00+00:00,14.8,14.48
2002-09-20 00:00:00+00:00,14.94,14.52
2002-09-23 00:00:00+00:00,14.96,14.45
2002-09-24 00:00:00+00:00,14.82,14.4
2002-09-25 00:00:00+00:00,15.17,14.65
2002-09-26 00:00:00+00:00,15.19,14.55
2002-09-27 00:00:00+00:00,14.85,14.48
2002-09-30 00:00:00+00:00,14.57,14.14
2002-10-01 00:00:00+00:00,14.6,14.0
2002-10-02 00:00:00+00:00,14.63,14.1
2002-10-03 00:00:00+00:00,14.6,14.06
2002-10-04 00:00:00+00:00,14.4,14.0
2002-10-07 00:00:00+00:00,14.21,13.76
2002-10-08 00:00:00+00:00,13.96,13.36
2002-10-09 00:00:00+00:00,13.85,13.41
2002-10-10 00:00:00+00:00,14.22,13.58
2002-10-11 00:00:00+00:00,14.78,14.1
2002-10-14 00:00:00+00:00,14.98,14.44
2002-10-15 00:00:00+00:00,15.25,14.78
2002-10-16 00:00:00+00:00,15.13,14.46
2002-10-17 00:00:00+00:00,14.39,13.98
2002-10-18 00:00:00+00:00,14.35,13.93
2002-10-21 00:00:00+00:00,14.63,14.0
2002-10-22 00:00:00+00:00,14.88,14.26
2002-10-23 00:00:00+00:00,14.98,14.5
2002-10-24 00:00:00+00:00,15.21,14.55
2002-10-25 00:00:00+00:00,15.45,14.59
2002-10-28 00:00:00+00:00,15.95,15.25
2002-10-29 00:00:00+00:00,15.88,14.96
2002-10-30 00:00:00+00:00,16.37,15.48
2002-10-31 00:00:00+00:00,16.44,15.92
2002-11-01 00:00:00+00:00,16.5,15.89
2002-11-04 00:00:00+00:00,17.38,16.35
2002-11-05 00:00:00+00:00,16.97,16.35
2002-11-06 00:00:00+00:00,17.32,16.7
2002-11-07 00:00:00+00:00,17.1,15.81
2002-11-08 00:00:00+00:00,16.2,15.52
2002-11-11 00:00:00+00:00,15.89,15.12
2002-11-12 00:00:00+00:00,16.04,15.28
2002-11-13 00:00:00+00:00,16.07,15.28
2002-11-14 00:00:00+00:00,16.41,15.78
2002-11-15 00:00:00+00:00,16.24,15.76
2002-11-18 00:00:00+00:00,16.2,15.52
2002-11-19 00:00:00+00:00,15.75,15.01
2002-11-20 00:00:00+00:00,15.7,15.25
2002-11-21 00:00:00+00:00,16.44,15.75
2002-11-22 00:00:00+00:00,16.31,15.9
2002-11-25 00:00:00+00:00,16.14,15.71
2002-11-26 00:00:00+00:00,15.9,15.27
2002-11-27 00:00:00+00:00,15.86,15.45
2002-11-29 00:00:00+00:00,15.88,15.42
2002-12-02 00:00:00+00:00,16.1,15.01
2002-12-03 00:00:00+00:00,15.34,15.1
2002-12-04 00:00:00+00:00,15.19,14.5
2002-12-05 00:00:00+00:00,15.08,14.53
2002-12-06 00:00:00+00:00,15.19,14.52
2002-12-09 00:00:00+00:00,14.95,14.67
2002-12-10 00:00:00+00:00,15.45,14.73
2002-12-11 00:00:00+00:00,15.49,15.08
2002-12-12 00:00:00+00:00,15.55,15.01
2002-12-13 00:00:00+00:00,15.15,14.65
2002-12-16 00:00:00+00:00,15.1,14.61
2002-12-17 00:00:00+00:00,15.19,14.66
2002-12-18 00:00:00+00:00,14.86,14.5
2002-12-19 00:00:00+00:00,14.92,14.1
2002-12-20 00:00:00+00:00,14.56,13.78
2002-12-23 00:00:00+00:00,14.55,14.12
2002-12-24 00:00:00+00:00,14.47,14.3
2002-12-26 00:00:00+00:00,14.81,14.28
2002-12-27 00:00:00+00:00,14.38,14.01
2002-12-30 00:00:00+00:00,14.15,13.84
2002-12-31 00:00:00+00:00,14.36,13.95
2003-01-02 00:00:00+00:00,14.92,14.35
2003-01-03 00:00:00+00:00,14.93,14.59
2003-01-06 00:00:00+00:00,15.38,14.88
2003-01-07 00:00:00+00:00,15.0,14.47
2003-01-08 00:00:00+00:00,14.71,14.44
2003-01-09 00:00:00+00:00,14.92,14.5
2003-01-10 00:00:00+00:00,14.82,14.49
2003-01-13 00:00:00+00:00,14.9,14.36
2003-01-14 00:00:00+00:00,14.82,14.49
2003-01-15 00:00:00+00:00,14.7,14.26
2003-01-16 00:00:00+00:00,14.76,14.21
2003-01-17 00:00:00+00:00,14.56,14.08
2003-01-21 00:00:00+00:00,14.41,14.0
2003-01-22 00:00:00+00:00,14.15,13.8
2003-01-23 00:00:00+00:00,14.36,13.95
2003-01-24 00:00:00+00:00,14.24,13.56
2003-01-27 00:00:00+00:00,14.5,13.65
2003-01-28 00:00:00+00:00,14.69,14.16
2003-01-29 00:00:00+00:00,14.69,14.16
2003-01-30 00:00:00+00:00,15.07,14.29
2003-01-31 00:00:00+00:00,14.55,14.05
2003-02-03 00:00:00+00:00,14.91,14.35
2003-02-04 00:00:00+00:00,14.65,14.31
2003-02-05 00:00:00+00:00,14.93,14.45
2003-02-06 00:00:00+00:00,14.59,14.22
2003-02-07 00:00:00+00:00,14.6,14.07
2003-02-10 00:00:00+00:00,14.57,14.06
2003-02-11 00:00:00+00:00,14.63,14.2
2003-02-12 00:00:00+00:00,14.6,14.27
2003-02-13 00:00:00+00:00,14.64,14.24
2003-02-14 00:00:00+00:00,14.72,14.35
2003-02-18 00:00:00+00:00,15.3,14.72
2003-02-19 00:00:00+00:00,15.15,14.68
2003-02-20 00:00:00+00:00,14.96,14.71
2003-02-21 00:00:00+00:00,15.06,14.65
2003-02-24 00:00:00+00:00,15.03,13.8
2003-02-25 00:00:00+00:00,15.08,14.59
2003-02-26 00:00:00+00:00,15.02,14.48
2003-02-27 00:00:00+00:00,15.0,14.51
2003-02-28 00:00:00+00:00,15.09,14.77
2003-03-03 00:00:00+00:00,15.16,14.55
2003-03-04 00:00:00+00:00,14.81,14.44
2003-03-05 00:00:00+00:00,14.8,14.52
2003-03-06 00:00:00+00:00,14.6,14.4
2003-03-07 00:00:00+00:00,14.71,14.31
2003-03-10 00:00:00+00:00,14.67,14.3
2003-03-11 00:00:00+00:00,14.49,14.12
2003-03-12 00:00:00+00:00,14.39,14.06
2003-03-13 00:00:00+00:00,14.8,14.17
2003-03-14 00:00:00+00:00,15.01,14.64
2003-03-17 00:00:00+00:00,15.07,14.71
2003-03-18 00:00:00+00:00,15.09,14.82
2003-03-19 00:00:00+00:00,15.15,14.79
2003-03-20 00:00:00+00:00,14.99,14.6
2003-03-21 00:00:00+00:00,15.15,14.82
2003-03-24 00:00:00+00:00,14.8,14.35
2003-03-25 00:00:00+00:00,14.83,14.37
2003-03-26 00:00:00+00:00,14.56,14.3
2003-03-27 00:00:00+00:00,14.7,14.32
2003-03-28 00:00:00+00:00,14.62,14.37
2003-03-31 00:00:00+00:00,14.53,14.04
2003-04-01 00:00:00+00:00,14.31,14.07
2003-04-02 00:00:00+00:00,14.69,14.2675
2003-04-03 00:00:00+00:00,14.7,14.35
2003-04-04 00:00:00+00:00,14.67,14.39
2003-04-07 00:00:00+00:00,14.95,14.41
2003-04-08 00:00:00+00:00,14.65,14.3642
2003-04-09 00:00:00+00:00,14.62,14.14
2003-04-10 00:00:00+00:00,14.39,14.2
2003-04-11 00:00:00+00:00,14.44,12.93
2003-04-14 00:00:00+00:00,13.75,13.5
2003-04-15 00:00:00+00:00,13.6,13.3
2003-04-16 00:00:00+00:00,13.67,12.92
2003-04-17 00:00:00+00:00,13.25,12.72
2003-04-21 00:00:00+00:00,13.19,12.98
2003-04-22 00:00:00+00:00,13.62,13.09
2003-04-23 00:00:00+00:00,13.63,13.37
2003-04-24 00:00:00+00:00,13.61,13.0
2003-04-25 00:00:00+00:00,13.58,13.23
2003-04-28 00:00:00+00:00,13.96,13.43
2003-04-29 00:00:00+00:00,14.16,13.58
2003-04-30 00:00:00+00:00,14.35,13.85
2003-05-01 00:00:00+00:00,14.39,14.0
2003-05-02 00:00:00+00:00,14.59,14.34
2003-05-05 00:00:00+00:00,16.88,14.75
2003-05-06 00:00:00+00:00,17.9,16.108
2003-05-07 00:00:00+00:00,18.24,17.11
2003-05-08 00:00:00+00:00,18.07,17.299
2003-05-09 00:00:00+00:00,18.4,17.88
2003-05-12 00:00:00+00:00,18.74,18.13
2003-05-13 00:00:00+00:00,18.97,17.95
2003-05-14 00:00:00+00:00,18.84,18.43
2003-05-15 00:00:00+00:00,18.85,18.47
2003-05-16 00:00:00+00:00,19.0,18.28
2003-05-19 00:00:00+00:00,18.65,18.06
2003-05-20 00:00:00+00:00,18.16,17.6
2003-05-21 00:00:00+00:00,18.09,17.67
2003-05-22 00:00:00+00:00,18.4,17.74
2003-05-23 00:00:00+00:00,18.46,17.96
2003-05-27 00:00:00+00:00,18.9,17.91
2003-05-28 00:00:00+00:00,18.655,18.15
2003-05-29 00:00:00+00:00,18.5,17.9
2003-05-30 00:00:00+00:00,18.18,17.53
2003-06-02 00:00:00+00:00,18.29,17.27
2003-06-03 00:00:00+00:00,17.67,17.02
2003-06-04 00:00:00+00:00,17.79,17.14
2003-06-05 00:00:00+00:00,17.74,17.33
2003-06-06 00:00:00+00:00,18.04,17.14
2003-06-09 00:00:00+00:00,17.04,16.63
2003-06-10 00:00:00+00:00,17.29,16.75
2003-06-11 00:00:00+00:00,17.51,16.814
2003-06-12 00:00:00+00:00,17.88,17.45
2003-06-13 00:00:00+00:00,17.95,17.13
2003-06-16 00:00:00+00:00,18.27,17.45
2003-06-17 00:00:00+00:00,18.5,17.99
2003-06-18 00:00:00+00:00,19.48,18.309
2003-06-19 00:00:00+00:00,19.61,18.77
2003-06-20 00:00:00+00:00,19.58,18.9
2003-06-23 00:00:00+00:00,19.69,18.75
2003-06-24 00:00:00+00:00,19.67,18.72
2003-06-25 00:00:00+00:00,19.4,18.71
2003-06-26 00:00:00+00:00,19.32,18.7
2003-06-27 00:00:00+00:00,19.31,18.48
2003-06-30 00:00:00+00:00,19.21,18.59
2003-07-01 00:00:00+00:00,19.18,18.51
2003-07-02 00:00:00+00:00,19.4,19.02
2003-07-03 00:00:00+00:00,19.55,18.98
2003-07-07 00:00:00+00:00,20.18,19.13
2003-07-08 00:00:00+00:00,20.5,19.49
2003-07-09 00:00:00+00:00,20.45,19.885
2003-07-10 00:00:00+00:00,19.94,19.37
2003-07-11 00:00:00+00:00,20.0,19.531
2003-07-14 00:00:00+00:00,20.4,19.87
2003-07-15 00:00:00+00:00,20.24,19.43
2003-07-16 00:00:00+00:00,20.0,19.38
2003-07-17 00:00:00+00:00,20.95,20.13
2003-07-18 00:00:00+00:00,21.18,20.4
2003-07-21 00:00:00+00:00,20.8,20.2999
2003-07-22 00:00:00+00:00,20.96,20.5
2003-07-23 00:00:00+00:00,20.96,20.46
2003-07-24 00:00:00+00:00,21.5,20.38
2003-07-25 00:00:00+00:00,21.57,20.4
2003-07-28 00:00:00+00:00,21.505,20.86
2003-07-29 00:00:00+00:00,21.08,20.52
2003-07-30 00:00:00+00:00,20.9,20.17
2003-07-31 00:00:00+00:00,21.35,20.57
2003-08-01 00:00:00+00:00,21.27,20.64
2003-08-04 00:00:00+00:00,21.5,20.28
2003-08-05 00:00:00+00:00,21.4,20.1
2003-08-06 00:00:00+00:00,20.17,19.5
2003-08-07 00:00:00+00:00,20.09,19.42
2003-08-08 00:00:00+00:00,20.13,19.6
2003-08-11 00:00:00+00:00,19.93,19.51
2003-08-12 00:00:00+00:00,19.8,19.46
2003-08-13 00:00:00+00:00,20.34,19.58
2003-08-14 00:00:00+00:00,20.33,19.94
2003-08-15 00:00:00+00:00,20.07,19.66
2003-08-18 00:00:00+00:00,20.41,19.72
2003-08-19 00:00:00+00:00,20.45,20.0
2003-08-20 00:00:00+00:00,21.27,20.14
2003-08-21 00:00:00+00:00,21.707,20.95
2003-08-22 00:00:00+00:00,22.0,20.636
2003-08-25 00:00:00+00:00,20.91,20.49
2003-08-26 00:00:00+00:00,21.07,20.35
2003-08-27 00:00:00+00:00,21.48,20.66
2003-08-28 00:00:00+00:00,22.22,21.33
2003-08-29 00:00:00+00:00,22.85,22.049
2003-09-02 00:00:00+00:00,22.9,22.4
2003-09-03 00:00:00+00:00,23.32,22.76
2003-09-04 00:00:00+00:00,23.25,22.77
2003-09-05 00:00:00+00:00,23.15,22.41
2003-09-08 00:00:00+00:00,22.79,22.47
2003-09-09 00:00:00+00:00,22.67,22.12
2003-09-10 00:00:00+00:00,22.61,22.11
2003-09-11 00:00:00+00:00,22.79,22.1
2003-09-12 00:00:00+00:00,23.14,22.31
2003-09-15 00:00:00+00:00,22.9,22.12
2003-09-16 00:00:00+00:00,22.695,22.2
2003-09-17 00:00:00+00:00,22.38,21.855
2003-09-18 00:00:00+00:00,22.99,21.95
2003-09-19 00:00:00+00:00,23.05,22.43
2003-09-22 00:00:00+00:00,22.5,21.92
2003-09-23 00:00:00+00:00,22.46,21.88
2003-09-24 00:00:00+00:00,22.31,21.0824
2003-09-25 00:00:00+00:00,21.37,20.25
2003-09-26 00:00:00+00:00,21.42,20.149
2003-09-29 00:00:00+00:00,21.67,20.65
2003-09-30 00:00:00+00:00,21.22,20.44
2003-10-01 00:00:00+00:00,21.1,20.19
2003-10-02 00:00:00+00:00,20.8,20.28
2003-10-03 00:00:00+00:00,21.86,20.88
2003-10-06 00:00:00+00:00,22.33,21.58
2003-10-07 00:00:00+00:00,23.41,21.91
2003-10-08 00:00:00+00:00,23.54,22.73
2003-10-09 00:00:00+00:00,23.67,22.79
2003-10-10 00:00:00+00:00,23.81,23.37
2003-10-13 00:00:00+00:00,24.41,23.72
2003-10-14 00:00:00+00:00,24.74,24.188
2003-10-15 00:00:00+00:00,25.011,24.581
2003-10-16 00:00:00+00:00,23.84,22.41
2003-10-17 00:00:00+00:00,23.49,22.43
2003-10-20 00:00:00+00:00,23.34,22.38
2003-10-21 00:00:00+00:00,23.4,22.75
2003-10-22 00:00:00+00:00,23.2,22.68
2003-10-23 00:00:00+00:00,23.15,22.59
2003-10-24 00:00:00+00:00,22.85,22.23
2003-10-27 00:00:00+00:00,22.89,22.49
2003-10-28 00:00:00+00:00,23.77,22.4
2003-10-29 00:00:00+00:00,23.9,23.34
2003-10-30 00:00:00+00:00,24.0,22.87
2003-10-31 00:00:00+00:00,23.35,22.78
2003-11-03 00:00:00+00:00,23.3,22.78
2003-11-04 00:00:00+00:00,23.1,22.59
2003-11-05 00:00:00+00:00,23.13,22.47
2003-11-06 00:00:00+00:00,23.15,22.65
2003-11-07 00:00:00+00:00,23.24,22.45
2003-11-10 00:00:00+00:00,22.65,21.84
2003-11-11 00:00:00+00:00,22.02,21.48
2003-11-12 00:00:00+00:00,22.72,21.48
2003-11-13 00:00:00+00:00,22.56,21.92
2003-11-14 00:00:00+00:00,22.61,21.28
2003-11-17 00:00:00+00:00,21.37,20.95
2003-11-18 00:00:00+00:00,21.34,20.35
2003-11-19 00:00:00+00:00,20.65,20.26
2003-11-20 00:00:00+00:00,21.08,20.1
2003-11-21 00:00:00+00:00,20.58,19.85
2003-11-24 00:00:00+00:00,21.27,20.45
2003-11-25 00:00:00+00:00,21.25,20.614
2003-11-26 00:00:00+00:00,21.15,20.249
2003-11-28 00:00:00+00:00,21.07,20.52
2003-12-01 00:00:00+00:00,21.85,21.0
2003-12-02 00:00:00+00:00,21.9,21.41
2003-12-03 00:00:00+00:00,21.84,20.96
2003-12-04 00:00:00+00:00,21.17,20.77
2003-12-05 00:00:00+00:00,21.15,20.73
2003-12-08 00:00:00+00:00,21.08,20.41
2003-12-09 00:00:00+00:00,21.25,20.4
2003-12-10 00:00:00+00:00,20.61,19.96
2003-12-11 00:00:00+00:00,21.34,20.21
2003-12-12 00:00:00+00:00,21.32,20.7
2003-12-15 00:00:00+00:00,21.49,20.07
2003-12-16 00:00:00+00:00,20.49,20.01
2003-12-17 00:00:00+00:00,20.13,19.79
2003-12-18 00:00:00+00:00,20.18,19.9
2003-12-19 00:00:00+00:00,20.42,19.62
2003-12-22 00:00:00+00:00,19.89,19.25
2003-12-23 00:00:00+00:00,19.95,19.6
2003-12-24 00:00:00+00:00,20.59,19.65
2003-12-26 00:00:00+00:00,20.91,20.34
2003-12-29 00:00:00+00:00,21.16,20.86
2003-12-30 00:00:00+00:00,21.5,21.15
2003-12-31 00:00:00+00:00,21.53,21.18
2004-01-02 00:00:00+00:00,21.75,21.18
2004-01-05 00:00:00+00:00,22.39,21.42
2004-01-06 00:00:00+00:00,22.42,21.71
2004-01-07 00:00:00+00:00,22.83,21.93
2004-01-08 00:00:00+00:00,23.73,22.65
2004-01-09 00:00:00+00:00,24.13,22.79
2004-01-12 00:00:00+00:00,24.0,23.1
2004-01-13 00:00:00+00:00,24.84,23.86
2004-01-14 00:00:00+00:00,24.54,23.777
2004-01-15 00:00:00+00:00,23.4,22.5
2004-01-16 00:00:00+00:00,23.04,22.61
2004-01-20 00:00:00+00:00,22.8,22.25
2004-01-21 00:00:00+00:00,22.97,22.43
2004-01-22 00:00:00+00:00,22.833,22.18
2004-01-23 00:00:00+00:00,22.7398,22.25
2004-01-26 00:00:00+00:00,23.06,22.43
2004-01-27 00:00:00+00:00,23.25,22.798
2004-01-28 00:00:00+00:00,23.38,22.41
2004-01-29 00:00:00+00:00,22.8,22.19
2004-01-30 00:00:00+00:00,22.87,22.42
2004-02-02 00:00:00+00:00,22.81,22.08
2004-02-03 00:00:00+00:00,22.4,22.0
2004-02-04 00:00:00+00:00,22.09,21.7
2004-02-05 00:00:00+00:00,22.91,21.81
2004-02-06 00:00:00+00:00,22.89,22.4
2004-02-09 00:00:00+00:00,22.86,22.5
2004-02-10 00:00:00+00:00,23.12,22.44
2004-02-11 00:00:00+00:00,23.87,23.05
2004-02-12 00:00:00+00:00,23.99,23.6
2004-02-13 00:00:00+00:00,24.1,22.83
2004-02-17 00:00:00+00:00,23.49,23.1
2004-02-18 00:00:00+00:00,23.44,23.05
2004-02-19 00:00:00+00:00,23.64,22.41
2004-02-20 00:00:00+00:00,22.51,22.21
2004-02-23 00:00:00+00:00,22.46,21.8899
2004-02-24 00:00:00+00:00,22.74,22.0
2004-02-25 00:00:00+00:00,22.9,22.21
2004-02-26 00:00:00+00:00,23.18,22.8
2004-02-27 00:00:00+00:00,24.02,22.95
2004-03-01 00:00:00+00:00,24.3,23.87
2004-03-02 00:00:00+00:00,24.1,23.77
2004-03-03 00:00:00+00:00,24.19,23.6
2004-03-04 00:00:00+00:00,25.22,23.91
2004-03-05 00:00:00+00:00,27.49,24.9
2004-03-08 00:00:00+00:00,26.79,25.8
2004-03-09 00:00:00+00:00,27.23,25.75
2004-03-10 00:00:00+00:00,28.14,26.94
2004-03-11 00:00:00+00:00,28.04,27.09
2004-03-12 00:00:00+00:00,27.78,27.17
2004-03-15 00:00:00+00:00,27.35,26.26
2004-03-16 00:00:00+00:00,26.61,25.39
2004-03-17 00:00:00+00:00,26.38,25.78
2004-03-18 00:00:00+00:00,26.06,25.59
2004-03-19 00:00:00+00:00,26.94,25.54
2004-03-22 00:00:00+00:00,26.17,25.25
2004-03-23 00:00:00+00:00,26.0,25.22
2004-03-24 00:00:00+00:00,25.75,25.27
2004-03-25 00:00:00+00:00,26.91,25.89
2004-03-26 00:00:00+00:00,27.36,26.91
2004-03-29 00:00:00+00:00,27.99,27.2
2004-03-30 00:00:00+00:00,27.95,27.34
2004-03-31 00:00:00+00:00,27.98,26.95
2004-04-01 00:00:00+00:00,27.27,26.62
2004-04-02 00:00:00+00:00,27.93,27.23
2004-04-05 00:00:00+00:00,28.37,27.44
2004-04-06 00:00:00+00:00,28.15,27.43
2004-04-07 00:00:00+00:00,27.7,26.92
2004-04-08 00:00:00+00:00,28.0,27.2
2004-04-12 00:00:00+00:00,28.1,27.49
2004-04-13 00:00:00+00:00,28.03,26.84
2004-04-14 00:00:00+00:00,27.07,26.31
2004-04-15 00:00:00+00:00,29.58,28.16
2004-04-16 00:00:00+00:00,29.31,28.5
2004-04-19 00:00:00+00:00,28.75,27.83
2004-04-20 00:00:00+00:00,28.41,27.56
2004-04-21 00:00:00+00:00,28.12,27.37
2004-04-22 00:00:00+00:00,28.18,27.11
2004-04-23 00:00:00+00:00,28.0,27.05
2004-04-26 00:00:00+00:00,27.635,27.0
2004-04-27 00:00:00+00:00,27.44,26.69
2004-04-28 00:00:00+00:00,27.01,26.34
2004-04-29 00:00:00+00:00,27.0,25.98
2004-04-30 00:00:00+00:00,26.96,25.49
2004-05-03 00:00:00+00:00,26.33,25.74
2004-05-04 00:00:00+00:00,26.55,25.5
2004-05-05 00:00:00+00:00,26.75,25.96
2004-05-06 00:00:00+00:00,26.75,25.9
2004-05-07 00:00:00+00:00,27.57,26.55
2004-05-10 00:00:00+00:00,26.6,25.94
2004-05-11 00:00:00+00:00,27.19,26.4
2004-05-12 00:00:00+00:00,27.34,26.24
2004-05-13 00:00:00+00:00,27.72,26.9
2004-05-14 00:00:00+00:00,27.32,26.45
2004-05-17 00:00:00+00:00,27.06,26.36
2004-05-18 00:00:00+00:00,27.29,26.8
2004-05-19 00:00:00+00:00,27.5,26.42
2004-05-20 00:00:00+00:00,27.0,26.47
2004-05-21 00:00:00+00:00,27.2,26.73
2004-05-24 00:00:00+00:00,27.9,27.11
2004-05-25 00:00:00+00:00,28.51,27.29
2004-05-26 00:00:00+00:00,28.78,28.0
2004-05-27 00:00:00+00:00,28.6,27.82
2004-05-28 00:00:00+00:00,28.27,27.8
2004-06-01 00:00:00+00:00,28.2,27.61
2004-06-02 00:00:00+00:00,29.17,27.8
2004-06-03 00:00:00+00:00,28.99,28.29
2004-06-04 00:00:00+00:00,29.25,28.51
2004-06-07 00:00:00+00:00,29.98,28.81
2004-06-08 00:00:00+00:00,30.44,29.83
2004-06-09 00:00:00+00:00,30.71,30.0
2004-06-10 00:00:00+00:00,30.97,30.2
2004-06-14 00:00:00+00:00,30.68,29.5
2004-06-15 00:00:00+00:00,31.14,30.26
2004-06-16 00:00:00+00:00,33.32,30.53
2004-06-17 00:00:00+00:00,33.13,32.21
2004-06-18 00:00:00+00:00,33.409,32.43
2004-06-21 00:00:00+00:00,33.5,32.12
2004-06-22 00:00:00+00:00,33.09,32.29
2004-06-23 00:00:00+00:00,33.83,32.89
2004-06-24 00:00:00+00:00,33.7,32.98
2004-06-25 00:00:00+00:00,33.7,33.0
2004-06-28 00:00:00+00:00,34.19,32.21
2004-06-29 00:00:00+00:00,32.99,31.41
2004-06-30 00:00:00+00:00,32.97,31.89
2004-07-01 00:00:00+00:00,32.48,31.9
2004-07-02 00:00:00+00:00,31.18,29.73
2004-07-06 00:00:00+00:00,31.42,30.8
2004-07-07 00:00:00+00:00,31.36,30.13
2004-07-08 00:00:00+00:00,30.68,29.95
2004-07-09 00:00:00+00:00,30.5,30.03
2004-07-12 00:00:00+00:00,30.04,28.93
2004-07-13 00:00:00+00:00,29.6,29.02
2004-07-14 00:00:00+00:00,29.97,28.74
2004-07-15 00:00:00+00:00,33.63,32.11
2004-07-16 00:00:00+00:00,32.92,32.12
2004-07-19 00:00:00+00:00,32.22,31.66
2004-07-20 00:00:00+00:00,32.2,31.55
2004-07-21 00:00:00+00:00,32.71,31.34
2004-07-22 00:00:00+00:00,31.73,31.06
2004-07-23 00:00:00+00:00,31.75,30.48
2004-07-26 00:00:00+00:00,31.45,30.78
2004-07-27 00:00:00+00:00,32.75,31.57
2004-07-28 00:00:00+00:00,32.41,31.16
2004-07-29 00:00:00+00:00,32.82,32.13
2004-07-30 00:00:00+00:00,33.0,32.0
2004-08-02 00:00:00+00:00,32.2,31.13
2004-08-03 00:00:00+00:00,31.72,31.15
2004-08-04 00:00:00+00:00,32.12,31.17
2004-08-05 00:00:00+00:00,32.3,31.25
2004-08-06 00:00:00+00:00,31.1,29.7
2004-08-09 00:00:00+00:00,30.45,29.81
2004-08-10 00:00:00+00:00,31.54,30.35
2004-08-11 00:00:00+00:00,31.13,30.26
2004-08-12 00:00:00+00:00,30.85,30.28
2004-08-13 00:00:00+00:00,31.28,30.4
2004-08-16 00:00:00+00:00,31.72,30.64
2004-08-17 00:00:00+00:00,31.13,30.35
2004-08-18 00:00:00+00:00,31.85,30.49
2004-08-19 00:00:00+00:00,31.86,30.36
2004-08-20 00:00:00+00:00,30.99,30.49
2004-08-23 00:00:00+00:00,31.27,30.6
2004-08-24 00:00:00+00:00,31.95,31.19
2004-08-25 00:00:00+00:00,33.15,31.73
2004-08-26 00:00:00+00:00,35.18,32.74
2004-08-27 00:00:00+00:00,34.76,34.0
2004-08-30 00:00:00+00:00,34.72,33.96
2004-08-31 00:00:00+00:00,34.95,34.0
2004-09-01 00:00:00+00:00,35.99,34.19
2004-09-02 00:00:00+00:00,35.81,34.83
2004-09-03 00:00:00+00:00,35.92,35.01
2004-09-07 00:00:00+00:00,36.19,35.23
2004-09-08 00:00:00+00:00,36.57,35.68
2004-09-09 00:00:00+00:00,36.3,35.28
2004-09-10 00:00:00+00:00,36.23,35.46
2004-09-13 00:00:00+00:00,36.07,35.32
2004-09-14 00:00:00+00:00,35.55,34.78
2004-09-15 00:00:00+00:00,35.477,34.8
2004-09-16 00:00:00+00:00,36.76,35.08
2004-09-17 00:00:00+00:00,37.38,36.4
2004-09-20 00:00:00+00:00,37.98,36.87
2004-09-21 00:00:00+00:00,38.87,37.46
2004-09-22 00:00:00+00:00,38.14,36.81
2004-09-23 00:00:00+00:00,37.5,36.93
2004-09-24 00:00:00+00:00,38.0,37.15
2004-09-27 00:00:00+00:00,37.98,36.83
2004-09-28 00:00:00+00:00,38.29,37.45
2004-09-29 00:00:00+00:00,38.86,37.82
2004-09-30 00:00:00+00:00,39.27,38.45
2004-10-01 00:00:00+00:00,39.19,38.58
2004-10-04 00:00:00+00:00,39.18,38.75
2004-10-05 00:00:00+00:00,39.67,38.4
2004-10-06 00:00:00+00:00,40.76,39.47
2004-10-07 00:00:00+00:00,40.93,39.46
2004-10-08 00:00:00+00:00,39.77,38.84
2004-10-11 00:00:00+00:00,39.06,38.2
2004-10-12 00:00:00+00:00,38.58,37.65
2004-10-13 00:00:00+00:00,39.76,38.74
2004-10-14 00:00:00+00:00,45.75,42.55
2004-10-15 00:00:00+00:00,45.61,44.19
2004-10-18 00:00:00+00:00,47.75,44.7
2004-10-19 00:00:00+00:00,48.35,47.31
2004-10-20 00:00:00+00:00,47.6,46.65
2004-10-21 00:00:00+00:00,48.13,47.36
2004-10-22 00:00:00+00:00,47.67,47.02
2004-10-25 00:00:00+00:00,47.84,47.07
2004-10-26 00:00:00+00:00,48.05,46.97
2004-10-27 00:00:00+00:00,50.62,48.17
2004-10-28 00:00:00+00:00,52.22,49.5
2004-10-29 00:00:00+00:00,53.2,51.8
2004-11-01 00:00:00+00:00,53.26,52.04
2004-11-02 00:00:00+00:00,54.08,52.4
2004-11-03 00:00:00+00:00,56.11,53.99
2004-11-04 00:00:00+00:00,55.55,54.37
2004-11-05 00:00:00+00:00,55.0,52.04
2004-11-08 00:00:00+00:00,55.45,53.86
2004-11-09 00:00:00+00:00,54.55,53.38
2004-11-10 00:00:00+00:00,55.39,53.91
2004-11-11 00:00:00+00:00,55.43,54.23
2004-11-12 00:00:00+00:00,55.69,54.84
2004-11-15 00:00:00+00:00,55.46,54.34
2004-11-16 00:00:00+00:00,55.2,54.48
2004-11-17 00:00:00+00:00,55.45,54.22
2004-11-18 00:00:00+00:00,55.45,54.29
2004-11-19 00:00:00+00:00,56.91,54.5
2004-11-22 00:00:00+00:00,64.0,57.9
2004-11-23 00:00:00+00:00,62.45,61.05
2004-11-24 00:00:00+00:00,65.2,61.55
2004-11-26 00:00:00+00:00,65.76,64.34
2004-11-29 00:00:00+00:00,69.57,67.41
2004-11-30 00:00:00+00:00,68.79,67.05
2004-12-01 00:00:00+00:00,67.95,66.27
2004-12-02 00:00:00+00:00,66.9,64.66
2004-12-03 00:00:00+00:00,65.0,61.75
2004-12-06 00:00:00+00:00,66.24,62.95
2004-12-07 00:00:00+00:00,66.73,62.56
2004-12-08 00:00:00+00:00,64.43,62.05
2004-12-09 00:00:00+00:00,64.4,62.07
2004-12-10 00:00:00+00:00,66.05,64.7
2004-12-13 00:00:00+00:00,65.9,64.6
2004-12-14 00:00:00+00:00,65.88,65.02
2004-12-15 00:00:00+00:00,65.46,64.66
2004-12-16 00:00:00+00:00,67.5,66.05
2004-12-17 00:00:00+00:00,67.04,64.9
2004-12-20 00:00:00+00:00,66.0,61.76
2004-12-21 00:00:00+00:00,63.77,61.6
2004-12-22 00:00:00+00:00,64.36,63.4
2004-12-23 00:00:00+00:00,64.25,63.6
2004-12-27 00:00:00+00:00,65.15,62.88
2004-12-28 00:00:00+00:00,64.25,62.05
2004-12-29 00:00:00+00:00,64.98,63.57
2004-12-30 00:00:00+00:00,65.03,64.22
2004-12-31 00:00:00+00:00,65.0,64.03
2005-01-03 00:00:00+00:00,65.11,62.6
2005-01-04 00:00:00+00:00,65.47,62.97
2005-01-05 00:00:00+00:00,65.25,64.05
2005-01-06 00:00:00+00:00,64.91,63.33
2005-01-07 00:00:00+00:00,69.63,64.75
2005-01-10 00:00:00+00:00,70.7,67.88
2005-01-11 00:00:00+00:00,69.15,64.14
2005-01-12 00:00:00+00:00,65.9,63.3
2005-01-13 00:00:00+00:00,74.42,69.73
2005-01-14 00:00:00+00:00,71.72,69.19
2005-01-18 00:00:00+00:00,70.7,69.21
2005-01-19 00:00:00+00:00,71.46,69.75
2005-01-20 00:00:00+00:00,71.27,69.47
2005-01-21 00:00:00+00:00,71.6,70.0
2005-01-24 00:00:00+00:00,71.78,70.55
2005-01-25 00:00:00+00:00,72.84,70.94
2005-01-26 00:00:00+00:00,72.75,71.22
2005-01-27 00:00:00+00:00,72.92,71.55
2005-01-28 00:00:00+00:00,73.98,72.44
2005-01-31 00:00:00+00:00,77.89,74.51
2005-02-01 00:00:00+00:00,77.77,76.58
2005-02-02 00:00:00+00:00,79.91,77.69
2005-02-03 00:00:00+00:00,79.43,77.33
2005-02-04 00:00:00+00:00,78.93,77.53
2005-02-07 00:00:00+00:00,79.35,77.5
2005-02-08 00:00:00+00:00,81.38,78.79
2005-02-09 00:00:00+00:00,81.99,78.1
2005-02-10 00:00:00+00:00,79.28,76.66
2005-02-11 00:00:00+00:00,81.76,78.94
2005-02-14 00:00:00+00:00,84.79,82.05
2005-02-15 00:00:00+00:00,89.08,86.0
2005-02-16 00:00:00+00:00,90.2,87.35
2005-02-17 00:00:00+00:00,90.88,87.45
2005-02-18 00:00:00+00:00,87.86,86.25
2005-02-22 00:00:00+00:00,88.3,85.29
2005-02-23 00:00:00+00:00,88.45,85.55
2005-02-24 00:00:00+00:00,89.31,87.73
2005-02-25 00:00:00+00:00,89.91,88.19
2005-02-28 00:00:00+00:00,45.14,43.96
2005-03-01 00:00:00+00:00,45.11,44.16
2005-03-02 00:00:00+00:00,44.89,44.08
2005-03-03 00:00:00+00:00,44.41,41.22
2005-03-04 00:00:00+00:00,43.01,41.85
2005-03-07 00:00:00+00:00,43.25,42.35
2005-03-08 00:00:00+00:00,42.16,40.1
2005-03-09 00:00:00+00:00,40.28,38.83
2005-03-10 00:00:00+00:00,40.26,39.1
2005-03-11 00:00:00+00:00,40.59,39.8
2005-03-14 00:00:00+00:00,40.79,39.52
2005-03-15 00:00:00+00:00,41.14,40.25
2005-03-16 00:00:00+00:00,42.31,40.78
2005-03-17 00:00:00+00:00,42.88,41.32
2005-03-18 00:00:00+00:00,43.44,42.5
2005-03-21 00:00:00+00:00,43.97,42.86
2005-03-22 00:00:00+00:00,43.96,42.68
2005-03-23 00:00:00+00:00,43.4,42.02
2005-03-24 00:00:00+00:00,43.0,42.5
2005-03-28 00:00:00+00:00,42.96,42.47
2005-03-29 00:00:00+00:00,42.83,41.5
2005-03-30 00:00:00+00:00,42.8,41.821
2005-03-31 00:00:00+00:00,42.52,41.59
2005-04-01 00:00:00+00:00,42.18,40.57
2005-04-04 00:00:00+00:00,41.31,40.16
2005-04-05 00:00:00+00:00,42.24,41.09
2005-04-06 00:00:00+00:00,42.81,42.15
2005-04-07 00:00:00+00:00,43.75,42.25
2005-04-08 00:00:00+00:00,44.45,43.54
2005-04-11 00:00:00+00:00,44.25,41.91
2005-04-12 00:00:00+00:00,43.19,42.01
2005-04-13 00:00:00+00:00,42.99,40.39
2005-04-14 00:00:00+00:00,39.98,36.84
2005-04-15 00:00:00+00:00,37.25,35.28
2005-04-18 00:00:00+00:00,36.3,34.0
2005-04-19 00:00:00+00:00,37.44,35.87
2005-04-20 00:00:00+00:00,37.74,35.44
2005-04-21 00:00:00+00:00,37.19,35.9
2005-04-22 00:00:00+00:00,37.0,34.9
2005-04-25 00:00:00+00:00,37.02,36.11
2005-04-26 00:00:00+00:00,37.51,36.12
2005-04-27 00:00:00+00:00,36.36,35.51
2005-04-28 00:00:00+00:00,36.34,35.24
2005-04-29 00:00:00+00:00,36.23,35.22
2005-05-02 00:00:00+00:00,36.65,36.02
2005-05-03 00:00:00+00:00,36.74,36.03
2005-05-04 00:00:00+00:00,37.2,36.1
2005-05-05 00:00:00+00:00,37.27,36.47
2005-05-06 00:00:00+00:00,37.33,36.79
2005-05-09 00:00:00+00:00,37.45,36.75
2005-05-10 00:00:00+00:00,37.25,36.33
2005-05-11 00:00:00+00:00,35.67,33.11
2005-05-12 00:00:00+00:00,35.59,34.0
2005-05-13 00:00:00+00:00,35.23,34.07
2005-05-16 00:00:00+00:00,35.71,34.53
2005-05-17 00:00:00+00:00,35.46,34.54
2005-05-18 00:00:00+00:00,37.56,34.99
2005-05-19 00:00:00+00:00,37.68,35.78
2005-05-20 00:00:00+00:00,37.65,37.19
2005-05-23 00:00:00+00:00,39.9,37.85
2005-05-24 00:00:00+00:00,39.99,39.03
2005-05-25 00:00:00+00:00,39.95,39.32
2005-05-26 00:00:00+00:00,40.94,38.8
2005-05-27 00:00:00+00:00,40.79,40.01
2005-05-31 00:00:00+00:00,40.74,39.58
2005-06-01 00:00:00+00:00,40.76,39.86
2005-06-02 00:00:00+00:00,40.32,39.6
2005-06-03 00:00:00+00:00,38.58,37.77
2005-06-06 00:00:00+00:00,38.63,37.56
2005-06-07 00:00:00+00:00,37.73,36.45
2005-06-08 00:00:00+00:00,37.25,36.57
2005-06-09 00:00:00+00:00,37.94,36.8188
2005-06-10 00:00:00+00:00,37.4,35.52
2005-06-13 00:00:00+00:00,36.61,35.82
2005-06-14 00:00:00+00:00,36.15,35.75
2005-06-15 00:00:00+00:00,37.3,36.3
2005-06-16 00:00:00+00:00,38.08,36.82
2005-06-17 00:00:00+00:00,38.54,37.83
2005-06-20 00:00:00+00:00,38.09,37.45
2005-06-21 00:00:00+00:00,38.19,37.38
2005-06-22 00:00:00+00:00,38.6,38.14
2005-06-23 00:00:00+00:00,39.78,38.65
2005-06-24 00:00:00+00:00,39.12,37.68
2005-06-27 00:00:00+00:00,38.1,36.68
2005-06-28 00:00:00+00:00,37.59,37.17
2005-06-29 00:00:00+00:00,37.29,36.12
2005-06-30 00:00:00+00:00,37.16,36.31
2005-07-01 00:00:00+00:00,36.97,36.29
2005-07-05 00:00:00+00:00,38.15,36.5
2005-07-06 00:00:00+00:00,38.16,37.2
2005-07-07 00:00:00+00:00,37.76,36.8
2005-07-08 00:00:00+00:00,38.28,37.47
2005-07-11 00:00:00+00:00,38.65,37.78
2005-07-12 00:00:00+00:00,38.4,37.91
2005-07-13 00:00:00+00:00,38.5,37.9
2005-07-14 00:00:00+00:00,42.01,40.23
2005-07-15 00:00:00+00:00,41.57,40.46
2005-07-18 00:00:00+00:00,42.1,41.37
2005-07-19 00:00:00+00:00,43.23,41.07
2005-07-20 00:00:00+00:00,43.8,42.65
2005-07-21 00:00:00+00:00,44.04,42.9
2005-07-22 00:00:00+00:00,44.0,43.39
2005-07-25 00:00:00+00:00,44.28,43.73
2005-07-26 00:00:00+00:00,44.11,43.36
2005-07-27 00:00:00+00:00,44.07,42.67
2005-07-28 00:00:00+00:00,44.0,43.3
2005-07-29 00:00:00+00:00,44.38,42.26
2005-08-01 00:00:00+00:00,43.08,42.08
2005-08-02 00:00:00+00:00,43.5,42.61
2005-08-03 00:00:00+00:00,43.31,42.77
2005-08-04 00:00:00+00:00,43.0,42.29
2005-08-05 00:00:00+00:00,43.36,42.02
2005-08-08 00:00:00+00:00,43.25,42.61
2005-08-09 00:00:00+00:00,43.89,42.91
2005-08-10 00:00:00+00:00,44.39,43.31
2005-08-11 00:00:00+00:00,44.12,43.25
2005-08-12 00:00:00+00:00,46.22,43.36
2005-08-15 00:00:00+00:00,48.33,46.45
2005-08-16 00:00:00+00:00,47.5,46.21
2005-08-17 00:00:00+00:00,47.44,46.37
2005-08-18 00:00:00+00:00,47.0,45.75
2005-08-19 00:00:00+00:00,46.7,45.77
2005-08-22 00:00:00+00:00,46.75,45.26
2005-08-23 00:00:00+00:00,46.1,45.32
2005-08-24 00:00:00+00:00,47.12,45.59
2005-08-25 00:00:00+00:00,46.49,45.81
2005-08-26 00:00:00+00:00,46.34,45.36
2005-08-29 00:00:00+00:00,46.031,45.26
2005-08-30 00:00:00+00:00,46.79,45.92
2005-08-31 00:00:00+00:00,47.03,46.27
2005-09-01 00:00:00+00:00,47.17,46.09
2005-09-02 00:00:00+00:00,46.8,46.12
2005-09-06 00:00:00+00:00,48.88,46.55
2005-09-07 00:00:00+00:00,49.4,47.92
2005-09-08 00:00:00+00:00,50.12,49.14
2005-09-09 00:00:00+00:00,51.35,49.79
2005-09-12 00:00:00+00:00,51.63,50.58
2005-09-13 00:00:00+00:00,51.29,50.32
2005-09-14 00:00:00+00:00,51.19,49.462
2005-09-15 00:00:00+00:00,50.18,49.33
2005-09-16 00:00:00+00:00,51.21,49.95
2005-09-19 00:00:00+00:00,52.89,51.05
2005-09-20 00:00:00+00:00,53.81,52.92
2005-09-21 00:00:00+00:00,53.05,51.86
2005-09-22 00:00:00+00:00,52.47,51.32
2005-09-23 00:00:00+00:00,53.5,51.84
2005-09-26 00:00:00+00:00,54.56,53.32
2005-09-27 00:00:00+00:00,54.24,53.43
2005-09-28 00:00:00+00:00,53.11,50.59
2005-09-29 00:00:00+00:00,52.59,50.81
2005-09-30 00:00:00+00:00,53.65,51.88
2005-10-03 00:00:00+00:00,54.54,53.68
2005-10-04 00:00:00+00:00,55.35,53.64
2005-10-05 00:00:00+00:00,54.36,52.75
2005-10-06 00:00:00+00:00,53.49,50.87
2005-10-07 00:00:00+00:00,51.93,50.55
2005-10-10 00:00:00+00:00,51.91,50.28
2005-10-11 00:00:00+00:00,51.87,50.4
2005-10-12 00:00:00+00:00,50.3,47.87
2005-10-13 00:00:00+00:00,53.95,49.27
2005-10-14 00:00:00+00:00,54.35,52.79
2005-10-17 00:00:00+00:00,54.23,52.68
2005-10-18 00:00:00+00:00,53.95,52.2
2005-10-19 00:00:00+00:00,54.96,51.21
2005-10-20 00:00:00+00:00,56.5,54.35
2005-10-21 00:00:00+00:00,56.98,55.36
2005-10-24 00:00:00+00:00,56.79,55.09
2005-10-25 00:00:00+00:00,56.85,55.69
2005-10-26 00:00:00+00:00,57.56,55.92
2005-10-27 00:00:00+00:00,57.01,55.41
2005-10-28 00:00:00+00:00,56.43,54.17
2005-10-31 00:00:00+00:00,57.98,54.75
2005-11-01 00:00:00+00:00,58.14,56.87
2005-11-02 00:00:00+00:00,60.0,57.6
2005-11-03 00:00:00+00:00,62.32,60.07
2005-11-04 00:00:00+00:00,61.24,59.62
2005-11-07 00:00:00+00:00,61.67,60.14
2005-11-08 00:00:00+00:00,60.38,59.1
2005-11-09 00:00:00+00:00,61.21,60.0
2005-11-10 00:00:00+00:00,61.2,59.01
2005-11-11 00:00:00+00:00,62.11,61.34
2005-11-14 00:00:00+00:00,61.98,60.91
2005-11-15 00:00:00+00:00,63.08,61.46
2005-11-16 00:00:00+00:00,65.06,63.09
2005-11-17 00:00:00+00:00,65.88,64.25
2005-11-18 00:00:00+00:00,65.43,64.37
2005-11-21 00:00:00+00:00,65.19,63.72
2005-11-22 00:00:00+00:00,66.76,64.52
2005-11-23 00:00:00+00:00,67.98,66.69
2005-11-25 00:00:00+00:00,69.54,67.5
2005-11-28 00:00:00+00:00,71.07,69.07
2005-11-29 00:00:00+00:00,70.3,67.35
2005-11-30 00:00:00+00:00,68.85,67.52
2005-12-01 00:00:00+00:00,71.73,68.81
2005-12-02 00:00:00+00:00,72.74,70.7
2005-12-05 00:00:00+00:00,72.53,71.49
2005-12-06 00:00:00+00:00,74.83,73.35
2005-12-07 00:00:00+00:00,74.46,73.12
2005-12-08 00:00:00+00:00,74.17,72.6
2005-12-09 00:00:00+00:00,74.59,73.35
2005-12-12 00:00:00+00:00,75.35,74.56
2005-12-13 00:00:00+00:00,75.46,74.21
2005-12-14 00:00:00+00:00,73.3,70.27
2005-12-15 00:00:00+00:00,72.8601,71.35
2005-12-16 00:00:00+00:00,72.3,71.06
2005-12-19 00:00:00+00:00,72.6,71.04
2005-12-20 00:00:00+00:00,72.38,71.12
2005-12-21 00:00:00+00:00,73.61,72.54
2005-12-22 00:00:00+00:00,74.49,73.6
2005-12-23 00:00:00+00:00,74.26,73.3
2005-12-27 00:00:00+00:00,75.18,73.95
2005-12-28 00:00:00+00:00,74.76,73.32
2005-12-29 00:00:00+00:00,73.82,71.42
2005-12-30 00:00:00+00:00,72.43,70.34
2006-01-03 00:00:00+00:00,74.75,72.25
2006-01-04 00:00:00+00:00,75.98,74.5
2006-01-05 00:00:00+00:00,74.9,73.75
2006-01-06 00:00:00+00:00,76.7,74.55
2006-01-09 00:00:00+00:00,77.2,75.74
2006-01-10 00:00:00+00:00,81.89,75.83
2006-01-11 00:00:00+00:00,84.8,82.59
2006-01-12 00:00:00+00:00,86.4,83.62
2006-01-13 00:00:00+00:00,86.01,84.6
2006-01-17 00:00:00+00:00,86.38,83.87
2006-01-18 00:00:00+00:00,84.05,81.85
2006-01-19 00:00:00+00:00,81.66,78.74
2006-01-20 00:00:00+00:00,80.04,75.83
2006-01-23 00:00:00+00:00,79.56,75.9999
2006-01-24 00:00:00+00:00,79.42,75.77
2006-01-25 00:00:00+00:00,77.5,73.25
2006-01-26 00:00:00+00:00,75.43,71.93
2006-01-27 00:00:00+00:00,73.6,71.1
2006-01-30 00:00:00+00:00,76.6,70.87
2006-01-31 00:00:00+00:00,76.34,73.75
2006-02-01 00:00:00+00:00,76.46,74.64
2006-02-02 00:00:00+00:00,75.36,72.05
2006-02-03 00:00:00+00:00,72.79,71.04
2006-02-06 00:00:00+00:00,72.51,66.74
2006-02-07 00:00:00+00:00,69.48,66.68
2006-02-08 00:00:00+00:00,69.08,66.0
2006-02-09 00:00:00+00:00,69.23,64.53
2006-02-10 00:00:00+00:00,67.67,62.9
2006-02-13 00:00:00+00:00,66.75,64.64
2006-02-14 00:00:00+00:00,68.1,65.0
2006-02-15 00:00:00+00:00,69.62,66.75
2006-02-16 00:00:00+00:00,71.01,69.48
2006-02-17 00:00:00+00:00,70.89,69.61
2006-02-21 00:00:00+00:00,70.8,68.68
2006-02-22 00:00:00+00:00,71.67,68.0
2006-02-23 00:00:00+00:00,73.0,71.43
2006-02-24 00:00:00+00:00,72.89,71.2
2006-02-27 00:00:00+00:00,72.12,70.65
2006-02-28 00:00:00+00:00,72.4,68.1
2006-03-01 00:00:00+00:00,69.49,68.02
2006-03-02 00:00:00+00:00,69.99,68.67
2006-03-03 00:00:00+00:00,69.91,67.53
2006-03-06 00:00:00+00:00,67.72,64.94
2006-03-07 00:00:00+00:00,66.9,65.08
2006-03-08 00:00:00+00:00,67.2,65.35
2006-03-09 00:00:00+00:00,66.47,63.81
2006-03-10 00:00:00+00:00,64.49,62.45
2006-03-13 00:00:00+00:00,66.28,64.79
2006-03-14 00:00:00+00:00,67.32,65.5
2006-03-15 00:00:00+00:00,68.04,65.52
2006-03-16 00:00:00+00:00,66.9,64.3
2006-03-17 00:00:00+00:00,65.54,64.11
2006-03-20 00:00:00+00:00,65.46,63.87
2006-03-21 00:00:00+00:00,64.34,61.39
2006-03-22 00:00:00+00:00,63.25,61.27
2006-03-23 00:00:00+00:00,61.9,59.61
2006-03-24 00:00:00+00:00,60.94,59.03
2006-03-27 00:00:00+00:00,61.38,59.4
2006-03-28 00:00:00+00:00,60.14,58.25
2006-03-29 00:00:00+00:00,62.52,57.67
2006-03-30 00:00:00+00:00,63.3,61.53
2006-03-31 00:00:00+00:00,63.61,62.24
2006-04-03 00:00:00+00:00,64.12,62.61
2006-04-04 00:00:00+00:00,62.22,61.05
2006-04-05 00:00:00+00:00,67.21,64.15
2006-04-06 00:00:00+00:00,72.05,68.2
2006-04-07 00:00:00+00:00,71.21,68.47
2006-04-10 00:00:00+00:00,70.93,68.45
2006-04-11 00:00:00+00:00,69.3,67.07
2006-04-12 00:00:00+00:00,68.1738,66.3
2006-04-13 00:00:00+00:00,67.44,65.81
2006-04-17 00:00:00+00:00,66.84,64.35
2006-04-18 00:00:00+00:00,66.4737,64.79
2006-04-19 00:00:00+00:00,67.0,65.47
2006-04-20 00:00:00+00:00,70.0,66.2
2006-04-21 00:00:00+00:00,68.64,66.47
2006-04-24 00:00:00+00:00,66.92,65.5
2006-04-25 00:00:00+00:00,66.59,65.56
2006-04-26 00:00:00+00:00,68.28,66.4
2006-04-27 00:00:00+00:00,69.86,67.35
2006-04-28 00:00:00+00:00,71.3,69.2
2006-05-01 00:00:00+00:00,71.54,69.16
2006-05-02 00:00:00+00:00,71.98,70.11
2006-05-03 00:00:00+00:00,71.95,70.18
2006-05-04 00:00:00+00:00,72.89,70.46
2006-05-05 00:00:00+00:00,72.25,71.15
2006-05-08 00:00:00+00:00,73.8,71.72
2006-05-09 00:00:00+00:00,72.56,70.62
2006-05-10 00:00:00+00:00,71.33,69.61
2006-05-11 00:00:00+00:00,70.84,67.55
2006-05-12 00:00:00+00:00,68.69,66.86
2006-05-15 00:00:00+00:00,68.38,67.12
2006-05-16 00:00:00+00:00,68.25,64.75
2006-05-17 00:00:00+00:00,65.7,64.07
2006-05-18 00:00:00+00:00,66.26,63.12
2006-05-19 00:00:00+00:00,64.88,62.82
2006-05-22 00:00:00+00:00,63.99,62.77
2006-05-23 00:00:00+00:00,65.19,63.0
2006-05-24 00:00:00+00:00,63.65,61.56
2006-05-25 00:00:00+00:00,64.45,63.29
2006-05-26 00:00:00+00:00,64.56,63.14
2006-05-30 00:00:00+00:00,63.3,61.2187
2006-05-31 00:00:00+00:00,61.79,58.69
2006-06-01 00:00:00+00:00,62.28,59.52
2006-06-02 00:00:00+00:00,63.1,60.88
2006-06-05 00:00:00+00:00,61.15,59.97
2006-06-06 00:00:00+00:00,60.63,58.91
2006-06-07 00:00:00+00:00,60.4,58.35
2006-06-08 00:00:00+00:00,60.93,57.15
2006-06-09 00:00:00+00:00,61.56,59.13
2006-06-12 00:00:00+00:00,59.73,56.96
2006-06-13 00:00:00+00:00,59.1,57.36
2006-06-14 00:00:00+00:00,58.78,56.69
2006-06-15 00:00:00+00:00,59.74,56.75
2006-06-16 00:00:00+00:00,59.19,57.5197
2006-06-19 00:00:00+00:00,58.18,57.0
2006-06-20 00:00:00+00:00,58.35,57.29
2006-06-21 00:00:00+00:00,58.71,57.3
2006-06-22 00:00:00+00:00,59.75,58.07
2006-06-23 00:00:00+00:00,60.17,58.73
2006-06-26 00:00:00+00:00,59.2,58.37
2006-06-27 00:00:00+00:00,59.22,57.4
2006-06-28 00:00:00+00:00,57.3,55.41
2006-06-29 00:00:00+00:00,59.09,56.39
2006-06-30 00:00:00+00:00,57.75,56.5
2006-07-03 00:00:00+00:00,58.18,57.34
2006-07-05 00:00:00+00:00,57.6,56.56
2006-07-06 00:00:00+00:00,57.4,55.61
2006-07-07 00:00:00+00:00,56.55,54.67
2006-07-10 00:00:00+00:00,56.49,54.5
2006-07-11 00:00:00+00:00,55.99,54.53
2006-07-12 00:00:00+00:00,55.24,52.9176
2006-07-13 00:00:00+00:00,54.12,51.41
2006-07-14 00:00:00+00:00,52.89,50.16
2006-07-17 00:00:00+00:00,53.11,51.65
2006-07-18 00:00:00+00:00,53.85,51.85
2006-07-19 00:00:00+00:00,55.08,52.36
2006-07-20 00:00:00+00:00,61.59,59.72
2006-07-21 00:00:00+00:00,61.15,59.64
2006-07-24 00:00:00+00:00,62.1,60.43
2006-07-25 00:00:00+00:00,62.09,60.78
2006-07-26 00:00:00+00:00,64.64,61.68
2006-07-27 00:00:00+00:00,65.02,62.86
2006-07-28 00:00:00+00:00,65.68,63.5
2006-07-31 00:00:00+00:00,68.63,66.28
2006-08-01 00:00:00+00:00,67.93,65.94
2006-08-02 00:00:00+00:00,68.68,67.51
2006-08-03 00:00:00+00:00,70.0,67.8096
2006-08-04 00:00:00+00:00,68.61,64.96
2006-08-07 00:00:00+00:00,69.6,66.31
2006-08-08 00:00:00+00:00,67.112,64.51
2006-08-09 00:00:00+00:00,65.6,63.4
2006-08-10 00:00:00+00:00,64.81,62.7
2006-08-11 00:00:00+00:00,64.13,62.58
2006-08-14 00:00:00+00:00,65.22,63.6
2006-08-15 00:00:00+00:00,66.5,64.8
2006-08-16 00:00:00+00:00,68.07,66.33
2006-08-17 00:00:00+00:00,68.66,67.18
2006-08-18 00:00:00+00:00,68.4,67.26
2006-08-21 00:00:00+00:00,67.31,66.15
2006-08-22 00:00:00+00:00,68.32,66.5
2006-08-23 00:00:00+00:00,68.65,66.94
2006-08-24 00:00:00+00:00,68.19,66.27
2006-08-25 00:00:00+00:00,69.05,67.31
2006-08-28 00:00:00+00:00,68.61,66.68
2006-08-29 00:00:00+00:00,67.26,65.12
2006-08-30 00:00:00+00:00,67.82,66.68
2006-08-31 00:00:00+00:00,68.3,66.66
2006-09-01 00:00:00+00:00,68.65,67.82
2006-09-05 00:00:00+00:00,71.5,68.55
2006-09-06 00:00:00+00:00,71.69,69.7
2006-09-07 00:00:00+00:00,73.48,70.25
2006-09-08 00:00:00+00:00,73.57,71.91
2006-09-11 00:00:00+00:00,73.73,71.42
2006-09-12 00:00:00+00:00,73.45,71.45
2006-09-13 00:00:00+00:00,74.32,72.3
2006-09-14 00:00:00+00:00,74.67,73.46
2006-09-15 00:00:00+00:00,74.98,73.29
2006-09-18 00:00:00+00:00,74.86,73.3
2006-09-19 00:00:00+00:00,74.36,72.8
2006-09-20 00:00:00+00:00,75.68,74.22
2006-09-21 00:00:00+00:00,76.06,74.02
2006-09-22 00:00:00+00:00,74.34,72.58
2006-09-25 00:00:00+00:00,75.86,73.72
2006-09-26 00:00:00+00:00,77.78,76.1
2006-09-27 00:00:00+00:00,77.47,75.82
2006-09-28 00:00:00+00:00,77.48,75.95
2006-09-29 00:00:00+00:00,77.52,76.68
2006-10-02 00:00:00+00:00,75.87,74.3
2006-10-03 00:00:00+00:00,74.95,73.19
2006-10-04 00:00:00+00:00,75.462,73.16
2006-10-05 00:00:00+00:00,76.16,74.13
2006-10-06 00:00:00+00:00,75.04,73.81
2006-10-09 00:00:00+00:00,75.08,73.53
2006-10-10 00:00:00+00:00,74.58,73.08
2006-10-11 00:00:00+00:00,73.98,72.6
2006-10-12 00:00:00+00:00,75.39,73.6
2006-10-13 00:00:00+00:00,76.88,74.74
2006-10-16 00:00:00+00:00,75.88,74.789
2006-10-17 00:00:00+00:00,75.27,74.04
2006-10-18 00:00:00+00:00,78.59,73.91
2006-10-19 00:00:00+00:00,79.95,78.16
2006-10-20 00:00:00+00:00,79.99,78.67
2006-10-23 00:00:00+00:00,81.9,79.75
2006-10-24 00:00:00+00:00,81.68,80.2
2006-10-25 00:00:00+00:00,82.0,81.01
2006-10-26 00:00:00+00:00,82.6,81.13
2006-10-27 00:00:00+00:00,82.45,80.01
2006-10-30 00:00:00+00:00,80.9,79.5
2006-10-31 00:00:00+00:00,81.68,80.23
2006-11-01 00:00:00+00:00,81.38,78.36
2006-11-02 00:00:00+00:00,79.32,78.5
2006-11-03 00:00:00+00:00,79.53,77.79
2006-11-06 00:00:00+00:00,80.06,78.43
2006-11-07 00:00:00+00:00,81.0,80.13
2006-11-08 00:00:00+00:00,82.69,79.89
2006-11-09 00:00:00+00:00,84.69,82.12
2006-11-10 00:00:00+00:00,83.6,82.5
2006-11-13 00:00:00+00:00,84.45,82.64
2006-11-14 00:00:00+00:00,85.0,83.9
2006-11-15 00:00:00+00:00,85.9,84.0
2006-11-16 00:00:00+00:00,86.3,84.62
2006-11-17 00:00:00+00:00,85.94,85.0
2006-11-20 00:00:00+00:00,87.0,85.2
2006-11-21 00:00:00+00:00,88.6,87.11
2006-11-22 00:00:00+00:00,90.75,87.85
2006-11-24 00:00:00+00:00,93.08,89.5
2006-11-27 00:00:00+00:00,93.159,89.5
2006-11-28 00:00:00+00:00,91.97,89.91
2006-11-29 00:00:00+00:00,93.15,90.25
2006-11-30 00:00:00+00:00,92.68,91.06
2006-12-01 00:00:00+00:00,92.33,90.1
2006-12-04 00:00:00+00:00,92.05,90.5
2006-12-05 00:00:00+00:00,92.33,90.87
2006-12-06 00:00:00+00:00,91.39,89.67
2006-12-07 00:00:00+00:00,90.5,86.9
2006-12-08 00:00:00+00:00,89.39,87.0
2006-12-11 00:00:00+00:00,89.3,88.05
2006-12-12 00:00:00+00:00,88.84,85.53
2006-12-13 00:00:00+00:00,89.07,87.15
2006-12-14 00:00:00+00:00,90.0,88.26
2006-12-15 00:00:00+00:00,89.22,87.33
2006-12-18 00:00:00+00:00,88.0,84.59
2006-12-19 00:00:00+00:00,86.68,83.62
2006-12-20 00:00:00+00:00,86.67,84.74
2006-12-21 00:00:00+00:00,85.48,82.2
2006-12-22 00:00:00+00:00,84.0391,81.6
2006-12-26 00:00:00+00:00,82.57,80.89
2006-12-27 00:00:00+00:00,82.0,76.77
2006-12-28 00:00:00+00:00,81.25,79.65
2006-12-29 00:00:00+00:00,85.4,83.36
2007-01-03 00:00:00+00:00,86.58,81.9
2007-01-04 00:00:00+00:00,85.95,83.82
2007-01-05 00:00:00+00:00,86.2,84.4
2007-01-08 00:00:00+00:00,86.53,85.28
2007-01-09 00:00:00+00:00,92.98,85.15
2007-01-10 00:00:00+00:00,97.8,93.45
2007-01-11 00:00:00+00:00,96.78,95.1
2007-01-12 00:00:00+00:00,95.06,93.23
2007-01-16 00:00:00+00:00,97.25,95.45
2007-01-17 00:00:00+00:00,97.6,94.82
2007-01-18 00:00:00+00:00,92.11,89.05
2007-01-19 00:00:00+00:00,89.65,88.12
2007-01-22 00:00:00+00:00,89.16,85.65
2007-01-23 00:00:00+00:00,87.51,85.51
2007-01-24 00:00:00+00:00,87.15,86.08
2007-01-25 00:00:00+00:00,88.5,86.03
2007-01-26 00:00:00+00:00,87.37,84.99
2007-01-29 00:00:00+00:00,86.65,85.53
2007-01-30 00:00:00+00:00,86.49,85.25
2007-01-31 00:00:00+00:00,86.0,84.35
2007-02-01 00:00:00+00:00,86.27,84.74
2007-02-02 00:00:00+00:00,85.25,83.7
2007-02-05 00:00:00+00:00,85.23,83.94
2007-02-06 00:00:00+00:00,84.47,82.86
2007-02-07 00:00:00+00:00,86.38,83.55
2007-02-08 00:00:00+00:00,86.51,85.41
2007-02-09 00:00:00+00:00,86.2,83.21
2007-02-12 00:00:00+00:00,85.18,83.63
2007-02-13 00:00:00+00:00,85.29,84.3
2007-02-14 00:00:00+00:00,85.64,84.57
2007-02-15 00:00:00+00:00,85.62,84.78
2007-02-16 00:00:00+00:00,85.41,84.66
2007-02-20 00:00:00+00:00,86.16,84.16
2007-02-21 00:00:00+00:00,89.49,85.96
2007-02-22 00:00:00+00:00,90.81,88.53
2007-02-23 00:00:00+00:00,90.34,88.85
2007-02-26 00:00:00+00:00,90.0,87.61
2007-02-27 00:00:00+00:00,87.08,83.41
2007-02-28 00:00:00+00:00,85.6,83.0
2007-03-01 00:00:00+00:00,88.31,83.75
2007-03-02 00:00:00+00:00,87.54,85.21
2007-03-05 00:00:00+00:00,88.65,85.76
2007-03-06 00:00:00+00:00,88.31,87.4
2007-03-07 00:00:00+00:00,88.97,87.45
2007-03-08 00:00:00+00:00,88.72,87.46
2007-03-09 00:00:00+00:00,88.85,87.4
2007-03-12 00:00:00+00:00,89.99,87.99
2007-03-13 00:00:00+00:00,90.6,88.4
2007-03-14 00:00:00+00:00,90.0,87.92
2007-03-15 00:00:00+00:00,90.36,89.31
2007-03-16 00:00:00+00:00,89.99,89.32
2007-03-19 00:00:00+00:00,91.55,89.59
2007-03-20 00:00:00+00:00,91.84,91.06
2007-03-21 00:00:00+00:00,94.0,91.65
2007-03-22 00:00:00+00:00,94.36,93.0
2007-03-23 00:00:00+00:00,94.07,93.3
2007-03-26 00:00:00+00:00,95.9,93.3
2007-03-27 00:00:00+00:00,96.83,95.0
2007-03-28 00:00:00+00:00,95.4,93.15
2007-03-29 00:00:00+00:00,94.19,92.23
2007-03-30 00:00:00+00:00,94.68,92.75
2007-04-02 00:00:00+00:00,94.25,93.02
2007-04-03 00:00:00+00:00,95.23,93.76
2007-04-04 00:00:00+00:00,95.14,94.13
2007-04-05 00:00:00+00:00,94.68,93.52
2007-04-09 00:00:00+00:00,95.3,93.04
2007-04-10 00:00:00+00:00,94.258,93.41
2007-04-11 00:00:00+00:00,93.95,92.33
2007-04-12 00:00:00+00:00,92.31,90.72
2007-04-13 00:00:00+00:00,91.4001,90.0599
2007-04-16 00:00:00+00:00,91.5,90.25
2007-04-17 00:00:00+00:00,92.3,89.7
2007-04-18 00:00:00+00:00,90.85,89.6
2007-04-19 00:00:00+00:00,91.25,89.83
2007-04-20 00:00:00+00:00,91.18,90.55
2007-04-23 00:00:00+00:00,93.8,91.42
2007-04-24 00:00:00+00:00,96.39,91.3
2007-04-25 00:00:00+00:00,95.4,93.8
2007-04-26 00:00:00+00:00,102.5,98.3
2007-04-27 00:00:00+00:00,99.95,97.69
2007-04-30 00:00:00+00:00,101.0,99.67
2007-05-01 00:00:00+00:00,100.35,98.55
2007-05-02 00:00:00+00:00,100.54,99.47
2007-05-03 00:00:00+00:00,101.45,100.01
2007-05-04 00:00:00+00:00,101.6,100.5
2007-05-07 00:00:00+00:00,104.35,101.01
2007-05-08 00:00:00+00:00,105.15,103.42
2007-05-09 00:00:00+00:00,106.96,104.89
2007-05-10 00:00:00+00:00,108.84,105.92
2007-05-11 00:00:00+00:00,109.13,106.78
2007-05-14 00:00:00+00:00,110.0,108.25
2007-05-15 00:00:00+00:00,110.2,106.48
2007-05-16 00:00:00+00:00,108.83,103.42
2007-05-17 00:00:00+00:00,109.87,107.15
2007-05-18 00:00:00+00:00,110.64,109.77
2007-05-21 00:00:00+00:00,112.45,110.05
2007-05-22 00:00:00+00:00,113.75,112.01
2007-05-23 00:00:00+00:00,115.0,112.59
2007-05-24 00:00:00+00:00,114.46,110.37
2007-05-25 00:00:00+00:00,113.78,111.5
2007-05-29 00:00:00+00:00,114.86,112.69
2007-05-30 00:00:00+00:00,118.88,113.53
2007-05-31 00:00:00+00:00,122.17,119.541
2007-06-01 00:00:00+00:00,121.19,118.29
2007-06-04 00:00:00+00:00,121.73,117.9
2007-06-05 00:00:00+00:00,122.69,120.5
2007-06-06 00:00:00+00:00,124.05,121.95
2007-06-07 00:00:00+00:00,127.61,123.19
2007-06-08 00:00:00+00:00,125.83,122.29
2007-06-11 00:00:00+00:00,126.15,119.54
2007-06-12 00:00:00+00:00,121.71,118.31
2007-06-13 00:00:00+00:00,121.19,115.4
2007-06-14 00:00:00+00:00,119.45,116.42
2007-06-15 00:00:00+00:00,120.67,119.86
2007-06-18 00:00:00+00:00,125.18,122.54
2007-06-19 00:00:00+00:00,125.01,122.91
2007-06-20 00:00:00+00:00,124.66,121.5
2007-06-21 00:00:00+00:00,124.29,120.72
2007-06-22 00:00:00+00:00,124.45,122.38
2007-06-25 00:00:00+00:00,125.09,121.06
2007-06-26 00:00:00+00:00,124.0,118.72
2007-06-27 00:00:00+00:00,122.04,119.26
2007-06-28 00:00:00+00:00,122.49,120.0
2007-06-29 00:00:00+00:00,124.0,121.09
2007-07-02 00:00:00+00:00,122.09,119.3
2007-07-03 00:00:00+00:00,127.4,121.5
2007-07-05 00:00:00+00:00,132.97,128.69
2007-07-06 00:00:00+00:00,133.34,130.4
2007-07-09 00:00:00+00:00,132.9,129.18
2007-07-10 00:00:00+00:00,134.5,128.81
2007-07-11 00:00:00+00:00,133.7,131.31
2007-07-12 00:00:00+00:00,134.24,132.39
2007-07-13 00:00:00+00:00,137.85,134.52
2007-07-16 00:00:00+00:00,139.98,137.5
2007-07-17 00:00:00+00:00,139.6,137.5
2007-07-18 00:00:00+00:00,138.44,136.04
2007-07-19 00:00:00+00:00,140.81,139.65
2007-07-20 00:00:00+00:00,144.18,140.0
2007-07-23 00:00:00+00:00,145.22,140.93
2007-07-24 00:00:00+00:00,141.0,134.15
2007-07-25 00:00:00+00:00,138.36,135.0
2007-07-26 00:00:00+00:00,148.5,136.96
2007-07-27 00:00:00+00:00,148.92,143.78
2007-07-30 00:00:00+00:00,145.45,139.57
2007-07-31 00:00:00+00:00,143.48,131.52
2007-08-01 00:00:00+00:00,135.38,127.77
2007-08-02 00:00:00+00:00,136.96,134.15
2007-08-03 00:00:00+00:00,135.95,131.5
2007-08-06 00:00:00+00:00,135.27,128.3
2007-08-07 00:00:00+00:00,137.24,132.63
2007-08-08 00:00:00+00:00,136.86,132.0
2007-08-09 00:00:00+00:00,133.0,125.09
2007-08-10 00:00:00+00:00,127.75,120.3
2007-08-13 00:00:00+00:00,129.35,126.5
2007-08-14 00:00:00+00:00,128.3,123.71
2007-08-15 00:00:00+00:00,124.86,119.65
2007-08-16 00:00:00+00:00,118.5,111.62
2007-08-17 00:00:00+00:00,123.5,119.82
2007-08-20 00:00:00+00:00,124.5,120.5
2007-08-21 00:00:00+00:00,128.96,121.0
2007-08-22 00:00:00+00:00,132.75,130.33
2007-08-23 00:00:00+00:00,133.34,129.76
2007-08-24 00:00:00+00:00,135.37,129.81
2007-08-27 00:00:00+00:00,134.66,132.1
2007-08-28 00:00:00+00:00,132.41,126.63
2007-08-29 00:00:00+00:00,134.18,129.54
2007-08-30 00:00:00+00:00,138.25,132.3
2007-08-31 00:00:00+00:00,139.65,137.41
2007-09-04 00:00:00+00:00,145.73,139.84
2007-09-05 00:00:00+00:00,145.84,136.1
2007-09-06 00:00:00+00:00,137.57,132.71
2007-09-07 00:00:00+00:00,132.3,130.0
2007-09-10 00:00:00+00:00,138.04,133.95
2007-09-11 00:00:00+00:00,138.3,133.75
2007-09-12 00:00:00+00:00,139.4,135.75
2007-09-13 00:00:00+00:00,139.0,136.65
2007-09-14 00:00:00+00:00,138.98,136.2
2007-09-17 00:00:00+00:00,140.59,137.6
2007-09-18 00:00:00+00:00,142.85,137.83
2007-09-19 00:00:00+00:00,143.16,139.4
2007-09-20 00:00:00+00:00,141.79,139.32
2007-09-21 00:00:00+00:00,144.65,140.31
2007-09-24 00:00:00+00:00,149.85,146.65
2007-09-25 00:00:00+00:00,153.22,146.82
2007-09-26 00:00:00+00:00,155.0,151.25
2007-09-27 00:00:00+00:00,154.52,152.32
2007-09-28 00:00:00+00:00,154.6,152.75
2007-10-01 00:00:00+00:00,157.41,152.93
2007-10-02 00:00:00+00:00,158.59,155.89
2007-10-03 00:00:00+00:00,159.18,157.01
2007-10-04 00:00:00+00:00,158.08,153.5
2007-10-05 00:00:00+00:00,161.58,157.7
2007-10-08 00:00:00+00:00,167.91,162.97
2007-10-09 00:00:00+00:00,171.11,166.68
2007-10-10 00:00:00+00:00,167.88,165.6
2007-10-11 00:00:00+00:00,171.88,153.21
2007-10-12 00:00:00+00:00,167.28,161.8
2007-10-15 00:00:00+00:00,169.57,163.5
2007-10-16 00:00:00+00:00,170.18,165.15
2007-10-17 00:00:00+00:00,173.04,169.18
2007-10-18 00:00:00+00:00,174.19,171.05
2007-10-19 00:00:00+00:00,174.63,170.0
2007-10-22 00:00:00+00:00,174.9,169.9601
2007-10-23 00:00:00+00:00,188.6,182.76
2007-10-24 00:00:00+00:00,187.21,179.24
2007-10-25 00:00:00+00:00,185.9,181.66
2007-10-26 00:00:00+00:00,185.37,182.88
2007-10-29 00:00:00+00:00,186.59,184.7
2007-10-30 00:00:00+00:00,189.37,184.73
2007-10-31 00:00:00+00:00,190.12,184.95
2007-11-01 00:00:00+00:00,190.1,180.0
2007-11-02 00:00:00+00:00,189.44,183.49
2007-11-05 00:00:00+00:00,188.96,184.24
2007-11-06 00:00:00+00:00,192.0,185.27
2007-11-07 00:00:00+00:00,192.68,186.13
2007-11-08 00:00:00+00:00,186.9,167.77
2007-11-09 00:00:00+00:00,175.12,165.21
2007-11-12 00:00:00+00:00,167.7,150.63
2007-11-13 00:00:00+00:00,170.98,153.76
2007-11-14 00:00:00+00:00,177.57,163.74
2007-11-15 00:00:00+00:00,169.59,160.3
2007-11-16 00:00:00+00:00,167.02,159.33
2007-11-19 00:00:00+00:00,168.2,162.1
2007-11-20 00:00:00+00:00,171.79,163.53
2007-11-21 00:00:00+00:00,172.35,164.67
2007-11-23 00:00:00+00:00,172.05,169.75
2007-11-26 00:00:00+00:00,177.2699,172.35
2007-11-27 00:00:00+00:00,175.79,170.01
2007-11-28 00:00:00+00:00,180.6,175.35
2007-11-29 00:00:00+00:00,185.17,179.15
2007-11-30 00:00:00+00:00,187.7,179.7
2007-12-03 00:00:00+00:00,184.14,177.7
2007-12-04 00:00:00+00:00,180.9,176.99
2007-12-05 00:00:00+00:00,186.0,182.41
2007-12-06 00:00:00+00:00,190.1,186.12
2007-12-07 00:00:00+00:00,194.99,188.04
2007-12-10 00:00:00+00:00,195.66,192.69
2007-12-11 00:00:00+00:00,196.83,187.39
2007-12-12 00:00:00+00:00,194.48,185.76
2007-12-13 00:00:00+00:00,192.12,187.82
2007-12-14 00:00:00+00:00,200.0,189.54
2007-12-17 00:00:00+00:00,192.65,182.98
2007-12-18 00:00:00+00:00,187.33,178.6
2007-12-19 00:00:00+00:00,184.6394,180.9
2007-12-20 00:00:00+00:00,187.83,183.33
2007-12-21 00:00:00+00:00,193.9125,189.89
2007-12-24 00:00:00+00:00,199.33,194.79
2007-12-26 00:00:00+00:00,200.96,196.82
2007-12-27 00:00:00+00:00,202.96,197.8
2007-12-28 00:00:00+00:00,201.56,196.8801
2007-12-31 00:00:00+00:00,200.5,197.75
2008-01-02 00:00:00+00:00,200.26,192.55
2008-01-03 00:00:00+00:00,197.39,192.69
2008-01-04 00:00:00+00:00,193.0,178.89
2008-01-07 00:00:00+00:00,183.6,170.23
2008-01-08 00:00:00+00:00,182.46,170.8
2008-01-09 00:00:00+00:00,179.5,168.3
2008-01-10 00:00:00+00:00,181.0,175.41
2008-01-11 00:00:00+00:00,177.85,170.0
2008-01-14 00:00:00+00:00,179.42,175.17
2008-01-15 00:00:00+00:00,179.22,164.66
2008-01-16 00:00:00+00:00,169.01,156.7
2008-01-17 00:00:00+00:00,165.36,158.42
2008-01-18 00:00:00+00:00,165.75,159.61
2008-01-22 00:00:00+00:00,159.98,146.0
2008-01-23 00:00:00+00:00,140.0,126.14
2008-01-24 00:00:00+00:00,140.7,132.01
2008-01-25 00:00:00+00:00,139.09,129.61
2008-01-28 00:00:00+00:00,133.2,126.45
2008-01-29 00:00:00+00:00,132.79,129.05
2008-01-30 00:00:00+00:00,135.45,130.0
2008-01-31 00:00:00+00:00,136.65,129.4
2008-02-01 00:00:00+00:00,136.59,132.18
2008-02-04 00:00:00+00:00,135.9,131.42
2008-02-05 00:00:00+00:00,134.0,128.9
2008-02-06 00:00:00+00:00,131.92,121.77
2008-02-07 00:00:00+00:00,124.78,117.27
2008-02-08 00:00:00+00:00,125.7,121.6
2008-02-11 00:00:00+00:00,129.98,127.2
2008-02-12 00:00:00+00:00,131.0,123.62
2008-02-13 00:00:00+00:00,129.78,125.63
2008-02-14 00:00:00+00:00,130.8,127.01
2008-02-15 00:00:00+00:00,127.08,124.06
2008-02-19 00:00:00+00:00,126.75,121.44
2008-02-20 00:00:00+00:00,124.6,121.68
2008-02-21 00:00:00+00:00,126.47,120.86
2008-02-22 00:00:00+00:00,122.51,115.87
2008-02-25 00:00:00+00:00,120.17,116.664
2008-02-26 00:00:00+00:00,121.09,115.44
2008-02-27 00:00:00+00:00,123.05,118.09
2008-02-28 00:00:00+00:00,132.2,125.77
2008-02-29 00:00:00+00:00,130.21,124.8
2008-03-03 00:00:00+00:00,125.98,118.0
2008-03-04 00:00:00+00:00,124.88,120.4
2008-03-05 00:00:00+00:00,125.14,122.25
2008-03-06 00:00:00+00:00,127.5,120.81
2008-03-07 00:00:00+00:00,122.9799,119.05
2008-03-10 00:00:00+00:00,123.46,119.37
2008-03-11 00:00:00+00:00,127.48,122.0
2008-03-12 00:00:00+00:00,128.68,125.17
2008-03-13 00:00:00+00:00,129.5,123.0
2008-03-14 00:00:00+00:00,130.3,124.2
2008-03-17 00:00:00+00:00,128.59,122.55
2008-03-18 00:00:00+00:00,133.0015,128.67
2008-03-19 00:00:00+00:00,134.29,129.67
2008-03-20 00:00:00+00:00,133.2915,129.18
2008-03-24 00:00:00+00:00,140.85,133.64
2008-03-25 00:00:00+00:00,143.1,137.33
2008-03-26 00:00:00+00:00,145.74,140.64
2008-03-27 00:00:00+00:00,145.31,139.99
2008-03-28 00:00:00+00:00,144.65,141.6
2008-03-31 00:00:00+00:00,145.71,142.52
2008-04-01 00:00:00+00:00,149.66,143.61
2008-04-02 00:00:00+00:00,151.2,145.85
2008-04-03 00:00:00+00:00,153.63,147.0
2008-04-04 00:00:00+00:00,154.715,150.75
2008-04-07 00:00:00+00:00,159.69,155.11
2008-04-08 00:00:00+00:00,156.45,152.32
2008-04-09 00:00:00+00:00,153.89,150.46
2008-04-10 00:00:00+00:00,155.42,150.6
2008-04-11 00:00:00+00:00,153.3,146.4
2008-04-14 00:00:00+00:00,149.25,144.54
2008-04-15 00:00:00+00:00,149.72,145.72
2008-04-16 00:00:00+00:00,154.1,150.62
2008-04-17 00:00:00+00:00,156.0,153.35
2008-04-18 00:00:00+00:00,162.26,158.38
2008-04-21 00:00:00+00:00,168.5,161.76
2008-04-22 00:00:00+00:00,168.0,158.09
2008-04-23 00:00:00+00:00,164.84,161.08
2008-04-24 00:00:00+00:00,169.98,159.194
2008-04-25 00:00:00+00:00,171.1,166.42
2008-04-28 00:00:00+00:00,173.75,169.13
2008-04-29 00:00:00+00:00,175.66,170.25
2008-04-30 00:00:00+00:00,180.0,172.92
2008-05-01 00:00:00+00:00,180.0,174.86
2008-05-02 00:00:00+00:00,181.92,178.55
2008-05-05 00:00:00+00:00,185.31,181.05
2008-05-06 00:00:00+00:00,187.12,182.18
2008-05-07 00:00:00+00:00,188.2,180.54
2008-05-08 00:00:00+00:00,186.5,183.07
2008-05-09 00:00:00+00:00,184.25,181.37
2008-05-12 00:00:00+00:00,188.87,182.85
2008-05-13 00:00:00+00:00,191.45,187.86
2008-05-14 00:00:00+00:00,192.24,185.57
2008-05-15 00:00:00+00:00,189.9,184.2
2008-05-16 00:00:00+00:00,190.3,187.0
2008-05-19 00:00:00+00:00,188.69,181.3
2008-05-20 00:00:00+00:00,186.16,180.12
2008-05-21 00:00:00+00:00,188.0,176.25
2008-05-22 00:00:00+00:00,181.33,172.0
2008-05-23 00:00:00+00:00,181.99,177.8
2008-05-27 00:00:00+00:00,186.43,181.84
2008-05-28 00:00:00+00:00,187.95,183.72
2008-05-29 00:00:00+00:00,188.2,185.5
2008-05-30 00:00:00+00:00,189.54,187.38
2008-06-02 00:00:00+00:00,189.65,184.53
2008-06-03 00:00:00+00:00,188.2,182.3354
2008-06-04 00:00:00+00:00,187.09,183.23
2008-06-05 00:00:00+00:00,189.84,185.7
2008-06-06 00:00:00+00:00,189.95,185.55
2008-06-09 00:00:00+00:00,184.94,175.75
2008-06-10 00:00:00+00:00,186.78,179.02
2008-06-11 00:00:00+00:00,186.0,179.59
2008-06-12 00:00:00+00:00,182.6,171.2
2008-06-13 00:00:00+00:00,174.16,165.31
2008-06-16 00:00:00+00:00,177.9,169.07
2008-06-17 00:00:00+00:00,181.99,177.41
2008-06-18 00:00:00+00:00,182.2,177.35
2008-06-19 00:00:00+00:00,182.34,176.8
2008-06-20 00:00:00+00:00,181.0,175.0
2008-06-23 00:00:00+00:00,175.88,171.56
2008-06-24 00:00:00+00:00,175.78,171.63
2008-06-25 00:00:00+00:00,178.83,173.88
2008-06-26 00:00:00+00:00,174.844,168.01
2008-06-27 00:00:00+00:00,170.57,164.15
2008-06-30 00:00:00+00:00,172.0,166.62
2008-07-01 00:00:00+00:00,174.72,164.0
2008-07-02 00:00:00+00:00,177.45,168.1788
2008-07-03 00:00:00+00:00,172.17,165.75
2008-07-07 00:00:00+00:00,177.13,171.9
2008-07-08 00:00:00+00:00,179.7,172.7401
2008-07-09 00:00:00+00:00,180.91,174.14
2008-07-10 00:00:00+00:00,177.34,171.37
2008-07-11 00:00:00+00:00,177.11,171.0
2008-07-14 00:00:00+00:00,179.3,173.08
2008-07-15 00:00:00+00:00,173.74,166.39
2008-07-16 00:00:00+00:00,172.93,168.6
2008-07-17 00:00:00+00:00,174.98,171.39
2008-07-18 00:00:00+00:00,169.65,165.0
2008-07-21 00:00:00+00:00,167.5,161.12
2008-07-22 00:00:00+00:00,162.76,146.53
2008-07-23 00:00:00+00:00,168.37,161.56
2008-07-24 00:00:00+00:00,165.26,158.45
2008-07-25 00:00:00+00:00,163.0,158.65
2008-07-28 00:00:00+00:00,162.47,154.02
2008-07-29 00:00:00+00:00,159.45,153.65
2008-07-30 00:00:00+00:00,160.49,156.08
2008-07-31 00:00:00+00:00,162.2,156.98
2008-08-01 00:00:00+00:00,159.99,155.75
2008-08-04 00:00:00+00:00,157.9,152.91
2008-08-05 00:00:00+00:00,160.8,154.82
2008-08-06 00:00:00+00:00,167.4,158.0
2008-08-07 00:00:00+00:00,166.15,161.5
2008-08-08 00:00:00+00:00,169.65,163.75
2008-08-11 00:00:00+00:00,176.5,169.67
2008-08-12 00:00:00+00:00,179.29,173.51
2008-08-13 00:00:00+00:00,180.0,175.9
2008-08-14 00:00:00+00:00,180.45,177.84
2008-08-15 00:00:00+00:00,179.75,175.05
2008-08-18 00:00:00+00:00,177.81,173.82
2008-08-19 00:00:00+00:00,177.07,171.81
2008-08-20 00:00:00+00:00,176.94,173.61
2008-08-21 00:00:00+00:00,175.45,171.89
2008-08-22 00:00:00+00:00,177.5,175.57
2008-08-25 00:00:00+00:00,176.23,171.66
2008-08-26 00:00:00+00:00,174.88,172.6101
2008-08-27 00:00:00+00:00,175.76,172.1909
2008-08-28 00:00:00+00:00,176.25,172.75
2008-08-29 00:00:00+00:00,173.5,169.0401
2008-09-02 00:00:00+00:00,173.5,165.0
2008-09-03 00:00:00+00:00,168.68,164.0
2008-09-04 00:00:00+00:00,167.9125,160.81
2008-09-05 00:00:00+00:00,162.4,157.65
2008-09-08 00:00:00+00:00,164.89,151.4585
2008-09-09 00:00:00+00:00,159.96,149.79
2008-09-10 00:00:00+00:00,154.99,148.8
2008-09-11 00:00:00+00:00,152.99,146.0
2008-09-12 00:00:00+00:00,150.9099,146.5
2008-09-15 00:00:00+00:00,147.69,140.36
2008-09-16 00:00:00+00:00,142.5,132.15
2008-09-17 00:00:00+00:00,138.51,127.83
2008-09-18 00:00:00+00:00,140.0,120.68
2008-09-19 00:00:00+00:00,144.2,136.31
2008-09-22 00:00:00+00:00,140.25,130.66
2008-09-23 00:00:00+00:00,135.8,126.66
2008-09-24 00:00:00+00:00,130.95,125.15
2008-09-25 00:00:00+00:00,134.79,128.52
2008-09-26 00:00:00+00:00,129.8,123.0
2008-09-29 00:00:00+00:00,119.68,100.59
2008-09-30 00:00:00+00:00,115.0,106.3
2008-10-01 00:00:00+00:00,112.36,107.39
2008-10-02 00:00:00+00:00,108.79,100.0
2008-10-03 00:00:00+00:00,106.5,94.65
2008-10-06 00:00:00+00:00,98.78,87.54
2008-10-07 00:00:00+00:00,101.5,88.95
2008-10-08 00:00:00+00:00,96.33,85.68
2008-10-09 00:00:00+00:00,95.8,86.6
2008-10-10 00:00:00+00:00,100.0,85.0
2008-10-13 00:00:00+00:00,110.53,101.02
2008-10-14 00:00:00+00:00,116.4,103.14
2008-10-15 00:00:00+00:00,107.0,97.89
2008-10-16 00:00:00+00:00,103.43,91.74
2008-10-17 00:00:00+00:00,102.04,85.885
2008-10-20 00:00:00+00:00,100.03,93.64
2008-10-21 00:00:00+00:00,97.9,91.16
2008-10-22 00:00:00+00:00,101.25,92.93
2008-10-23 00:00:00+00:00,99.25,91.9
2008-10-24 00:00:00+00:00,97.9,90.11
2008-10-27 00:00:00+00:00,97.63,91.86
2008-10-28 00:00:00+00:00,100.5,92.37
2008-10-29 00:00:00+00:00,109.54,99.94
2008-10-30 00:00:00+00:00,112.19,107.61
2008-10-31 00:00:00+00:00,110.78,105.14
2008-11-03 00:00:00+00:00,109.1,104.86
2008-11-04 00:00:00+00:00,111.79,106.67
2008-11-05 00:00:00+00:00,109.72,102.99
2008-11-06 00:00:00+00:00,102.78,98.0
2008-11-07 00:00:00+00:00,99.85,95.72
2008-11-10 00:00:00+00:00,100.4,94.5
2008-11-11 00:00:00+00:00,97.17,92.26
2008-11-12 00:00:00+00:00,93.24,90.01
2008-11-13 00:00:00+00:00,96.44,86.02
2008-11-14 00:00:00+00:00,93.99,90.0
2008-11-17 00:00:00+00:00,90.55,87.26
2008-11-18 00:00:00+00:00,90.99,86.86
2008-11-19 00:00:00+00:00,91.58,86.21
2008-11-20 00:00:00+00:00,86.45,80.0
2008-11-21 00:00:00+00:00,84.12,79.14
2008-11-24 00:00:00+00:00,94.79,84.84
2008-11-25 00:00:00+00:00,94.7099,88.16
2008-11-26 00:00:00+00:00,95.25,89.85
2008-11-28 00:00:00+00:00,94.76,91.86
2008-12-01 00:00:00+00:00,92.27,88.923
2008-12-02 00:00:00+00:00,92.65,86.5
2008-12-03 00:00:00+00:00,96.23,88.8
2008-12-04 00:00:00+00:00,95.21,89.06
2008-12-05 00:00:00+00:00,94.49,88.86
2008-12-08 00:00:00+00:00,100.8,95.8
2008-12-09 00:00:00+00:00,103.6,97.21
2008-12-10 00:00:00+00:00,99.49,96.5
2008-12-11 00:00:00+00:00,101.24,94.83
2008-12-12 00:00:00+00:00,99.0,92.53
2008-12-15 00:00:00+00:00,96.21,93.0
2008-12-16 00:00:00+00:00,96.48,92.75
2008-12-17 00:00:00+00:00,91.1,88.02
2008-12-18 00:00:00+00:00,90.83,88.44
2008-12-19 00:00:00+00:00,90.94,88.8
2008-12-22 00:00:00+00:00,90.03,84.69
2008-12-23 00:00:00+00:00,87.87,85.9
2008-12-24 00:00:00+00:00,86.25,84.55
2008-12-26 00:00:00+00:00,87.42,85.24
2008-12-29 00:00:00+00:00,87.62,85.07
2008-12-30 00:00:00+00:00,88.05,84.72
2008-12-31 00:00:00+00:00,87.74,85.34
2009-01-02 00:00:00+00:00,91.04,85.16
2009-01-05 00:00:00+00:00,96.18,92.71
2009-01-06 00:00:00+00:00,97.17,92.39
2009-01-07 00:00:00+00:00,92.5,90.26
2009-01-08 00:00:00+00:00,93.15,90.04
2009-01-09 00:00:00+00:00,93.38,90.14
2009-01-12 00:00:00+00:00,90.99,87.55
2009-01-13 00:00:00+00:00,89.7399,86.35
2009-01-14 00:00:00+00:00,87.25,84.72
2009-01-15 00:00:00+00:00,84.12,80.05
2009-01-16 00:00:00+00:00,84.38,80.4
2009-01-20 00:00:00+00:00,82.0,78.2
2009-01-21 00:00:00+00:00,82.88,79.31
2009-01-22 00:00:00+00:00,90.0,85.82
2009-01-23 00:00:00+00:00,89.87,86.5
2009-01-26 00:00:00+00:00,90.97,88.3
2009-01-27 00:00:00+00:00,91.55,89.74
2009-01-28 00:00:00+00:00,95.0,91.5
2009-01-29 00:00:00+00:00,94.34,92.6
2009-01-30 00:00:00+00:00,93.62,90.01
2009-02-02 00:00:00+00:00,92.0,88.9
2009-02-03 00:00:00+00:00,93.38,90.28
2009-02-04 00:00:00+00:00,96.25,93.1
2009-02-05 00:00:00+00:00,97.25,92.62
2009-02-06 00:00:00+00:00,100.0,97.0
2009-02-09 00:00:00+00:00,103.0,99.5
2009-02-10 00:00:00+00:00,102.51,97.06
2009-02-11 00:00:00+00:00,98.31,95.77
2009-02-12 00:00:00+00:00,99.75,95.83
2009-02-13 00:00:00+00:00,99.94,98.12
2009-02-17 00:00:00+00:00,97.04,94.28
2009-02-18 00:00:00+00:00,95.85,92.72
2009-02-19 00:00:00+00:00,94.25,90.11
2009-02-20 00:00:00+00:00,92.4,89.0
2009-02-23 00:00:00+00:00,92.0,86.51
2009-02-24 00:00:00+00:00,90.89,87.0
2009-02-25 00:00:00+00:00,92.92,89.25
2009-02-26 00:00:00+00:00,92.92,88.96
2009-02-27 00:00:00+00:00,91.3,87.67
2009-03-02 00:00:00+00:00,91.2,87.67
2009-03-03 00:00:00+00:00,90.74,87.88
2009-03-04 00:00:00+00:00,92.77,89.45
2009-03-05 00:00:00+00:00,91.87,88.45
2009-03-06 00:00:00+00:00,88.4,82.33
2009-03-09 00:00:00+00:00,87.6,82.57
2009-03-10 00:00:00+00:00,89.17,84.36
2009-03-11 00:00:00+00:00,94.07,89.58
2009-03-12 00:00:00+00:00,96.58,92.0
2009-03-13 00:00:00+00:00,97.2,95.01
2009-03-16 00:00:00+00:00,97.39,94.18
2009-03-17 00:00:00+00:00,99.69,95.07
2009-03-18 00:00:00+00:00,103.48,99.72
2009-03-19 00:00:00+00:00,103.2,100.25
2009-03-20 00:00:00+00:00,103.11,100.57
2009-03-23 00:00:00+00:00,108.16,101.75
2009-03-24 00:00:00+00:00,109.44,105.3872
2009-03-25 00:00:00+00:00,108.36,103.86
2009-03-26 00:00:00+00:00,109.98,107.58
2009-03-27 00:00:00+00:00,108.53,106.4
2009-03-30 00:00:00+00:00,105.01,102.61
2009-03-31 00:00:00+00:00,107.45,105.0
2009-04-01 00:00:00+00:00,109.0,103.89
2009-04-02 00:00:00+00:00,114.75,109.78
2009-04-03 00:00:00+00:00,116.13,113.52
2009-04-06 00:00:00+00:00,118.75,113.28
2009-04-07 00:00:00+00:00,116.67,114.19
2009-04-08 00:00:00+00:00,116.79,114.58
2009-04-09 00:00:00+00:00,120.0,117.96
2009-04-13 00:00:00+00:00,120.98,119.0
2009-04-14 00:00:00+00:00,120.17,117.25
2009-04-15 00:00:00+00:00,118.25,115.76
2009-04-16 00:00:00+00:00,123.15,118.79
2009-04-17 00:00:00+00:00,124.25,120.25
2009-04-20 00:00:00+00:00,122.99,119.16
2009-04-21 00:00:00+00:00,122.14,118.6
2009-04-22 00:00:00+00:00,125.35,121.2
2009-04-23 00:00:00+00:00,127.2,123.51
2009-04-24 00:00:00+00:00,125.14,122.97
2009-04-27 00:00:00+00:00,125.0,122.66
2009-04-28 00:00:00+00:00,126.21,123.26
2009-04-29 00:00:00+00:00,126.85,123.83
2009-04-30 00:00:00+00:00,127.0,124.92
2009-05-01 00:00:00+00:00,127.95,125.8
2009-05-04 00:00:00+00:00,132.25,127.68
2009-05-05 00:00:00+00:00,132.86,131.12
2009-05-06 00:00:00+00:00,133.5,130.22
2009-05-07 00:00:00+00:00,132.39,127.9
2009-05-08 00:00:00+00:00,131.2342,126.26
2009-05-11 00:00:00+00:00,130.96,127.12
2009-05-12 00:00:00+00:00,129.71,123.25
2009-05-13 00:00:00+00:00,124.02,119.38
2009-05-14 00:00:00+00:00,123.53,119.7
2009-05-15 00:00:00+00:00,124.62,121.61
2009-05-18 00:00:00+00:00,126.7,121.57
2009-05-19 00:00:00+00:00,129.31,125.74
2009-05-20 00:00:00+00:00,129.21,125.3
2009-05-21 00:00:00+00:00,126.78,122.89
2009-05-22 00:00:00+00:00,124.18,121.75
2009-05-26 00:00:00+00:00,130.83,124.55
2009-05-27 00:00:00+00:00,134.98,130.91
2009-05-28 00:00:00+00:00,135.39,132.03
2009-05-29 00:00:00+00:00,135.9,133.85
2009-06-01 00:00:00+00:00,139.99,136.0
2009-06-02 00:00:00+00:00,141.34,138.35
2009-06-03 00:00:00+00:00,141.11,139.07
2009-06-04 00:00:00+00:00,144.18,140.04
2009-06-05 00:00:00+00:00,146.4,143.21
2009-06-08 00:00:00+00:00,144.23,139.43
2009-06-09 00:00:00+00:00,144.56,140.55
2009-06-10 00:00:00+00:00,142.35,138.3
2009-06-11 00:00:00+00:00,141.56,138.55
2009-06-12 00:00:00+00:00,139.1,136.04
2009-06-15 00:00:00+00:00,136.93,134.89
2009-06-16 00:00:00+00:00,138.47,136.1
2009-06-17 00:00:00+00:00,137.45,134.53
2009-06-18 00:00:00+00:00,138.0,135.59
2009-06-19 00:00:00+00:00,139.5,136.9
2009-06-22 00:00:00+00:00,141.56,136.33
2009-06-23 00:00:00+00:00,136.95,132.88
2009-06-24 00:00:00+00:00,137.5,134.86
2009-06-25 00:00:00+00:00,140.2,135.21
2009-06-26 00:00:00+00:00,143.56,139.74
2009-06-29 00:00:00+00:00,143.95,141.54
2009-06-30 00:00:00+00:00,143.8,141.8
2009-07-01 00:00:00+00:00,144.66,142.52
2009-07-02 00:00:00+00:00,142.83,139.79
2009-07-06 00:00:00+00:00,138.99,136.25
2009-07-07 00:00:00+00:00,139.68,135.18
2009-07-08 00:00:00+00:00,138.04,134.42
2009-07-09 00:00:00+00:00,137.99,135.93
2009-07-10 00:00:00+00:00,138.97,136.32
2009-07-13 00:00:00+00:00,142.34,137.53
2009-07-14 00:00:00+00:00,143.18,141.161
2009-07-15 00:00:00+00:00,147.0,144.32
2009-07-16 00:00:00+00:00,148.02,145.57
2009-07-17 00:00:00+00:00,152.02,148.63
2009-07-20 00:00:00+00:00,155.036,150.89
2009-07-21 00:00:00+00:00,153.43,149.75
2009-07-22 00:00:00+00:00,158.73,156.11
2009-07-23 00:00:00+00:00,158.44,155.56
2009-07-24 00:00:00+00:00,160.0,156.5
2009-07-27 00:00:00+00:00,160.88,157.26
2009-07-28 00:00:00+00:00,160.105,157.6
2009-07-29 00:00:00+00:00,160.45,158.25
2009-07-30 00:00:00+00:00,164.72,161.5
2009-07-31 00:00:00+00:00,165.0,162.91
2009-08-03 00:00:00+00:00,166.64,164.87
2009-08-04 00:00:00+00:00,165.57,164.21
2009-08-05 00:00:00+00:00,167.39,164.21
2009-08-06 00:00:00+00:00,166.51,163.09
2009-08-07 00:00:00+00:00,166.6,164.8
2009-08-10 00:00:00+00:00,166.6,163.66
2009-08-11 00:00:00+00:00,164.38,161.88
2009-08-12 00:00:00+00:00,166.71,162.46
2009-08-13 00:00:00+00:00,168.67,166.5
2009-08-14 00:00:00+00:00,168.2267,165.53
2009-08-17 00:00:00+00:00,163.59,159.42
2009-08-18 00:00:00+00:00,164.24,161.41
2009-08-19 00:00:00+00:00,165.3,162.45
2009-08-20 00:00:00+00:00,166.72,164.61
2009-08-21 00:00:00+00:00,169.37,166.8
2009-08-24 00:00:00+00:00,170.71,168.27
2009-08-25 00:00:00+00:00,170.94,169.13
2009-08-26 00:00:00+00:00,169.55,166.76
2009-08-27 00:00:00+00:00,169.57,164.83
2009-08-28 00:00:00+00:00,172.49,168.53
2009-08-31 00:00:00+00:00,168.85,166.5
2009-09-01 00:00:00+00:00,170.0,164.94
2009-09-02 00:00:00+00:00,167.61,164.11
2009-09-03 00:00:00+00:00,167.1,165.0
2009-09-04 00:00:00+00:00,170.7,167.09
2009-09-08 00:00:00+00:00,173.14,172.0
2009-09-09 00:00:00+00:00,174.47,169.7
2009-09-10 00:00:00+00:00,173.25,170.81
2009-09-11 00:00:00+00:00,173.18,170.87
2009-09-14 00:00:00+00:00,173.9,170.25
2009-09-15 00:00:00+00:00,175.65,173.59
2009-09-16 00:00:00+00:00,182.75,177.88
2009-09-17 00:00:00+00:00,186.79,181.97
2009-09-18 00:00:00+00:00,186.55,184.76
2009-09-21 00:00:00+00:00,185.16,181.62
2009-09-22 00:00:00+00:00,185.38,182.85
2009-09-23 00:00:00+00:00,188.9,185.03
2009-09-24 00:00:00+00:00,187.7,182.77
2009-09-25 00:00:00+00:00,185.5,181.44
2009-09-28 00:00:00+00:00,186.68,183.33
2009-09-29 00:00:00+00:00,187.4,184.31
2009-09-30 00:00:00+00:00,186.45,182.6127
2009-10-01 00:00:00+00:00,186.22,180.7
2009-10-02 00:00:00+00:00,185.94,181.35
2009-10-05 00:00:00+00:00,186.86,184.2701
2009-10-06 00:00:00+00:00,190.01,187.3
2009-10-07 00:00:00+00:00,190.55,189.032
2009-10-08 00:00:00+00:00,191.45,188.89
2009-10-09 00:00:00+00:00,190.7,188.62
2009-10-12 00:00:00+00:00,191.51,189.64
2009-10-13 00:00:00+00:00,191.17,189.7
2009-10-14 00:00:00+00:00,192.32,190.23
2009-10-15 00:00:00+00:00,190.92,189.53
2009-10-16 00:00:00+00:00,190.36,187.84
2009-10-19 00:00:00+00:00,190.0,185.55
2009-10-20 00:00:00+00:00,201.75,197.85
2009-10-21 00:00:00+00:00,208.7099,199.23
2009-10-22 00:00:00+00:00,207.85,202.51
2009-10-23 00:00:00+00:00,205.8,203.23
2009-10-26 00:00:00+00:00,206.75,200.1
2009-10-27 00:00:00+00:00,202.81,196.45
2009-10-28 00:00:00+00:00,198.02,191.1
2009-10-29 00:00:00+00:00,196.81,192.14
2009-10-30 00:00:00+00:00,196.8,186.0667
2009-11-02 00:00:00+00:00,192.88,185.57
2009-11-03 00:00:00+00:00,189.52,185.92
2009-11-04 00:00:00+00:00,193.85,190.23
2009-11-05 00:00:00+00:00,195.0,191.82
2009-11-06 00:00:00+00:00,195.19,192.4
2009-11-09 00:00:00+00:00,201.9,196.26
2009-11-10 00:00:00+00:00,204.98,201.01
2009-11-11 00:00:00+00:00,205.0,201.83
2009-11-12 00:00:00+00:00,204.87,201.43
2009-11-13 00:00:00+00:00,204.83,202.07
2009-11-16 00:00:00+00:00,208.0,205.01
2009-11-17 00:00:00+00:00,207.44,205.0
2009-11-18 00:00:00+00:00,207.0,204.0
2009-11-19 00:00:00+00:00,204.61,199.8
2009-11-20 00:00:00+00:00,200.39,197.76
2009-11-23 00:00:00+00:00,206.0,202.95
2009-11-24 00:00:00+00:00,205.88,202.9
2009-11-25 00:00:00+00:00,205.65,203.76
2009-11-27 00:00:00+00:00,202.96,198.37
2009-11-30 00:00:00+00:00,201.68,198.77
2009-12-01 00:00:00+00:00,202.77,196.83
2009-12-02 00:00:00+00:00,201.42,195.75
2009-12-03 00:00:00+00:00,198.98,196.27
2009-12-04 00:00:00+00:00,199.88,190.28
2009-12-07 00:00:00+00:00,193.77,188.68
2009-12-08 00:00:00+00:00,192.35,188.7
2009-12-09 00:00:00+00:00,198.16,190.31
2009-12-10 00:00:00+00:00,199.7,196.12
2009-12-11 00:00:00+00:00,198.0,193.43
2009-12-14 00:00:00+00:00,197.43,192.56
2009-12-15 00:00:00+00:00,197.51,193.27
2009-12-16 00:00:00+00:00,196.5,194.55
2009-12-17 00:00:00+00:00,195.0,191.0
2009-12-18 00:00:00+00:00,195.503,192.6
2009-12-21 00:00:00+00:00,199.75,195.67
2009-12-22 00:00:00+00:00,200.85,198.66
2009-12-23 00:00:00+00:00,202.38,200.81
2009-12-24 00:00:00+00:00,209.35,203.35
2009-12-28 00:00:00+00:00,213.95,209.611
2009-12-29 00:00:00+00:00,212.72,208.73
2009-12-30 00:00:00+00:00,212.0,208.31
2009-12-31 00:00:00+00:00,213.35,210.56
2010-01-04 00:00:00+00:00,214.5,212.38
2010-01-05 00:00:00+00:00,215.59,213.25
2010-01-06 00:00:00+00:00,215.23,210.75
2010-01-07 00:00:00+00:00,212.0,209.05
2010-01-08 00:00:00+00:00,212.0,209.06
2010-01-11 00:00:00+00:00,213.0,208.45
2010-01-12 00:00:00+00:00,209.77,206.42
2010-01-13 00:00:00+00:00,210.93,204.1
2010-01-14 00:00:00+00:00,210.46,209.02
2010-01-15 00:00:00+00:00,211.6,205.87
2010-01-19 00:00:00+00:00,215.19,207.24
2010-01-20 00:00:00+00:00,215.55,209.5
2010-01-21 00:00:00+00:00,213.3138,207.21
2010-01-22 00:00:00+00:00,207.5,197.16
2010-01-25 00:00:00+00:00,204.7,200.19
2010-01-26 00:00:00+00:00,213.71,202.58
2010-01-27 00:00:00+00:00,210.58,199.531
2010-01-28 00:00:00+00:00,205.5,198.7
2010-01-29 00:00:00+00:00,202.2,190.25
2010-02-01 00:00:00+00:00,196.0,191.3
2010-02-02 00:00:00+00:00,196.32,193.38
2010-02-03 00:00:00+00:00,200.2,194.42
2010-02-04 00:00:00+00:00,198.37,191.57
2010-02-05 00:00:00+00:00,196.0,190.85
2010-02-08 00:00:00+00:00,197.88,194.0
2010-02-09 00:00:00+00:00,197.5,194.75
2010-02-10 00:00:00+00:00,196.6,194.26
2010-02-11 00:00:00+00:00,199.75,194.06
2010-02-12 00:00:00+00:00,201.64,195.5
2010-02-16 00:00:00+00:00,203.69,201.52
2010-02-17 00:00:00+00:00,204.31,200.86
2010-02-18 00:00:00+00:00,203.89,200.92
2010-02-19 00:00:00+00:00,203.2,201.11
2010-02-22 00:00:00+00:00,202.5,199.19
2010-02-23 00:00:00+00:00,201.33,195.71
2010-02-24 00:00:00+00:00,201.44,197.84
2010-02-25 00:00:00+00:00,202.86,196.89
2010-02-26 00:00:00+00:00,205.17,202.0
2010-03-01 00:00:00+00:00,209.5,205.45
2010-03-02 00:00:00+00:00,210.83,207.74
2010-03-03 00:00:00+00:00,209.87,207.94
2010-03-04 00:00:00+00:00,210.92,208.63
2010-03-05 00:00:00+00:00,219.7,214.63
2010-03-08 00:00:00+00:00,220.09,218.25
2010-03-09 00:00:00+00:00,225.0,217.89
2010-03-10 00:00:00+00:00,225.48,223.2
2010-03-11 00:00:00+00:00,225.5,223.32
2010-03-12 00:00:00+00:00,227.73,225.75
2010-03-15 00:00:00+00:00,225.5,220.25
2010-03-16 00:00:00+00:00,224.98,222.51
2010-03-17 00:00:00+00:00,226.45,223.27
2010-03-18 00:00:00+00:00,225.0,222.61
2010-03-19 00:00:00+00:00,225.24,221.23
2010-03-22 00:00:00+00:00,226.0,220.15
2010-03-23 00:00:00+00:00,228.78,224.1
2010-03-24 00:00:00+00:00,230.2,227.51
2010-03-25 00:00:00+00:00,230.97,226.25
2010-03-26 00:00:00+00:00,231.95,228.55
2010-03-29 00:00:00+00:00,233.8699,231.62
2010-03-30 00:00:00+00:00,237.48,234.25
2010-03-31 00:00:00+00:00,236.61,234.46
2010-04-01 00:00:00+00:00,238.73,232.75
2010-04-05 00:00:00+00:00,238.51,234.77
2010-04-06 00:00:00+00:00,240.24,237.0
2010-04-07 00:00:00+00:00,241.92,238.6601
2010-04-08 00:00:00+00:00,241.54,238.04
2010-04-09 00:00:00+00:00,241.89,240.46
2010-04-12 00:00:00+00:00,243.07,241.81
2010-04-13 00:00:00+00:00,242.8,241.11
2010-04-14 00:00:00+00:00,245.81,244.07
2010-04-15 00:00:00+00:00,249.03,245.51
2010-04-16 00:00:00+00:00,251.14,244.55
2010-04-19 00:00:00+00:00,247.89,241.77
2010-04-20 00:00:00+00:00,249.25,242.955
2010-04-21 00:00:00+00:00,260.25,255.73
2010-04-22 00:00:00+00:00,266.75,256.2
2010-04-23 00:00:00+00:00,272.18,267.0
2010-04-26 00:00:00+00:00,272.46,268.19
2010-04-27 00:00:00+00:00,267.84,260.52
2010-04-28 00:00:00+00:00,264.0,256.41
2010-04-29 00:00:00+00:00,270.0,262.01
2010-04-30 00:00:00+00:00,270.57,261.0
2010-05-03 00:00:00+00:00,267.88,262.88
2010-05-04 00:00:00+00:00,263.29,256.75
2010-05-05 00:00:00+00:00,258.14,248.73
2010-05-06 00:00:00+00:00,258.25,199.25
2010-05-07 00:00:00+00:00,246.57,225.21
2010-05-10 00:00:00+00:00,254.65,248.53
2010-05-11 00:00:00+00:00,259.89,250.5
2010-05-12 00:00:00+00:00,263.13,258.7
2010-05-13 00:00:00+00:00,265.0,256.4
2010-05-14 00:00:00+00:00,256.48,249.5
2010-05-17 00:00:00+00:00,256.18,247.71
2010-05-18 00:00:00+00:00,258.55,250.26
2010-05-19 00:00:00+00:00,252.92,244.85
2010-05-20 00:00:00+00:00,243.85,236.21
2010-05-21 00:00:00+00:00,244.5,231.35
2010-05-24 00:00:00+00:00,250.9,246.26
2010-05-25 00:00:00+00:00,246.76,237.16
2010-05-26 00:00:00+00:00,252.13,243.75
2010-05-27 00:00:00+00:00,253.89,249.11
2010-05-28 00:00:00+00:00,259.4,253.35
2010-06-01 00:00:00+00:00,265.94,258.96
2010-06-02 00:00:00+00:00,264.8,260.335
2010-06-03 00:00:00+00:00,265.55,260.41
2010-06-04 00:00:00+00:00,261.9,254.63
2010-06-07 00:00:00+00:00,259.15,250.55
2010-06-08 00:00:00+00:00,253.8,245.65
2010-06-09 00:00:00+00:00,251.9,242.49
2010-06-10 00:00:00+00:00,250.98,242.2
2010-06-11 00:00:00+00:00,253.86,247.37
2010-06-14 00:00:00+00:00,259.15,254.01
2010-06-15 00:00:00+00:00,259.85,255.5
2010-06-16 00:00:00+00:00,267.75,260.6302
2010-06-17 00:00:00+00:00,272.9,269.5
2010-06-18 00:00:00+00:00,275.0,271.42
2010-06-21 00:00:00+00:00,279.01,268.73
2010-06-22 00:00:00+00:00,275.97,271.5
2010-06-23 00:00:00+00:00,274.66,267.9
2010-06-24 00:00:00+00:00,273.195,268.1
2010-06-25 00:00:00+00:00,270.27,265.81
2010-06-28 00:00:00+00:00,269.75,264.52
2010-06-29 00:00:00+00:00,264.39,254.3
2010-06-30 00:00:00+00:00,257.97,250.01
2010-07-01 00:00:00+00:00,254.8,243.22
2010-07-02 00:00:00+00:00,250.93,243.2
2010-07-06 00:00:00+00:00,252.8,246.16
2010-07-07 00:00:00+00:00,258.77,249.75
2010-07-08 00:00:00+00:00,262.9,254.89
2010-07-09 00:00:00+00:00,259.9,255.16
2010-07-12 00:00:00+00:00,261.85,254.86
2010-07-13 00:00:00+00:00,256.4,246.43
2010-07-14 00:00:00+00:00,255.8,249.0
2010-07-15 00:00:00+00:00,256.97,247.3
2010-07-16 00:00:00+00:00,254.97,248.41
2010-07-19 00:00:00+00:00,249.88,239.6
2010-07-20 00:00:00+00:00,252.9,240.01
2010-07-21 00:00:00+00:00,265.15,254.0
2010-07-22 00:00:00+00:00,260.0,255.31
2010-07-23 00:00:00+00:00,260.38,256.28
2010-07-26 00:00:00+00:00,260.0998,257.71
2010-07-27 00:00:00+00:00,264.8,260.3
2010-07-28 00:00:00+00:00,265.99,260.25
2010-07-29 00:00:00+00:00,262.65,256.1
2010-07-30 00:00:00+00:00,259.7,254.9
2010-08-02 00:00:00+00:00,262.59,259.62
2010-08-03 00:00:00+00:00,263.26,259.42
2010-08-04 00:00:00+00:00,264.28,260.311
2010-08-05 00:00:00+00:00,263.18,260.55
2010-08-06 00:00:00+00:00,261.49,257.63
2010-08-09 00:00:00+00:00,262.15,259.57
2010-08-10 00:00:00+00:00,260.45,257.55
2010-08-11 00:00:00+00:00,255.69,249.81
2010-08-12 00:00:00+00:00,253.1,246.12
2010-08-13 00:00:00+00:00,251.88,249.09
2010-08-16 00:00:00+00:00,250.01,246.62
2010-08-17 00:00:00+00:00,254.63,249.2
2010-08-18 00:00:00+00:00,254.67,251.58
2010-08-19 00:00:00+00:00,253.48,248.68
2010-08-20 00:00:00+00:00,253.92,249.0
2010-08-23 00:00:00+00:00,252.0,245.25
2010-08-24 00:00:00+00:00,243.0,238.65
2010-08-25 00:00:00+00:00,243.99,237.2
2010-08-26 00:00:00+00:00,245.75,240.2778
2010-08-27 00:00:00+00:00,242.61,235.56
2010-08-30 00:00:00+00:00,245.75,240.6801
2010-08-31 00:00:00+00:00,244.56,240.35
2010-09-01 00:00:00+00:00,251.46,246.28
2010-09-02 00:00:00+00:00,252.17,248.57
2010-09-03 00:00:00+00:00,258.78,254.5
2010-09-07 00:00:00+00:00,259.53,256.25
2010-09-08 00:00:00+00:00,264.3899,259.1
2010-09-09 00:00:00+00:00,266.52,262.92
2010-09-10 00:00:00+00:00,264.5,261.4
2010-09-13 00:00:00+00:00,268.28,265.76
2010-09-14 00:00:00+00:00,269.17,265.52
2010-09-15 00:00:00+00:00,270.38,267.84
2010-09-16 00:00:00+00:00,276.67,269.5
2010-09-17 00:00:00+00:00,277.96,273.68
2010-09-20 00:00:00+00:00,283.78,275.85
2010-09-21 00:00:00+00:00,287.35,282.79
2010-09-22 00:00:00+00:00,287.98,282.41
2010-09-23 00:00:00+00:00,292.76,286.0
2010-09-24 00:00:00+00:00,293.53,290.55
2010-09-27 00:00:00+00:00,294.73,291.01
2010-09-28 00:00:00+00:00,291.77,275.0
2010-09-29 00:00:00+00:00,289.81,286.0
2010-09-30 00:00:00+00:00,290.0,281.25
2010-10-01 00:00:00+00:00,286.58,281.35
2010-10-04 00:00:00+00:00,282.9,277.77
2010-10-05 00:00:00+00:00,289.45,281.82
2010-10-06 00:00:00+00:00,291.99,285.26
2010-10-07 00:00:00+00:00,290.48,286.91
2010-10-08 00:00:00+00:00,294.5,290.0
2010-10-11 00:00:00+00:00,297.24,294.6
2010-10-12 00:00:00+00:00,299.5,292.49
2010-10-13 00:00:00+00:00,301.96,299.8
2010-10-14 00:00:00+00:00,302.47,300.4
2010-10-15 00:00:00+00:00,315.0,304.91
2010-10-18 00:00:00+00:00,319.0,314.29
2010-10-19 00:00:00+00:00,313.77,300.02
2010-10-20 00:00:00+00:00,314.25,306.87
2010-10-21 00:00:00+00:00,314.74,306.8
2010-10-22 00:00:00+00:00,310.04,306.3
2010-10-25 00:00:00+00:00,311.6,308.44
2010-10-26 00:00:00+00:00,309.74,305.65
2010-10-27 00:00:00+00:00,309.9,305.6
2010-10-28 00:00:00+00:00,308.0,300.9
2010-10-29 00:00:00+00:00,305.88,300.87
2010-11-01 00:00:00+00:00,305.6,302.2
2010-11-02 00:00:00+00:00,310.19,307.0
2010-11-03 00:00:00+00:00,312.88,308.53
2010-11-04 00:00:00+00:00,320.18,315.03
2010-11-05 00:00:00+00:00,319.57,316.75
2010-11-08 00:00:00+00:00,319.7702,316.76
2010-11-09 00:00:00+00:00,321.3,314.5
2010-11-10 00:00:00+00:00,318.77,313.55
2010-11-11 00:00:00+00:00,318.4,314.25
2010-11-12 00:00:00+00:00,316.5,303.63
2010-11-15 00:00:00+00:00,310.54,306.27
2010-11-16 00:00:00+00:00,307.6,299.32
2010-11-17 00:00:00+00:00,303.99,297.76
2010-11-18 00:00:00+00:00,309.67,304.69
2010-11-19 00:00:00+00:00,308.4,305.24
2010-11-22 00:00:00+00:00,313.36,305.87
2010-11-23 00:00:00+00:00,311.75,306.56
2010-11-24 00:00:00+00:00,315.4,311.75
2010-11-26 00:00:00+00:00,317.6999,312.94
2010-11-29 00:00:00+00:00,317.48,311.38
2010-11-30 00:00:00+00:00,314.36,310.87
2010-12-01 00:00:00+00:00,317.75,315.0
2010-12-02 00:00:00+00:00,319.0,314.89
2010-12-03 00:00:00+00:00,318.65,316.34
2010-12-06 00:00:00+00:00,322.33,318.42
2010-12-07 00:00:00+00:00,323.99,318.12
2010-12-08 00:00:00+00:00,321.02,317.11
2010-12-09 00:00:00+00:00,322.5,319.02
2010-12-10 00:00:00+00:00,321.05,318.6
2010-12-13 00:00:00+00:00,325.06,321.0
2010-12-14 00:00:00+00:00,322.54,319.0
2010-12-15 00:00:00+00:00,323.0,319.19
2010-12-16 00:00:00+00:00,322.61,320.1
2010-12-17 00:00:00+00:00,321.79,320.23
2010-12-20 00:00:00+00:00,323.25,318.23
2010-12-21 00:00:00+00:00,324.39,322.05
2010-12-22 00:00:00+00:00,325.72,323.55
2010-12-23 00:00:00+00:00,325.15,323.17
2010-12-27 00:00:00+00:00,325.44,321.52
2010-12-28 00:00:00+00:00,326.66,325.06
2010-12-29 00:00:00+00:00,326.45,325.1
2010-12-30 00:00:00+00:00,325.51,323.05
2010-12-31 00:00:00+00:00,323.48,321.31
2011-01-03 00:00:00+00:00,330.26,324.8365
2011-01-04 00:00:00+00:00,332.5,328.15
2011-01-05 00:00:00+00:00,334.34,329.5
2011-01-06 00:00:00+00:00,335.25,332.9
2011-01-07 00:00:00+00:00,336.35,331.9
2011-01-10 00:00:00+00:00,343.23,337.17
2011-01-11 00:00:00+00:00,344.96,339.47
2011-01-12 00:00:00+00:00,344.43,342.0
2011-01-13 00:00:00+00:00,346.64,343.85
2011-01-14 00:00:00+00:00,348.48,344.44
2011-01-18 00:00:00+00:00,344.7625,326.0
2011-01-19 00:00:00+00:00,348.6,336.88
2011-01-20 00:00:00+00:00,338.3,330.12
2011-01-21 00:00:00+00:00,334.88,326.63
2011-01-24 00:00:00+00:00,337.45,326.72
2011-01-25 00:00:00+00:00,341.44,334.57
2011-01-26 00:00:00+00:00,345.6,341.5
2011-01-27 00:00:00+00:00,344.6928,342.831
2011-01-28 00:00:00+00:00,344.4,333.528
2011-01-31 00:00:00+00:00,340.04,334.3
2011-02-01 00:00:00+00:00,345.65,340.98
2011-02-02 00:00:00+00:00,345.25,343.55
2011-02-03 00:00:00+00:00,344.24,338.55
2011-02-04 00:00:00+00:00,346.7,343.51
2011-02-07 00:00:00+00:00,353.25,347.64
2011-02-08 00:00:00+00:00,355.52,352.15
2011-02-09 00:00:00+00:00,359.0,354.87
2011-02-10 00:00:00+00:00,360.0,348.0
2011-02-11 00:00:00+00:00,357.8,353.5401
2011-02-14 00:00:00+00:00,359.48,356.71
2011-02-15 00:00:00+00:00,359.97,357.55
2011-02-16 00:00:00+00:00,364.9,360.5
2011-02-17 00:00:00+00:00,360.27,356.52
2011-02-18 00:00:00+00:00,359.5,349.52
2011-02-22 00:00:00+00:00,345.4,337.72
2011-02-23 00:00:00+00:00,344.64,338.61
2011-02-24 00:00:00+00:00,345.15,338.37
2011-02-25 00:00:00+00:00,348.43,344.8
2011-02-28 00:00:00+00:00,355.05,351.12
2011-03-01 00:00:00+00:00,355.72,347.681
2011-03-02 00:00:00+00:00,354.35,348.4
2011-03-03 00:00:00+00:00,359.79,355.92
2011-03-04 00:00:00+00:00,360.29,357.75
2011-03-07 00:00:00+00:00,361.67,351.31
2011-03-08 00:00:00+00:00,357.4,352.25
2011-03-09 00:00:00+00:00,354.76,350.6
2011-03-10 00:00:00+00:00,349.77,344.9
2011-03-11 00:00:00+00:00,352.32,345.0
2011-03-14 00:00:00+00:00,356.4844,351.31
2011-03-15 00:00:00+00:00,347.84,340.1
2011-03-16 00:00:00+00:00,343.0,326.26
2011-03-17 00:00:00+00:00,339.61,330.6596
2011-03-18 00:00:00+00:00,338.2,330.0
2011-03-21 00:00:00+00:00,339.74,335.26
2011-03-22 00:00:00+00:00,342.62,339.14
2011-03-23 00:00:00+00:00,340.22,335.95
2011-03-24 00:00:00+00:00,346.0,338.86
2011-03-25 00:00:00+00:00,352.06,347.02
2011-03-28 00:00:00+00:00,354.32,350.44
2011-03-29 00:00:00+00:00,350.96,346.06
2011-03-30 00:00:00+00:00,350.88,347.44
2011-03-31 00:00:00+00:00,349.8,346.06
2011-04-01 00:00:00+00:00,351.5872,343.3
2011-04-04 00:00:00+00:00,344.6,338.4
2011-04-05 00:00:00+00:00,342.25,336.0
2011-04-06 00:00:00+00:00,343.9,337.14
2011-04-07 00:00:00+00:00,340.43,336.03
2011-04-08 00:00:00+00:00,340.15,333.95
2011-04-11 00:00:00+00:00,335.67,330.02
2011-04-12 00:00:00+00:00,333.73,330.2
2011-04-13 00:00:00+00:00,336.14,332.52
2011-04-14 00:00:00+00:00,336.0,332.06
2011-04-15 00:00:00+00:00,333.64,326.8
2011-04-18 00:00:00+00:00,332.23,320.16
2011-04-19 00:00:00+00:00,337.98,331.71
2011-04-20 00:00:00+00:00,345.75,341.5
2011-04-21 00:00:00+00:00,355.13,348.52
2011-04-25 00:00:00+00:00,353.75,350.3
2011-04-26 00:00:00+00:00,354.99,349.35
2011-04-27 00:00:00+00:00,352.35,347.1
2011-04-28 00:00:00+00:00,349.75,345.52
2011-04-29 00:00:00+00:00,353.95,346.666
2011-05-02 00:00:00+00:00,350.469,345.5
2011-05-03 00:00:00+00:00,349.89,345.62
2011-05-04 00:00:00+00:00,351.83,346.88
2011-05-05 00:00:00+00:00,350.95,346.05
2011-05-06 00:00:00+00:00,350.0,346.21
2011-05-09 00:00:00+00:00,349.2,346.5276
2011-05-10 00:00:00+00:00,349.69,346.66
2011-05-11 00:00:00+00:00,350.0,345.24
2011-05-12 00:00:00+00:00,347.12,342.27
2011-05-13 00:00:00+00:00,346.25,340.35
2011-05-16 00:00:00+00:00,341.22,332.6
2011-05-17 00:00:00+00:00,336.14,330.73
2011-05-18 00:00:00+00:00,341.05,336.0
2011-05-19 00:00:00+00:00,342.414,338.67
2011-05-20 00:00:00+00:00,340.95,335.02
2011-05-23 00:00:00+00:00,335.98,329.42
2011-05-24 00:00:00+00:00,335.899,331.34
2011-05-25 00:00:00+00:00,338.56,332.85
2011-05-26 00:00:00+00:00,336.89,334.435
2011-05-27 00:00:00+00:00,337.63,334.31
2011-05-31 00:00:00+00:00,347.83,341.0
2011-06-01 00:00:00+00:00,352.132,344.65
2011-06-02 00:00:00+00:00,347.98,344.3
2011-06-03 00:00:00+00:00,345.33,342.01
2011-06-06 00:00:00+00:00,347.05,337.81
2011-06-07 00:00:00+00:00,338.22,331.9
2011-06-08 00:00:00+00:00,334.8,330.65
2011-06-09 00:00:00+00:00,333.67,330.75
2011-06-10 00:00:00+00:00,331.66,325.51
2011-06-13 00:00:00+00:00,328.31,325.07
2011-06-14 00:00:00+00:00,333.25,329.31
2011-06-15 00:00:00+00:00,330.3,324.88
2011-06-16 00:00:00+00:00,328.6811,318.33
2011-06-17 00:00:00+00:00,329.25,319.36
2011-06-20 00:00:00+00:00,317.7,310.5
2011-06-21 00:00:00+00:00,325.8,315.2
2011-06-22 00:00:00+00:00,328.9,322.38
2011-06-23 00:00:00+00:00,331.69,318.12
2011-06-24 00:00:00+00:00,333.15,325.09
2011-06-27 00:00:00+00:00,333.9,327.25
2011-06-28 00:00:00+00:00,336.7,333.44
2011-06-29 00:00:00+00:00,336.37,331.88
2011-06-30 00:00:00+00:00,336.13,332.84
2011-07-01 00:00:00+00:00,343.5,334.2
2011-07-05 00:00:00+00:00,349.83,342.5
2011-07-06 00:00:00+00:00,354.1,346.71
2011-07-07 00:00:00+00:00,358.0,354.0
2011-07-08 00:00:00+00:00,360.0,352.2
2011-07-11 00:00:00+00:00,359.77,352.82
2011-07-12 00:00:00+00:00,357.68,348.62
2011-07-13 00:00:00+00:00,360.0,356.38
2011-07-14 00:00:00+00:00,361.61,356.34
2011-07-15 00:00:00+00:00,365.0,359.17
2011-07-18 00:00:00+00:00,374.65,365.28
2011-07-19 00:00:00+00:00,378.65,373.32
2011-07-20 00:00:00+00:00,396.27,386.0
2011-07-21 00:00:00+00:00,390.06,383.9
2011-07-22 00:00:00+00:00,395.05,387.75
2011-07-25 00:00:00+00:00,400.0,389.62
2011-07-26 00:00:00+00:00,404.5,399.68
2011-07-27 00:00:00+00:00,402.64,392.15
2011-07-28 00:00:00+00:00,396.99,388.13
2011-07-29 00:00:00+00:00,395.15,384.0
2011-08-01 00:00:00+00:00,399.5,392.37
2011-08-02 00:00:00+00:00,397.9,388.35
2011-08-03 00:00:00+00:00,393.55,382.24
2011-08-04 00:00:00+00:00,391.32,377.35
2011-08-05 00:00:00+00:00,383.5,362.57
2011-08-08 00:00:00+00:00,367.77,353.02
2011-08-09 00:00:00+00:00,374.61,355.0
2011-08-10 00:00:00+00:00,374.65,362.5
2011-08-11 00:00:00+00:00,375.45,364.72
2011-08-12 00:00:00+00:00,379.64,374.23
2011-08-15 00:00:00+00:00,384.97,378.09
2011-08-16 00:00:00+00:00,383.37,376.06
2011-08-17 00:00:00+00:00,384.52,378.0
2011-08-18 00:00:00+00:00,372.65,361.37
2011-08-19 00:00:00+00:00,367.0,356.0
2011-08-22 00:00:00+00:00,364.88,355.09
2011-08-23 00:00:00+00:00,373.64,357.0
2011-08-24 00:00:00+00:00,378.96,370.6
2011-08-25 00:00:00+00:00,375.45,365.0
2011-08-26 00:00:00+00:00,383.8,370.8008
2011-08-29 00:00:00+00:00,391.5,388.0
2011-08-30 00:00:00+00:00,391.84,386.21
2011-08-31 00:00:00+00:00,392.08,381.86
2011-09-01 00:00:00+00:00,387.3399,380.72
2011-09-02 00:00:00+00:00,378.0,371.83
2011-09-06 00:00:00+00:00,380.33,366.48
2011-09-07 00:00:00+00:00,385.6,382.0
2011-09-08 00:00:00+00:00,388.61,382.31
2011-09-09 00:00:00+00:00,386.0,375.02
2011-09-12 00:00:00+00:00,380.88,371.9
2011-09-13 00:00:00+00:00,386.21,380.25
2011-09-14 00:00:00+00:00,392.21,385.76
2011-09-15 00:00:00+00:00,393.66,389.9
2011-09-16 00:00:00+00:00,400.503,395.03
2011-09-19 00:00:00+00:00,413.23,395.2045
2011-09-20 00:00:00+00:00,422.86,411.19
2011-09-21 00:00:00+00:00,421.59,412.0
2011-09-22 00:00:00+00:00,409.82,396.7
2011-09-23 00:00:00+00:00,406.74,399.85
2011-09-26 00:00:00+00:00,403.98,391.3
2011-09-27 00:00:00+00:00,409.25,398.06
2011-09-28 00:00:00+00:00,403.74,396.51
2011-09-29 00:00:00+00:00,402.21,386.21
2011-09-30 00:00:00+00:00,388.89,381.18
2011-10-03 00:00:00+00:00,382.64,373.171
2011-10-04 00:00:00+00:00,381.8,354.24
2011-10-05 00:00:00+00:00,379.82,360.3
2011-10-06 00:00:00+00:00,384.78,371.8045
2011-10-07 00:00:00+00:00,377.74,368.489
2011-10-10 00:00:00+00:00,388.81,378.21
2011-10-11 00:00:00+00:00,403.18,391.5
2011-10-12 00:00:00+00:00,409.25,400.14
2011-10-13 00:00:00+00:00,408.43,402.85
2011-10-14 00:00:00+00:00,422.0,415.27
2011-10-17 00:00:00+00:00,426.7,415.94
2011-10-18 00:00:00+00:00,424.8067,415.99
2011-10-19 00:00:00+00:00,408.419,397.8
2011-10-20 00:00:00+00:00,400.35,394.21
2011-10-21 00:00:00+00:00,399.14,390.75
2011-10-24 00:00:00+00:00,406.5,395.4
2011-10-25 00:00:00+00:00,406.55,397.38
2011-10-26 00:00:00+00:00,402.55,393.151
2011-10-27 00:00:00+00:00,409.0,401.89
2011-10-28 00:00:00+00:00,406.35,402.51
2011-10-31 00:00:00+00:00,409.33,401.05
2011-11-01 00:00:00+00:00,399.5,393.22
2011-11-02 00:00:00+00:00,400.44,395.11
2011-11-03 00:00:00+00:00,403.4,395.36
2011-11-04 00:00:00+00:00,403.44,399.16
2011-11-07 00:00:00+00:00,400.0,396.13
2011-11-08 00:00:00+00:00,408.0,401.56
2011-11-09 00:00:00+00:00,400.89,394.23
2011-11-10 00:00:00+00:00,397.21,382.15
2011-11-11 00:00:00+00:00,388.7,380.26
2011-11-14 00:00:00+00:00,385.25,378.2
2011-11-15 00:00:00+00:00,389.5,379.45
2011-11-16 00:00:00+00:00,391.14,384.32
2011-11-17 00:00:00+00:00,384.58,375.5
2011-11-18 00:00:00+00:00,379.99,374.88
2011-11-21 00:00:00+00:00,371.68,365.91
2011-11-22 00:00:00+00:00,377.93,370.94
2011-11-23 00:00:00+00:00,375.84,366.88
2011-11-25 00:00:00+00:00,371.15,363.32
2011-11-28 00:00:00+00:00,376.72,370.33
2011-11-29 00:00:00+00:00,378.83,370.2
2011-11-30 00:00:00+00:00,382.276,378.3
2011-12-01 00:00:00+00:00,389.0,380.75
2011-12-02 00:00:00+00:00,393.6299,388.58
2011-12-05 00:00:00+00:00,396.41,390.388
2011-12-06 00:00:00+00:00,394.63,389.38
2011-12-07 00:00:00+00:00,390.94,386.7625
2011-12-08 00:00:00+00:00,395.5,390.23
2011-12-09 00:00:00+00:00,394.04,391.03
2011-12-12 00:00:00+00:00,393.9,389.45
2011-12-13 00:00:00+00:00,395.4,387.1
2011-12-14 00:00:00+00:00,387.38,377.68
2011-12-15 00:00:00+00:00,383.74,378.31
2011-12-16 00:00:00+00:00,384.15,379.57
2011-12-19 00:00:00+00:00,384.85,380.48
2011-12-20 00:00:00+00:00,396.1,387.26
2011-12-21 00:00:00+00:00,397.3,392.01
2011-12-22 00:00:00+00:00,399.13,396.1
2011-12-23 00:00:00+00:00,403.59,399.495
2011-12-27 00:00:00+00:00,409.09,403.02
2011-12-28 00:00:00+00:00,408.25,401.34
2011-12-29 00:00:00+00:00,405.65,400.51
2011-12-30 00:00:00+00:00,406.28,403.49
2012-01-03 00:00:00+00:00,412.5,409.0
2012-01-04 00:00:00+00:00,414.68,409.28
2012-01-05 00:00:00+00:00,418.55,412.67
2012-01-06 00:00:00+00:00,422.75,419.22
2012-01-09 00:00:00+00:00,427.75,421.35
2012-01-10 00:00:00+00:00,426.0,421.5
2012-01-11 00:00:00+00:00,422.85,419.31
2012-01-12 00:00:00+00:00,422.9,418.75
2012-01-13 00:00:00+00:00,420.45,418.66
2012-01-17 00:00:00+00:00,425.99,422.96
2012-01-18 00:00:00+00:00,429.47,426.3
2012-01-19 00:00:00+00:00,431.369,426.51
2012-01-20 00:00:00+00:00,427.5,419.75
2012-01-23 00:00:00+00:00,428.45,422.3
2012-01-24 00:00:00+00:00,425.1001,419.55
2012-01-25 00:00:00+00:00,454.45,443.73
2012-01-26 00:00:00+00:00,448.79,443.14
2012-01-27 00:00:00+00:00,448.48,443.77
2012-01-30 00:00:00+00:00,453.9,445.39
2012-01-31 00:00:00+00:00,458.24,453.07
2012-02-01 00:00:00+00:00,458.99,455.55
2012-02-02 00:00:00+00:00,457.17,453.98
2012-02-03 00:00:00+00:00,460.0,455.56
2012-02-06 00:00:00+00:00,464.98,458.201
2012-02-07 00:00:00+00:00,469.75,464.581
2012-02-08 00:00:00+00:00,476.79,469.7
2012-02-09 00:00:00+00:00,496.75,480.56
2012-02-10 00:00:00+00:00,497.62,488.55
2012-02-13 00:00:00+00:00,503.83,497.09
2012-02-14 00:00:00+00:00,509.56,502.0
2012-02-15 00:00:00+00:00,526.29,496.89
2012-02-16 00:00:00+00:00,504.89,486.63
2012-02-17 00:00:00+00:00,507.77,500.3
2012-02-21 00:00:00+00:00,514.85,504.12
2012-02-22 00:00:00+00:00,515.49,509.07
2012-02-23 00:00:00+00:00,517.8296,509.5
2012-02-24 00:00:00+00:00,522.9,518.64
2012-02-27 00:00:00+00:00,528.5,516.28
2012-02-28 00:00:00+00:00,535.41,525.85
2012-02-29 00:00:00+00:00,547.61,535.7
2012-03-01 00:00:00+00:00,548.21,538.77
2012-03-02 00:00:00+00:00,546.8,542.52
2012-03-05 00:00:00+00:00,547.48,526.0
2012-03-06 00:00:00+00:00,533.69,516.221
2012-03-07 00:00:00+00:00,537.78,523.3
2012-03-08 00:00:00+00:00,542.99,532.12
2012-03-09 00:00:00+00:00,547.74,543.11
2012-03-12 00:00:00+00:00,552.0,547.0
2012-03-13 00:00:00+00:00,568.18,555.75
2012-03-14 00:00:00+00:00,594.72,575.4
2012-03-15 00:00:00+00:00,600.01,578.55
2012-03-16 00:00:00+00:00,589.2,578.0
2012-03-19 00:00:00+00:00,601.77,589.05
2012-03-20 00:00:00+00:00,606.9,582.0
2012-03-21 00:00:00+00:00,609.65,601.41
2012-03-22 00:00:00+00:00,604.5,595.53
2012-03-23 00:00:00+00:00,601.8,594.401
2012-03-26 00:00:00+00:00,607.15,595.26
2012-03-27 00:00:00+00:00,616.28,606.06
2012-03-28 00:00:00+00:00,621.45,610.31
2012-03-29 00:00:00+00:00,616.56,607.23
2012-03-30 00:00:00+00:00,610.56,597.94
2012-04-02 00:00:00+00:00,618.77,600.38
2012-04-03 00:00:00+00:00,632.21,622.51
2012-04-04 00:00:00+00:00,625.86,617.0
2012-04-05 00:00:00+00:00,634.66,623.4
2012-04-09 00:00:00+00:00,639.84,625.3
2012-04-10 00:00:00+00:00,644.0,626.0
2012-04-11 00:00:00+00:00,636.87,623.3422
2012-04-12 00:00:00+00:00,631.33,620.5
2012-04-13 00:00:00+00:00,624.7,603.51
2012-04-16 00:00:00+00:00,610.28,578.25
2012-04-17 00:00:00+00:00,610.0,571.91
2012-04-18 00:00:00+00:00,620.25,602.71
2012-04-19 00:00:00+00:00,604.732,584.52
2012-04-20 00:00:00+00:00,594.62,570.42
2012-04-23 00:00:00+00:00,576.67,556.62
2012-04-24 00:00:00+00:00,567.69,555.0
2012-04-25 00:00:00+00:00,618.0,606.0
2012-04-26 00:00:00+00:00,614.69,602.13
2012-04-27 00:00:00+00:00,606.18,600.5
2012-04-30 00:00:00+00:00,598.4,583.0
2012-05-01 00:00:00+00:00,596.76,581.23
2012-05-02 00:00:00+00:00,587.3999,578.86
2012-05-03 00:00:00+00:00,591.4,580.3
2012-05-04 00:00:00+00:00,578.36,565.17
2012-05-07 00:00:00+00:00,572.77,561.23
2012-05-08 00:00:00+00:00,571.5,558.73
2012-05-09 00:00:00+00:00,573.9778,560.85
2012-05-10 00:00:00+00:00,575.88,568.441
2012-05-11 00:00:00+00:00,574.47,564.35
2012-05-14 00:00:00+00:00,567.51,557.6
2012-05-15 00:00:00+00:00,563.22,551.75
2012-05-16 00:00:00+00:00,556.89,541.04
2012-05-17 00:00:00+00:00,547.5,530.12
2012-05-18 00:00:00+00:00,543.41,522.18
2012-05-21 00:00:00+00:00,561.54,534.05
2012-05-22 00:00:00+00:00,573.88,552.58
2012-05-23 00:00:00+00:00,572.8,553.23
2012-05-24 00:00:00+00:00,576.5,561.23
2012-05-25 00:00:00+00:00,565.85,558.472
2012-05-29 00:00:00+00:00,574.0,565.31
2012-05-30 00:00:00+00:00,579.99,566.56
2012-05-31 00:00:00+00:00,581.5,571.46
2012-06-01 00:00:00+00:00,572.65,560.52
2012-06-04 00:00:00+00:00,567.5,548.5
2012-06-05 00:00:00+00:00,566.47,558.33
2012-06-06 00:00:00+00:00,573.85,565.5
2012-06-07 00:00:00+00:00,577.32,570.5
2012-06-08 00:00:00+00:00,580.584,569.0
2012-06-11 00:00:00+00:00,588.5,570.63
2012-06-12 00:00:00+00:00,576.62,566.7
2012-06-13 00:00:00+00:00,578.48,570.38
2012-06-14 00:00:00+00:00,573.5,567.26
2012-06-15 00:00:00+00:00,574.62,569.55
2012-06-18 00:00:00+00:00,587.89,570.37
2012-06-19 00:00:00+00:00,590.0,583.1
2012-06-20 00:00:00+00:00,589.25,580.8
2012-06-21 00:00:00+00:00,588.22,577.44
2012-06-22 00:00:00+00:00,582.19,575.42
2012-06-25 00:00:00+00:00,579.8,570.37
2012-06-26 00:00:00+00:00,574.49,567.33
2012-06-27 00:00:00+00:00,576.74,571.92
2012-06-28 00:00:00+00:00,574.0,565.61
2012-06-29 00:00:00+00:00,584.0,574.25
2012-07-02 00:00:00+00:00,593.47,583.6
2012-07-03 00:00:00+00:00,600.0,594.0
2012-07-05 00:00:00+00:00,614.34,599.65
2012-07-06 00:00:00+00:00,608.44,601.58
2012-07-09 00:00:00+00:00,613.9,604.11
2012-07-10 00:00:00+00:00,619.87,605.31
2012-07-11 00:00:00+00:00,607.66,597.22
2012-07-12 00:00:00+00:00,603.47,592.68
2012-07-13 00:00:00+00:00,607.19,600.0
2012-07-16 00:00:00+00:00,611.62,605.02
2012-07-17 00:00:00+00:00,611.5,603.15
2012-07-18 00:00:00+00:00,608.34,603.56
2012-07-19 00:00:00+00:00,615.35,606.0
2012-07-20 00:00:00+00:00,614.44,603.7
2012-07-23 00:00:00+00:00,605.9,587.71
2012-07-24 00:00:00+00:00,609.68,598.51
2012-07-25 00:00:00+00:00,580.8,570.0
2012-07-26 00:00:00+00:00,580.4,570.36
2012-07-27 00:00:00+00:00,585.83,571.59
2012-07-30 00:00:00+00:00,599.44,587.82
2012-07-31 00:00:00+00:00,611.7,602.72
2012-08-01 00:00:00+00:00,616.4,603.0
2012-08-02 00:00:00+00:00,610.69,600.25
2012-08-03 00:00:00+00:00,617.98,611.56
2012-08-06 00:00:00+00:00,624.868,615.26
2012-08-07 00:00:00+00:00,625.0,618.04
2012-08-08 00:00:00+00:00,623.88,617.1
2012-08-09 00:00:00+00:00,621.73,617.8
2012-08-10 00:00:00+00:00,621.76,618.7
2012-08-13 00:00:00+00:00,630.0,623.25
2012-08-14 00:00:00+00:00,638.61,630.21
2012-08-15 00:00:00+00:00,634.0,627.75
2012-08-16 00:00:00+00:00,636.76,630.5
2012-08-17 00:00:00+00:00,648.19,638.81
2012-08-20 00:00:00+00:00,665.15,649.9
2012-08-21 00:00:00+00:00,674.88,650.33
2012-08-22 00:00:00+00:00,669.0,648.11
2012-08-23 00:00:00+00:00,669.9,661.15
2012-08-24 00:00:00+00:00,669.48,655.55
2012-08-27 00:00:00+00:00,680.87,673.54
2012-08-28 00:00:00+00:00,676.1,670.673
2012-08-29 00:00:00+00:00,677.67,672.6
2012-08-30 00:00:00+00:00,671.554,662.853
2012-08-31 00:00:00+00:00,668.6,657.25
2012-09-04 00:00:00+00:00,675.14,664.5
2012-09-05 00:00:00+00:00,676.35,669.6
2012-09-06 00:00:00+00:00,678.29,670.8
2012-09-07 00:00:00+00:00,682.48,675.77
2012-09-10 00:00:00+00:00,683.29,662.1
2012-09-11 00:00:00+00:00,670.1,656.5
2012-09-12 00:00:00+00:00,669.9,656.0
2012-09-13 00:00:00+00:00,685.5,674.77
2012-09-14 00:00:00+00:00,696.98,687.89
2012-09-17 00:00:00+00:00,699.8,694.61
2012-09-18 00:00:00+00:00,702.33,696.42
2012-09-19 00:00:00+00:00,703.99,699.57
2012-09-20 00:00:00+00:00,700.06,693.62
2012-09-21 00:00:00+00:00,705.07,699.3617
2012-09-24 00:00:00+00:00,695.12,683.0
2012-09-25 00:00:00+00:00,692.78,673.0
2012-09-26 00:00:00+00:00,672.69,661.2
2012-09-27 00:00:00+00:00,682.17,660.35
2012-09-28 00:00:00+00:00,681.11,666.75
2012-10-01 00:00:00+00:00,676.75,656.5
2012-10-02 00:00:00+00:00,666.35,650.65
2012-10-03 00:00:00+00:00,671.86,662.63
2012-10-04 00:00:00+00:00,674.25,665.55
2012-10-05 00:00:00+00:00,666.0,651.28
2012-10-08 00:00:00+00:00,647.56,636.11
2012-10-09 00:00:00+00:00,640.49,623.55
2012-10-10 00:00:00+00:00,644.98,637.0
2012-10-11 00:00:00+00:00,647.2,628.1
2012-10-12 00:00:00+00:00,635.38,625.3
2012-10-15 00:00:00+00:00,635.13,623.85
2012-10-16 00:00:00+00:00,650.3,631.0
2012-10-17 00:00:00+00:00,652.79,644.0
2012-10-18 00:00:00+00:00,642.06,630.0
2012-10-19 00:00:00+00:00,631.77,609.62
2012-10-22 00:00:00+00:00,635.38,610.76
2012-10-23 00:00:00+00:00,633.9,611.7
2012-10-24 00:00:00+00:00,626.55,610.64
2012-10-25 00:00:00+00:00,622.0,605.55
2012-10-26 00:00:00+00:00,614.0,591.0
2012-10-31 00:00:00+00:00,601.96,587.7
2012-11-01 00:00:00+00:00,603.0,594.17
2012-11-02 00:00:00+00:00,596.95,574.75
2012-11-05 00:00:00+00:00,587.77,577.6
2012-11-06 00:00:00+00:00,590.74,580.09
2012-11-07 00:00:00+00:00,574.54,555.75
2012-11-08 00:00:00+00:00,562.23,535.29
2012-11-09 00:00:00+00:00,554.88,533.72
2012-11-12 00:00:00+00:00,554.5,538.65
2012-11-13 00:00:00+00:00,550.48,536.36
2012-11-14 00:00:00+00:00,547.45,536.18
2012-11-15 00:00:00+00:00,539.5,522.62
2012-11-16 00:00:00+00:00,530.0,505.7501
2012-11-19 00:00:00+00:00,567.5,539.88
2012-11-20 00:00:00+00:00,571.95,554.58
2012-11-21 00:00:00+00:00,567.37,556.6
2012-11-23 00:00:00+00:00,572.0,562.6
2012-11-26 00:00:00+00:00,590.0,573.71
2012-11-27 00:00:00+00:00,590.42,580.1
2012-11-28 00:00:00+00:00,585.8,572.26
2012-11-29 00:00:00+00:00,594.25,585.25
2012-11-30 00:00:00+00:00,588.4,582.68
2012-12-03 00:00:00+00:00,594.59,585.5
2012-12-04 00:00:00+00:00,581.8,572.13
2012-12-05 00:00:00+00:00,569.25,538.77
2012-12-06 00:00:00+00:00,553.31,518.63
2012-12-07 00:00:00+00:00,555.2,530.0
2012-12-10 00:00:00+00:00,538.51,521.58
2012-12-11 00:00:00+00:00,549.56,537.37
2012-12-12 00:00:00+00:00,548.0,536.2701
2012-12-13 00:00:00+00:00,537.6399,525.8
2012-12-14 00:00:00+00:00,518.132,505.58
2012-12-17 00:00:00+00:00,520.0,501.23
2012-12-18 00:00:00+00:00,534.9,520.25
2012-12-19 00:00:00+00:00,533.7,525.5
2012-12-20 00:00:00+00:00,530.2,518.88
2012-12-21 00:00:00+00:00,519.67,510.24
2012-12-24 00:00:00+00:00,524.25,518.71
2012-12-26 00:00:00+00:00,519.46,511.12
2012-12-27 00:00:00+00:00,516.25,504.66
2012-12-28 00:00:00+00:00,514.48,508.12
2012-12-31 00:00:00+00:00,535.4,509.0
2013-01-02 00:00:00+00:00,555.0,541.63
2013-01-03 00:00:00+00:00,549.67,541.0
2013-01-04 00:00:00+00:00,538.6299,525.8286
2013-01-07 00:00:00+00:00,529.3,515.2
2013-01-08 00:00:00+00:00,531.89,521.25
2013-01-09 00:00:00+00:00,525.0054,515.99
2013-01-10 00:00:00+00:00,528.72,515.52
2013-01-11 00:00:00+00:00,525.32,519.02
2013-01-14 00:00:00+00:00,507.5,498.51
2013-01-15 00:00:00+00:00,498.99,483.38
2013-01-16 00:00:00+00:00,509.44,492.5
2013-01-17 00:00:00+00:00,510.75,502.03
2013-01-18 00:00:00+00:00,502.22,496.4
2013-01-22 00:00:00+00:00,507.88,496.63
2013-01-23 00:00:00+00:00,514.99,504.77
2013-01-24 00:00:00+00:00,465.73,450.25
2013-01-25 00:00:00+00:00,456.23,435.0
2013-01-28 00:00:00+00:00,453.21,435.86
2013-01-29 00:00:00+00:00,460.2,452.12
2013-01-30 00:00:00+00:00,462.6,454.5
2013-01-31 00:00:00+00:00,459.28,454.98
2013-02-01 00:00:00+00:00,459.48,448.35
2013-02-04 00:00:00+00:00,455.94,442.0
2013-02-05 00:00:00+00:00,459.74,442.22
2013-02-06 00:00:00+00:00,466.5,452.58
2013-02-07 00:00:00+00:00,470.0,454.12
2013-02-08 00:00:00+00:00,478.81,468.25
2013-02-11 00:00:00+00:00,484.94,473.25
2013-02-12 00:00:00+00:00,482.38,467.744
2013-02-13 00:00:00+00:00,473.64,463.22
2013-02-14 00:00:00+00:00,471.64,464.02
2013-02-15 00:00:00+00:00,470.16,459.92
2013-02-19 00:00:00+00:00,462.73,453.85
2013-02-20 00:00:00+00:00,457.69,448.8
2013-02-21 00:00:00+00:00,449.17,442.82
2013-02-22 00:00:00+00:00,451.6,446.6
2013-02-25 00:00:00+00:00,455.12,442.57
2013-02-26 00:00:00+00:00,451.54,437.66
2013-02-27 00:00:00+00:00,452.44,440.65
2013-02-28 00:00:00+00:00,447.87,441.4
2013-03-01 00:00:00+00:00,438.1799,429.98
2013-03-04 00:00:00+00:00,428.1999,419.0
2013-03-05 00:00:00+00:00,435.19,420.75
2013-03-06 00:00:00+00:00,435.25,424.43
2013-03-07 00:00:00+00:00,432.01,421.06
2013-03-08 00:00:00+00:00,435.43,428.61
2013-03-11 00:00:00+00:00,439.01,425.14
2013-03-12 00:00:00+00:00,438.88,427.57
2013-03-13 00:00:00+00:00,434.5,425.36
2013-03-14 00:00:00+00:00,434.64,430.45
2013-03-15 00:00:00+00:00,444.23,437.25
2013-03-18 00:00:00+00:00,457.46,441.2
2013-03-19 00:00:00+00:00,460.97,448.5
2013-03-20 00:00:00+00:00,457.63,449.59
2013-03-21 00:00:00+00:00,457.98,450.1
2013-03-22 00:00:00+00:00,462.1,453.11
2013-03-25 00:00:00+00:00,469.95,461.78
2013-03-26 00:00:00+00:00,465.8399,460.53
2013-03-27 00:00:00+00:00,456.8,450.7301
2013-03-28 00:00:00+00:00,451.819,441.62
2013-04-01 00:00:00+00:00,443.698,427.74
2013-04-02 00:00:00+00:00,438.14,426.4
2013-04-03 00:00:00+00:00,437.28,430.31
2013-04-04 00:00:00+00:00,435.0,425.25
2013-04-05 00:00:00+00:00,424.95,419.68
2013-04-08 00:00:00+00:00,427.5,422.49
2013-04-09 00:00:00+00:00,428.5,422.75
2013-04-10 00:00:00+00:00,437.06,426.01
2013-04-11 00:00:00+00:00,437.99,431.2
2013-04-12 00:00:00+00:00,434.15,429.09
2013-04-15 00:00:00+00:00,427.89,419.55
2013-04-16 00:00:00+00:00,426.61,420.57
2013-04-17 00:00:00+00:00,420.6,398.11
2013-04-18 00:00:00+00:00,405.79,389.742
2013-04-19 00:00:00+00:00,399.6,385.1
2013-04-22 00:00:00+00:00,402.2,391.275
2013-04-23 00:00:00+00:00,408.381,398.81
2013-04-24 00:00:00+00:00,415.25,392.5
2013-04-25 00:00:00+00:00,413.94,407.0
2013-04-26 00:00:00+00:00,418.769,408.25
2013-04-29 00:00:00+00:00,433.617,420.0
2013-04-30 00:00:00+00:00,445.25,432.07
2013-05-01 00:00:00+00:00,444.93,434.39
2013-05-02 00:00:00+00:00,448.59,440.63
2013-05-03 00:00:00+00:00,453.23,449.15
2013-05-06 00:00:00+00:00,462.2,454.31
2013-05-07 00:00:00+00:00,465.75,453.7
2013-05-08 00:00:00+00:00,465.37,455.81
2013-05-09 00:00:00+00:00,463.0,455.58
2013-05-10 00:00:00+00:00,459.71,450.48
2013-05-13 00:00:00+00:00,457.9,451.5
2013-05-14 00:00:00+00:00,455.2,442.15
2013-05-15 00:00:00+00:00,441.0,422.36
2013-05-16 00:00:00+00:00,437.85,418.9
2013-05-17 00:00:00+00:00,440.09,431.01
2013-05-20 00:00:00+00:00,445.8,430.1
2013-05-21 00:00:00+00:00,445.48,434.2
2013-05-22 00:00:00+00:00,448.3499,438.22
2013-05-23 00:00:00+00:00,446.16,435.79
2013-05-24 00:00:00+00:00,445.66,440.36
2013-05-28 00:00:00+00:00,451.11,440.85
2013-05-29 00:00:00+00:00,447.5,439.4
2013-05-30 00:00:00+00:00,454.5,444.51
2013-05-31 00:00:00+00:00,457.1,449.5
2013-06-03 00:00:00+00:00,452.36,442.48
2013-06-04 00:00:00+00:00,454.43,447.39
2013-06-05 00:00:00+00:00,450.72,443.71
2013-06-06 00:00:00+00:00,447.0,434.05
2013-06-07 00:00:00+00:00,443.24,432.77
2013-06-10 00:00:00+00:00,449.079,436.8
2013-06-11 00:00:00+00:00,442.7599,433.32
2013-06-12 00:00:00+00:00,441.25,431.5
2013-06-13 00:00:00+00:00,437.14,428.75
2013-06-14 00:00:00+00:00,436.29,428.5
2013-06-17 00:00:00+00:00,435.7,430.3615
2013-06-18 00:00:00+00:00,434.9,430.21
2013-06-19 00:00:00+00:00,431.66,423.0
2013-06-20 00:00:00+00:00,425.98,415.17
2013-06-21 00:00:00+00:00,420.0,408.1001
2013-06-24 00:00:00+00:00,408.66,398.05
2013-06-25 00:00:00+00:00,407.79,398.83
2013-06-26 00:00:00+00:00,404.79,395.66
2013-06-27 00:00:00+00:00,401.39,393.54
2013-06-28 00:00:00+00:00,400.27,388.87
2013-07-01 00:00:00+00:00,412.27,401.22
2013-07-02 00:00:00+00:00,421.63,409.47
2013-07-03 00:00:00+00:00,422.98,417.45
2013-07-05 00:00:00+00:00,423.29,415.35
2013-07-08 00:00:00+00:00,421.0,410.65
2013-07-09 00:00:00+00:00,423.5,410.38
2013-07-10 00:00:00+00:00,424.8,418.25
2013-07-11 00:00:00+00:00,428.25,421.1701
2013-07-12 00:00:00+00:00,429.79,423.41
2013-07-15 00:00:00+00:00,431.46,424.8
2013-07-16 00:00:00+00:00,430.71,424.17
2013-07-17 00:00:00+00:00,432.22,428.22
2013-07-18 00:00:00+00:00,434.87,430.61
2013-07-19 00:00:00+00:00,433.98,424.35
2013-07-22 00:00:00+00:00,429.75,425.468
2013-07-23 00:00:00+00:00,426.96,418.71
2013-07-24 00:00:00+00:00,444.59,435.26
2013-07-25 00:00:00+00:00,441.4,435.81
2013-07-26 00:00:00+00:00,441.04,434.34
2013-07-29 00:00:00+00:00,449.99,440.2
2013-07-30 00:00:00+00:00,457.15,449.23
2013-07-31 00:00:00+00:00,457.3425,449.43
2013-08-01 00:00:00+00:00,456.8,453.26
2013-08-02 00:00:00+00:00,462.85,456.66
2013-08-05 00:00:00+00:00,470.67,462.15
2013-08-06 00:00:00+00:00,471.89,462.17
2013-08-07 00:00:00+00:00,467.0,461.77
2013-08-08 00:00:00+00:00,464.1,457.95
2013-08-09 00:00:00+00:00,460.46,453.65
2013-08-12 00:00:00+00:00,468.65,456.63
2013-08-13 00:00:00+00:00,494.66,468.05
2013-08-14 00:00:00+00:00,504.25,493.4
2013-08-15 00:00:00+00:00,502.399,489.0833
2013-08-16 00:00:00+00:00,502.94,498.86
2013-08-19 00:00:00+00:00,513.74,504.0
2013-08-20 00:00:00+00:00,510.57,500.82
2013-08-21 00:00:00+00:00,507.15,501.2
2013-08-22 00:00:00+00:00,505.59,498.2
2013-08-23 00:00:00+00:00,503.35,499.35
2013-08-26 00:00:00+00:00,510.2,500.5
2013-08-27 00:00:00+00:00,502.51,486.3
2013-08-28 00:00:00+00:00,495.8,486.0
2013-08-29 00:00:00+00:00,496.5,491.13
2013-08-30 00:00:00+00:00,492.95,486.5
2013-09-03 00:00:00+00:00,500.6,487.35
2013-09-04 00:00:00+00:00,502.24,496.28
2013-09-05 00:00:00+00:00,500.68,493.64
2013-09-06 00:00:00+00:00,499.38,489.95
2013-09-09 00:00:00+00:00,507.92,503.48
2013-09-10 00:00:00+00:00,507.45,489.5
2013-09-11 00:00:00+00:00,473.69,464.81
2013-09-12 00:00:00+00:00,475.4,466.01
2013-09-13 00:00:00+00:00,471.8292,464.7
2013-09-16 00:00:00+00:00,461.6099,447.22
2013-09-17 00:00:00+00:00,459.71,447.5
2013-09-18 00:00:00+00:00,466.35,460.66
2013-09-19 00:00:00+00:00,475.83,469.25
2013-09-20 00:00:00+00:00,478.55,466.0
2013-09-23 00:00:00+00:00,496.91,482.6
2013-09-24 00:00:00+00:00,495.47,487.82
2013-09-25 00:00:00+00:00,489.64,481.4301
2013-09-26 00:00:00+00:00,488.56,483.9
2013-09-27 00:00:00+00:00,484.67,480.72
2013-09-30 00:00:00+00:00,481.66,474.411
2013-10-01 00:00:00+00:00,489.14,478.381
2013-10-02 00:00:00+00:00,491.8,483.75
2013-10-03 00:00:00+00:00,492.35,480.7387
2013-10-04 00:00:00+00:00,484.6,478.6
2013-10-07 00:00:00+00:00,492.65,485.35
2013-10-08 00:00:00+00:00,490.64,480.54
2013-10-09 00:00:00+00:00,487.79,478.28
2013-10-10 00:00:00+00:00,492.38,487.04
2013-10-11 00:00:00+00:00,493.84,485.16
2013-10-14 00:00:00+00:00,497.58,489.35
2013-10-15 00:00:00+00:00,502.0,495.52
2013-10-16 00:00:00+00:00,502.53,499.23
2013-10-17 00:00:00+00:00,504.78,499.68
2013-10-18 00:00:00+00:00,509.26,505.71
2013-10-21 00:00:00+00:00,524.3,511.52
2013-10-22 00:00:00+00:00,528.4496,508.03
2013-10-23 00:00:00+00:00,525.67,519.0
2013-10-24 00:00:00+00:00,532.47,522.45
2013-10-25 00:00:00+00:00,533.23,525.11
2013-10-28 00:00:00+00:00,531.0,523.21
2013-10-29 00:00:00+00:00,539.25,514.54
2013-10-30 00:00:00+00:00,527.52,517.02
2013-10-31 00:00:00+00:00,527.49,521.27
2013-11-01 00:00:00+00:00,524.8,515.84
2013-11-04 00:00:00+00:00,526.82,518.81
2013-11-05 00:00:00+00:00,528.885,523.0
2013-11-06 00:00:00+00:00,524.86,518.2
2013-11-07 00:00:00+00:00,523.19,512.38
2013-11-08 00:00:00+00:00,521.13,512.59
2013-11-11 00:00:00+00:00,521.67,514.41
2013-11-12 00:00:00+00:00,523.92,517.0
2013-11-13 00:00:00+00:00,522.25,516.96
2013-11-14 00:00:00+00:00,529.28,521.87
2013-11-15 00:00:00+00:00,529.09,524.49
2013-11-18 00:00:00+00:00,527.19,518.2
2013-11-19 00:00:00+00:00,523.38,517.97
2013-11-20 00:00:00+00:00,520.42,514.33
2013-11-21 00:00:00+00:00,521.21,513.67
2013-11-22 00:00:00+00:00,522.16,518.53
2013-11-25 00:00:00+00:00,525.87,521.0
2013-11-26 00:00:00+00:00,536.14,524.0
2013-11-27 00:00:00+00:00,546.0,533.4
2013-11-29 00:00:00+00:00,558.33,547.81
2013-12-02 00:00:00+00:00,564.3299,550.82
2013-12-03 00:00:00+00:00,566.38,557.68
2013-12-04 00:00:00+00:00,569.19,560.82
2013-12-05 00:00:00+00:00,575.1358,566.41
2013-12-06 00:00:00+00:00,566.75,559.57
2013-12-09 00:00:00+00:00,569.58,560.9001
2013-12-10 00:00:00+00:00,567.88,561.2
2013-12-11 00:00:00+00:00,570.97,559.69
2013-12-12 00:00:00+00:00,565.34,560.03
2013-12-13 00:00:00+00:00,562.88,553.67
2013-12-16 00:00:00+00:00,562.6389,555.01
2013-12-17 00:00:00+00:00,559.44,553.375
2013-12-18 00:00:00+00:00,551.45,538.8
2013-12-19 00:00:00+00:00,550.0,543.7301
2013-12-20 00:00:00+00:00,551.61,544.8175
2013-12-23 00:00:00+00:00,570.72,562.76
2013-12-24 00:00:00+00:00,571.88,566.03
2013-12-26 00:00:00+00:00,569.5,563.376
2013-12-27 00:00:00+00:00,564.41,559.5
2013-12-30 00:00:00+00:00,560.09,552.321
2013-12-31 00:00:00+00:00,561.28,554.0
2014-01-02 00:00:00+00:00,557.03,552.021
2014-01-03 00:00:00+00:00,553.7,540.43
2014-01-06 00:00:00+00:00,546.8,533.6
2014-01-07 00:00:00+00:00,545.96,537.925
2014-01-08 00:00:00+00:00,545.56,538.69
2014-01-09 00:00:00+00:00,546.86,535.3501
2014-01-10 00:00:00+00:00,540.8,531.11
2014-01-13 00:00:00+00:00,542.5,529.88
2014-01-14 00:00:00+00:00,546.73,537.66
2014-01-15 00:00:00+00:00,560.2,551.66
2014-01-16 00:00:00+00:00,556.85,551.68
2014-01-17 00:00:00+00:00,552.07,539.9
2014-01-21 00:00:00+00:00,550.07,540.42
2014-01-22 00:00:00+00:00,557.29,547.81
2014-01-23 00:00:00+00:00,556.5,544.8064
2014-01-24 00:00:00+00:00,555.62,544.75
2014-01-27 00:00:00+00:00,554.8,545.75
2014-01-28 00:00:00+00:00,515.0,502.07
2014-01-29 00:00:00+00:00,507.37,498.62
2014-01-30 00:00:00+00:00,506.5,496.7
2014-01-31 00:00:00+00:00,501.53,493.55
2014-02-03 00:00:00+00:00,507.73,499.3
2014-02-04 00:00:00+00:00,509.46,502.76
2014-02-05 00:00:00+00:00,515.28,506.2519
2014-02-06 00:00:00+00:00,513.5,507.81
2014-02-07 00:00:00+00:00,522.9299,517.38
2014-02-10 00:00:00+00:00,531.99,518.0
2014-02-11 00:00:00+00:00,537.75,529.5
2014-02-12 00:00:00+00:00,539.56,533.24
2014-02-13 00:00:00+00:00,544.85,534.2
2014-02-14 00:00:00+00:00,545.9799,541.21
2014-02-18 00:00:00+00:00,551.19,545.61
2014-02-19 00:00:00+00:00,546.89,534.35
2014-02-20 00:00:00+00:00,537.0,529.0
2014-02-21 00:00:00+00:00,534.57,524.6
2014-02-24 00:00:00+00:00,529.9199,522.42
2014-02-25 00:00:00+00:00,529.565,521.0
2014-02-26 00:00:00+00:00,525.0,515.6
2014-02-27 00:00:00+00:00,528.78,516.05
2014-02-28 00:00:00+00:00,532.75,522.12
2014-03-03 00:00:00+00:00,530.65,522.81
2014-03-04 00:00:00+00:00,532.64,527.77
2014-03-05 00:00:00+00:00,534.75,529.13
2014-03-06 00:00:00+00:00,534.4399,528.1
2014-03-07 00:00:00+00:00,531.98,526.05
2014-03-10 00:00:00+00:00,533.33,528.3391
2014-03-11 00:00:00+00:00,538.74,532.59
2014-03-12 00:00:00+00:00,537.35,532.0
2014-03-13 00:00:00+00:00,539.66,529.16
2014-03-14 00:00:00+00:00,530.89,523.0
2014-03-17 00:00:00+00:00,529.97,525.85
2014-03-18 00:00:00+00:00,531.97,525.2001
2014-03-19 00:00:00+00:00,536.24,529.0
2014-03-20 00:00:00+00:00,532.67,527.35
2014-03-21 00:00:00+00:00,533.75,526.33
2014-03-24 00:00:00+00:00,540.5,535.06
2014-03-25 00:00:00+00:00,545.75,539.59
2014-03-26 00:00:00+00:00,549.0,538.86
2014-03-27 00:00:00+00:00,541.5,535.1201
2014-03-28 00:00:00+00:00,538.9399,534.25
2014-03-31 00:00:00+00:00,540.81,535.93
2014-04-01 00:00:00+00:00,541.87,536.77
2014-04-02 00:00:00+00:00,543.48,540.26
2014-04-03 00:00:00+00:00,542.5,537.64
2014-04-04 00:00:00+00:00,540.0,530.58
2014-04-07 00:00:00+00:00,530.9,521.89
2014-04-08 00:00:00+00:00,526.12,518.7001
2014-04-09 00:00:00+00:00,530.49,522.02
2014-04-10 00:00:00+00:00,532.24,523.17
2014-04-11 00:00:00+00:00,522.83,517.14
2014-04-14 00:00:00+00:00,522.16,517.21
2014-04-15 00:00:00+00:00,521.64,511.33
2014-04-16 00:00:00+00:00,521.09,514.1354
2014-04-17 00:00:00+00:00,527.76,519.2
2014-04-21 00:00:00+00:00,532.14,523.96
2014-04-22 00:00:00+00:00,531.826,526.501
2014-04-23 00:00:00+00:00,531.13,524.45
2014-04-24 00:00:00+00:00,570.0,560.73
2014-04-25 00:00:00+00:00,571.99,563.96
2014-04-28 00:00:00+00:00,595.75,572.55
2014-04-29 00:00:00+00:00,595.98,589.51
2014-04-30 00:00:00+00:00,599.43,589.8
2014-05-01 00:00:00+00:00,594.8,586.36
2014-05-02 00:00:00+00:00,594.2,589.71
2014-05-05 00:00:00+00:00,601.0,590.0
2014-05-06 00:00:00+00:00,604.4099,594.41
2014-05-07 00:00:00+00:00,597.29,587.73
2014-05-08 00:00:00+00:00,594.41,586.4
2014-05-09 00:00:00+00:00,586.25,580.33
2014-05-12 00:00:00+00:00,593.66,587.4
2014-05-13 00:00:00+00:00,594.54,590.7
2014-05-14 00:00:00+00:00,597.4,591.74
2014-05-15 00:00:00+00:00,596.6,588.04
2014-05-16 00:00:00+00:00,597.53,585.4
2014-05-19 00:00:00+00:00,607.33,597.33
2014-05-20 00:00:00+00:00,606.4,600.73
2014-05-21 00:00:00+00:00,606.7,602.06
2014-05-22 00:00:00+00:00,609.85,604.1
2014-05-23 00:00:00+00:00,614.7293,606.47
2014-05-27 00:00:00+00:00,625.86,615.63
2014-05-28 00:00:00+00:00,629.83,623.78
2014-05-29 00:00:00+00:00,636.87,627.77
2014-05-30 00:00:00+00:00,644.17,628.9
2014-06-02 00:00:00+00:00,634.83,622.5
2014-06-03 00:00:00+00:00,638.74,628.25
2014-06-04 00:00:00+00:00,647.89,636.11
2014-06-05 00:00:00+00:00,649.3699,642.61
2014-06-06 00:00:00+00:00,651.26,644.47
2014-06-09 00:00:00+00:00,93.88,91.75
2014-06-10 00:00:00+00:00,95.05,93.57
2014-06-11 00:00:00+00:00,94.76,93.47
2014-06-12 00:00:00+00:00,94.12,91.9
2014-06-13 00:00:00+00:00,92.44,90.88
2014-06-16 00:00:00+00:00,92.75,91.45
2014-06-17 00:00:00+00:00,92.7,91.8
2014-06-18 00:00:00+00:00,92.29,91.35
2014-06-19 00:00:00+00:00,92.3,91.3389
2014-06-20 00:00:00+00:00,92.55,90.9
2014-06-23 00:00:00+00:00,91.62,90.6
2014-06-24 00:00:00+00:00,91.74,90.19
2014-06-25 00:00:00+00:00,90.7,89.65
2014-06-26 00:00:00+00:00,91.05,89.8
2014-06-27 00:00:00+00:00,92.0,90.77
2014-06-30 00:00:00+00:00,93.725,92.09
2014-07-01 00:00:00+00:00,94.07,93.13
2014-07-02 00:00:00+00:00,94.06,93.09
2014-07-03 00:00:00+00:00,94.1,93.2
2014-07-07 00:00:00+00:00,95.99,94.1
2014-07-08 00:00:00+00:00,96.8,93.92
2014-07-09 00:00:00+00:00,95.95,94.76
2014-07-10 00:00:00+00:00,95.55,93.52
2014-07-11 00:00:00+00:00,95.89,94.8625
2014-07-14 00:00:00+00:00,96.89,95.65
2014-07-15 00:00:00+00:00,96.85,95.03
2014-07-16 00:00:00+00:00,97.1,94.74
2014-07-17 00:00:00+00:00,95.279,92.57
2014-07-18 00:00:00+00:00,94.74,93.02
2014-07-21 00:00:00+00:00,95.0,93.72
2014-07-22 00:00:00+00:00,94.89,94.12
2014-07-23 00:00:00+00:00,97.88,95.17
2014-07-24 00:00:00+00:00,97.32,96.42
2014-07-25 00:00:00+00:00,97.84,96.64
2014-07-28 00:00:00+00:00,99.24,97.55
2014-07-29 00:00:00+00:00,99.44,98.25
2014-07-30 00:00:00+00:00,98.7,97.67
2014-07-31 00:00:00+00:00,97.45,95.33
2014-08-01 00:00:00+00:00,96.62,94.81
2014-08-04 00:00:00+00:00,96.58,95.17
2014-08-05 00:00:00+00:00,95.68,94.36
2014-08-06 00:00:00+00:00,95.48,94.71
2014-08-07 00:00:00+00:00,95.95,94.1
2014-08-08 00:00:00+00:00,94.82,93.28
2014-08-11 00:00:00+00:00,96.08,94.8355
2014-08-12 00:00:00+00:00,96.88,95.61
2014-08-13 00:00:00+00:00,97.24,96.04
2014-08-14 00:00:00+00:00,97.57,96.8
2014-08-15 00:00:00+00:00,98.19,96.86
2014-08-18 00:00:00+00:00,99.37,97.98
2014-08-19 00:00:00+00:00,100.68,99.32
2014-08-20 00:00:00+00:00,101.09,99.95
2014-08-21 00:00:00+00:00,100.94,100.11
2014-08-22 00:00:00+00:00,101.47,100.19
2014-08-25 00:00:00+00:00,102.17,101.28
2014-08-26 00:00:00+00:00,101.5,100.86
2014-08-27 00:00:00+00:00,102.57,100.7
2014-08-28 00:00:00+00:00,102.78,101.56
2014-08-29 00:00:00+00:00,102.9,102.2
2014-09-02 00:00:00+00:00,103.74,102.72
2014-09-03 00:00:00+00:00,103.2,98.58
2014-09-04 00:00:00+00:00,100.09,97.79
2014-09-05 00:00:00+00:00,99.39,98.31
2014-09-08 00:00:00+00:00,99.31,98.05
2014-09-09 00:00:00+00:00,103.08,96.14
2014-09-10 00:00:00+00:00,101.11,97.76
2014-09-11 00:00:00+00:00,101.44,99.62
2014-09-12 00:00:00+00:00,102.19,101.08
2014-09-15 00:00:00+00:00,103.05,101.44
2014-09-16 00:00:00+00:00,101.26,98.89
2014-09-17 00:00:00+00:00,101.8,100.5922
2014-09-18 00:00:00+00:00,102.35,101.56
2014-09-19 00:00:00+00:00,102.35,100.88
2014-09-22 00:00:00+00:00,102.14,100.58
2014-09-23 00:00:00+00:00,102.94,100.54
2014-09-24 00:00:00+00:00,102.85,101.2
2014-09-25 00:00:00+00:00,100.71,97.72
2014-09-26 00:00:00+00:00,100.75,98.4
2014-09-29 00:00:00+00:00,100.435,98.63
2014-09-30 00:00:00+00:00,101.54,100.53
2014-10-01 00:00:00+00:00,100.69,98.7
2014-10-02 00:00:00+00:00,100.22,98.04
2014-10-03 00:00:00+00:00,100.21,99.04
2014-10-06 00:00:00+00:00,100.65,99.42
2014-10-07 00:00:00+00:00,100.12,98.73
2014-10-08 00:00:00+00:00,101.11,98.31
2014-10-09 00:00:00+00:00,102.38,100.61
2014-10-10 00:00:00+00:00,102.03,100.3
2014-10-13 00:00:00+00:00,101.78,99.81
2014-10-14 00:00:00+00:00,100.52,98.57
2014-10-15 00:00:00+00:00,99.15,95.18
2014-10-16 00:00:00+00:00,97.72,95.41
2014-10-17 00:00:00+00:00,99.0,96.81
2014-10-20 00:00:00+00:00,99.96,98.22
2014-10-21 00:00:00+00:00,103.02,101.27
2014-10-22 00:00:00+00:00,104.11,102.6
2014-10-23 00:00:00+00:00,105.051,103.63
2014-10-24 00:00:00+00:00,105.49,104.53
2014-10-27 00:00:00+00:00,105.48,104.7
2014-10-28 00:00:00+00:00,106.74,105.35
2014-10-29 00:00:00+00:00,107.37,106.36
2014-10-30 00:00:00+00:00,107.35,105.9
2014-10-31 00:00:00+00:00,108.04,107.21
2014-11-03 00:00:00+00:00,110.3,108.01
2014-11-04 00:00:00+00:00,109.49,107.72
2014-11-05 00:00:00+00:00,109.3,108.125
2014-11-06 00:00:00+00:00,108.79,107.8
2014-11-07 00:00:00+00:00,109.32,108.55
2014-11-10 00:00:00+00:00,109.33,108.67
2014-11-11 00:00:00+00:00,109.75,108.4
2014-11-12 00:00:00+00:00,111.43,109.37
2014-11-13 00:00:00+00:00,113.45,111.6
2014-11-14 00:00:00+00:00,114.19,113.05
2014-11-17 00:00:00+00:00,117.28,113.3
2014-11-18 00:00:00+00:00,115.69,113.89
2014-11-19 00:00:00+00:00,115.74,113.8
2014-11-20 00:00:00+00:00,116.86,114.85
2014-11-21 00:00:00+00:00,117.57,116.03
2014-11-24 00:00:00+00:00,118.77,116.62
2014-11-25 00:00:00+00:00,119.75,117.45
2014-11-26 00:00:00+00:00,119.1,117.83
2014-11-28 00:00:00+00:00,119.4,118.05
2014-12-01 00:00:00+00:00,119.25,111.27
2014-12-02 00:00:00+00:00,115.75,112.75
2014-12-03 00:00:00+00:00,116.35,115.11
2014-12-04 00:00:00+00:00,117.2,115.29
2014-12-05 00:00:00+00:00,116.08,114.64
2014-12-08 00:00:00+00:00,114.648,111.62
2014-12-09 00:00:00+00:00,114.3,109.35
2014-12-10 00:00:00+00:00,114.85,111.54
2014-12-11 00:00:00+00:00,113.8,111.34
2014-12-12 00:00:00+00:00,111.87,109.58
2014-12-15 00:00:00+00:00,111.6,106.35
2014-12-16 00:00:00+00:00,110.16,106.26
2014-12-17 00:00:00+00:00,109.84,106.82
2014-12-18 00:00:00+00:00,112.65,110.66
2014-12-19 00:00:00+00:00,113.24,111.66
2014-12-22 00:00:00+00:00,113.49,111.97
2014-12-23 00:00:00+00:00,113.33,112.46
2014-12-24 00:00:00+00:00,112.71,112.01
2014-12-26 00:00:00+00:00,114.52,112.01
2014-12-29 00:00:00+00:00,114.77,113.7
2014-12-30 00:00:00+00:00,113.92,112.11
2014-12-31 00:00:00+00:00,113.13,110.21
2015-01-02 00:00:00+00:00,111.44,107.35
2015-01-05 00:00:00+00:00,108.65,105.41
2015-01-06 00:00:00+00:00,107.43,104.63
2015-01-07 00:00:00+00:00,108.2,106.695
2015-01-08 00:00:00+00:00,112.15,108.7
2015-01-09 00:00:00+00:00,113.25,110.21
2015-01-12 00:00:00+00:00,112.63,108.8
2015-01-13 00:00:00+00:00,112.8,108.91
2015-01-14 00:00:00+00:00,110.49,108.5
2015-01-15 00:00:00+00:00,110.06,106.66
2015-01-16 00:00:00+00:00,107.58,105.2
2015-01-20 00:00:00+00:00,108.9667,106.5
2015-01-21 00:00:00+00:00,111.06,108.27
2015-01-22 00:00:00+00:00,112.47,109.72
2015-01-23 00:00:00+00:00,113.75,111.53
2015-01-26 00:00:00+00:00,114.3626,112.8
2015-01-27 00:00:00+00:00,112.48,109.03
2015-01-28 00:00:00+00:00,118.12,115.31
2015-01-29 00:00:00+00:00,119.19,115.56
2015-01-30 00:00:00+00:00,120.0,116.85
2015-02-02 00:00:00+00:00,119.17,116.08
2015-02-03 00:00:00+00:00,119.09,117.61
2015-02-04 00:00:00+00:00,120.51,118.309
2015-02-05 00:00:00+00:00,120.23,119.25
2015-02-06 00:00:00+00:00,120.25,118.45
2015-02-09 00:00:00+00:00,119.84,118.43
2015-02-10 00:00:00+00:00,122.15,120.16
2015-02-11 00:00:00+00:00,124.92,122.5
2015-02-12 00:00:00+00:00,127.48,125.57
2015-02-13 00:00:00+00:00,127.28,125.65
2015-02-17 00:00:00+00:00,128.88,126.92
2015-02-18 00:00:00+00:00,128.78,127.45
2015-02-19 00:00:00+00:00,129.03,128.33
2015-02-20 00:00:00+00:00,129.5,128.05
2015-02-23 00:00:00+00:00,133.0,129.66
2015-02-24 00:00:00+00:00,133.6,131.17
2015-02-25 00:00:00+00:00,131.6,128.15
2015-02-26 00:00:00+00:00,130.87,126.61
2015-02-27 00:00:00+00:00,130.57,128.24
2015-03-02 00:00:00+00:00,130.28,128.3
2015-03-03 00:00:00+00:00,129.52,128.09
2015-03-04 00:00:00+00:00,129.56,128.32
2015-03-05 00:00:00+00:00,128.75,125.76
2015-03-06 00:00:00+00:00,129.37,126.26
2015-03-09 00:00:00+00:00,129.57,125.06
2015-03-10 00:00:00+00:00,127.22,123.8
2015-03-11 00:00:00+00:00,124.77,122.11
2015-03-12 00:00:00+00:00,124.9,121.63
2015-03-13 00:00:00+00:00,125.3951,122.58
2015-03-16 00:00:00+00:00,124.95,122.87
2015-03-17 00:00:00+00:00,127.32,125.65
2015-03-18 00:00:00+00:00,129.16,126.37
2015-03-19 00:00:00+00:00,129.2451,127.4
2015-03-20 00:00:00+00:00,128.4,125.16
2015-03-23 00:00:00+00:00,127.85,126.52
2015-03-24 00:00:00+00:00,128.04,126.56
2015-03-25 00:00:00+00:00,126.82,123.38
2015-03-26 00:00:00+00:00,124.88,122.6
2015-03-27 00:00:00+00:00,124.7,122.91
2015-03-30 00:00:00+00:00,126.4,124.0
2015-03-31 00:00:00+00:00,126.49,124.355
2015-04-01 00:00:00+00:00,125.12,123.1
2015-04-02 00:00:00+00:00,125.56,124.19
2015-04-06 00:00:00+00:00,127.51,124.33
2015-04-07 00:00:00+00:00,128.1218,125.98
2015-04-08 00:00:00+00:00,126.4,124.97
2015-04-09 00:00:00+00:00,126.58,124.66
2015-04-10 00:00:00+00:00,127.21,125.26
2015-04-13 00:00:00+00:00,128.57,126.61
2015-04-14 00:00:00+00:00,127.29,125.91
2015-04-15 00:00:00+00:00,127.13,126.01
2015-04-16 00:00:00+00:00,127.1,126.11
2015-04-17 00:00:00+00:00,126.14,124.46
2015-04-20 00:00:00+00:00,128.12,125.17
2015-04-21 00:00:00+00:00,128.2,126.67
2015-04-22 00:00:00+00:00,128.87,126.32
2015-04-23 00:00:00+00:00,130.42,128.14
2015-04-24 00:00:00+00:00,130.63,129.23
2015-04-27 00:00:00+00:00,133.13,131.15
2015-04-28 00:00:00+00:00,134.54,129.57
2015-04-29 00:00:00+00:00,131.59,128.3
2015-04-30 00:00:00+00:00,127.88,124.58
2015-05-01 00:00:00+00:00,130.13,125.3
2015-05-04 00:00:00+00:00,130.57,128.26
2015-05-05 00:00:00+00:00,128.4498,125.78
2015-05-06 00:00:00+00:00,126.75,123.36
2015-05-07 00:00:00+00:00,126.08,124.02
2015-05-08 00:00:00+00:00,127.62,126.11
2015-05-11 00:00:00+00:00,127.56,125.625
2015-05-12 00:00:00+00:00,126.88,124.82
2015-05-13 00:00:00+00:00,127.19,125.87
2015-05-14 00:00:00+00:00,128.95,127.16
2015-05-15 00:00:00+00:00,129.49,128.21
2015-05-18 00:00:00+00:00,130.72,128.36
2015-05-19 00:00:00+00:00,130.88,129.64
2015-05-20 00:00:00+00:00,130.98,129.34
2015-05-21 00:00:00+00:00,131.63,129.83
2015-05-22 00:00:00+00:00,132.97,131.4
2015-05-26 00:00:00+00:00,132.91,129.12
2015-05-27 00:00:00+00:00,132.26,130.05
2015-05-28 00:00:00+00:00,131.95,131.1
2015-05-29 00:00:00+00:00,131.45,129.9
2015-06-01 00:00:00+00:00,131.39,130.05
2015-06-02 00:00:00+00:00,130.655,129.32
2015-06-03 00:00:00+00:00,130.94,129.9
2015-06-04 00:00:00+00:00,130.58,128.91
2015-06-05 00:00:00+00:00,129.69,128.36
2015-06-08 00:00:00+00:00,129.21,126.83
2015-06-09 00:00:00+00:00,128.08,125.62
2015-06-10 00:00:00+00:00,129.34,127.85
2015-06-11 00:00:00+00:00,130.18,128.475
2015-06-12 00:00:00+00:00,128.33,127.11
2015-06-15 00:00:00+00:00,127.24,125.71
2015-06-16 00:00:00+00:00,127.85,126.37
2015-06-17 00:00:00+00:00,127.88,126.74
2015-06-18 00:00:00+00:00,128.31,127.22
2015-06-19 00:00:00+00:00,127.82,126.4
2015-06-22 00:00:00+00:00,128.06,127.08
2015-06-23 00:00:00+00:00,127.61,126.8792
2015-06-24 00:00:00+00:00,129.8,127.12
2015-06-25 00:00:00+00:00,129.2,127.5
2015-06-26 00:00:00+00:00,127.99,126.51
2015-06-29 00:00:00+00:00,126.47,124.48
2015-06-30 00:00:00+00:00,126.12,124.86
2015-07-01 00:00:00+00:00,126.94,125.99
2015-07-02 00:00:00+00:00,126.69,125.77
2015-07-06 00:00:00+00:00,126.23,124.85
2015-07-07 00:00:00+00:00,126.15,123.77
2015-07-08 00:00:00+00:00,124.64,122.54
2015-07-09 00:00:00+00:00,124.06,119.22
2015-07-10 00:00:00+00:00,123.85,121.21
2015-07-13 00:00:00+00:00,125.755,124.32
2015-07-14 00:00:00+00:00,126.37,125.04
2015-07-15 00:00:00+00:00,127.15,125.58
2015-07-16 00:00:00+00:00,128.57,127.35
2015-07-17 00:00:00+00:00,129.62,128.31
2015-07-20 00:00:00+00:00,132.97,130.7
2015-07-21 00:00:00+00:00,132.92,130.32
2015-07-22 00:00:00+00:00,125.5,121.99
2015-07-23 00:00:00+00:00,127.09,125.06
2015-07-24 00:00:00+00:00,125.74,123.9
2015-07-27 00:00:00+00:00,123.61,122.12
2015-07-28 00:00:00+00:00,123.91,122.55
2015-07-29 00:00:00+00:00,123.5,122.27
2015-07-30 00:00:00+00:00,122.5699,121.71
2015-07-31 00:00:00+00:00,122.6425,120.91
2015-08-03 00:00:00+00:00,122.57,117.52
2015-08-04 00:00:00+00:00,117.7,113.25
2015-08-05 00:00:00+00:00,117.44,112.1
2015-08-06 00:00:00+00:00,116.5,114.115
2015-08-07 00:00:00+00:00,116.25,114.5
2015-08-10 00:00:00+00:00,119.99,116.53
2015-08-11 00:00:00+00:00,118.18,113.33
2015-08-12 00:00:00+00:00,115.42,109.63
2015-08-13 00:00:00+00:00,116.4,114.54
2015-08-14 00:00:00+00:00,116.31,114.01
2015-08-17 00:00:00+00:00,117.65,115.5
2015-08-18 00:00:00+00:00,117.44,116.01
2015-08-19 00:00:00+00:00,116.52,114.68
2015-08-20 00:00:00+00:00,114.35,111.63
2015-08-21 00:00:00+00:00,111.9,105.645
2015-08-24 00:00:00+00:00,108.8,92.0
2015-08-25 00:00:00+00:00,111.11,103.5
2015-08-26 00:00:00+00:00,109.89,105.05
2015-08-27 00:00:00+00:00,113.24,110.02
2015-08-28 00:00:00+00:00,113.31,111.54
2015-08-31 00:00:00+00:00,114.53,112.0
2015-09-01 00:00:00+00:00,111.88,107.36
2015-09-02 00:00:00+00:00,112.34,109.131
2015-09-03 00:00:00+00:00,112.78,110.04
2015-09-04 00:00:00+00:00,110.45,108.51
2015-09-08 00:00:00+00:00,112.56,110.32
2015-09-09 00:00:00+00:00,114.02,109.77
2015-09-10 00:00:00+00:00,113.2825,109.9
2015-09-11 00:00:00+00:00,114.21,111.76
2015-09-14 00:00:00+00:00,116.89,114.86
2015-09-15 00:00:00+00:00,116.53,114.42
2015-09-16 00:00:00+00:00,116.54,115.44
2015-09-17 00:00:00+00:00,116.49,113.715
2015-09-18 00:00:00+00:00,114.3,111.87
2015-09-21 00:00:00+00:00,115.37,113.66
2015-09-22 00:00:00+00:00,114.18,112.5201
2015-09-23 00:00:00+00:00,114.72,113.3
2015-09-24 00:00:00+00:00,115.5,112.37
2015-09-25 00:00:00+00:00,116.69,114.02
2015-09-28 00:00:00+00:00,114.57,112.44
2015-09-29 00:00:00+00:00,113.51,107.86
2015-09-30 00:00:00+00:00,111.54,108.73
2015-10-01 00:00:00+00:00,109.62,107.31
2015-10-02 00:00:00+00:00,111.0136,107.55
2015-10-05 00:00:00+00:00,111.3698,109.07
2015-10-06 00:00:00+00:00,111.74,109.765
2015-10-07 00:00:00+00:00,111.77,109.41
2015-10-08 00:00:00+00:00,110.19,108.21
2015-10-09 00:00:00+00:00,112.28,109.49
2015-10-12 00:00:00+00:00,112.75,111.44
2015-10-13 00:00:00+00:00,112.45,110.68
2015-10-14 00:00:00+00:00,111.52,109.56
2015-10-15 00:00:00+00:00,112.1,110.49
2015-10-16 00:00:00+00:00,112.0,110.53
2015-10-19 00:00:00+00:00,111.75,110.11
2015-10-20 00:00:00+00:00,114.17,110.82
2015-10-21 00:00:00+00:00,115.58,113.7
2015-10-22 00:00:00+00:00,115.5,114.1
2015-10-23 00:00:00+00:00,119.228,116.33
2015-10-26 00:00:00+00:00,118.13,114.92
2015-10-27 00:00:00+00:00,116.54,113.99
2015-10-28 00:00:00+00:00,119.3,116.06
2015-10-29 00:00:00+00:00,120.69,118.27
2015-10-30 00:00:00+00:00,121.22,119.45
2015-11-02 00:00:00+00:00,121.36,119.61
2015-11-03 00:00:00+00:00,123.49,120.7
2015-11-04 00:00:00+00:00,123.82,121.62
2015-11-05 00:00:00+00:00,122.69,120.18
2015-11-06 00:00:00+00:00,121.81,120.62
2015-11-09 00:00:00+00:00,121.81,120.05
2015-11-10 00:00:00+00:00,118.07,116.061
2015-11-11 00:00:00+00:00,117.42,115.21
2015-11-12 00:00:00+00:00,116.82,115.65
2015-11-13 00:00:00+00:00,115.57,112.27
2015-11-16 00:00:00+00:00,114.24,111.0
2015-11-17 00:00:00+00:00,115.05,113.32
2015-11-18 00:00:00+00:00,117.49,115.5
2015-11-19 00:00:00+00:00,119.75,116.76
2015-11-20 00:00:00+00:00,119.92,118.85
2015-11-23 00:00:00+00:00,119.73,117.34
2015-11-24 00:00:00+00:00,119.35,117.12
2015-11-25 00:00:00+00:00,119.23,117.92
2015-11-27 00:00:00+00:00,118.41,117.6
2015-11-30 00:00:00+00:00,119.41,117.75
2015-12-01 00:00:00+00:00,118.81,116.86
2015-12-02 00:00:00+00:00,118.11,116.08
2015-12-03 00:00:00+00:00,116.79,114.22
2015-12-04 00:00:00+00:00,119.25,115.11
2015-12-07 00:00:00+00:00,119.86,117.81
2015-12-08 00:00:00+00:00,118.6,116.86
2015-12-09 00:00:00+00:00,117.69,115.08
2015-12-10 00:00:00+00:00,116.94,115.51
2015-12-11 00:00:00+00:00,115.39,112.851
2015-12-14 00:00:00+00:00,112.68,109.79
2015-12-15 00:00:00+00:00,112.8,110.35
2015-12-16 00:00:00+00:00,111.99,108.8
2015-12-17 00:00:00+00:00,112.25,108.98
2015-12-18 00:00:00+00:00,109.52,105.81
2015-12-21 00:00:00+00:00,107.37,105.57
2015-12-22 00:00:00+00:00,107.72,106.451
2015-12-23 00:00:00+00:00,108.85,107.2
2015-12-24 00:00:00+00:00,109.0,107.95
2015-12-28 00:00:00+00:00,107.69,106.1807
2015-12-29 00:00:00+00:00,109.43,106.86
2015-12-30 00:00:00+00:00,108.7,107.18
2015-12-31 00:00:00+00:00,107.03,104.82
2016-01-04 00:00:00+00:00,105.368,102.0
2016-01-05 00:00:00+00:00,105.85,102.41
2016-01-06 00:00:00+00:00,102.37,99.87
2016-01-07 00:00:00+00:00,100.13,96.43
2016-01-08 00:00:00+00:00,99.11,96.76
2016-01-11 00:00:00+00:00,99.06,97.34
2016-01-12 00:00:00+00:00,100.69,98.8399
2016-01-13 00:00:00+00:00,101.19,97.3
2016-01-14 00:00:00+00:00,100.48,95.74
2016-01-15 00:00:00+00:00,97.71,95.36
2016-01-19 00:00:00+00:00,98.65,95.5
2016-01-20 00:00:00+00:00,98.1897,93.42
2016-01-21 00:00:00+00:00,97.88,94.94
2016-01-22 00:00:00+00:00,101.46,98.37
2016-01-25 00:00:00+00:00,101.53,99.21
2016-01-26 00:00:00+00:00,100.88,98.07
2016-01-27 00:00:00+00:00,96.6289,93.34
2016-01-28 00:00:00+00:00,94.52,92.39
2016-01-29 00:00:00+00:00,97.34,94.35
2016-02-01 00:00:00+00:00,96.71,95.4
2016-02-02 00:00:00+00:00,96.04,94.28
2016-02-03 00:00:00+00:00,96.84,94.08
2016-02-04 00:00:00+00:00,97.33,95.19
2016-02-05 00:00:00+00:00,96.92,93.69
2016-02-08 00:00:00+00:00,95.7,93.04
2016-02-09 00:00:00+00:00,95.94,93.93
2016-02-10 00:00:00+00:00,96.35,94.1
2016-02-11 00:00:00+00:00,94.72,92.59
2016-02-12 00:00:00+00:00,94.5,93.01
2016-02-16 00:00:00+00:00,96.85,94.61
2016-02-17 00:00:00+00:00,98.21,96.15
2016-02-18 00:00:00+00:00,98.89,96.091
2016-02-19 00:00:00+00:00,96.7599,95.8
2016-02-22 00:00:00+00:00,96.9,95.92
2016-02-23 00:00:00+00:00,96.5,94.55
2016-02-24 00:00:00+00:00,96.38,93.32
2016-02-25 00:00:00+00:00,96.76,95.25
2016-02-26 00:00:00+00:00,98.0237,96.58
2016-02-29 00:00:00+00:00,98.23,96.65
2016-03-01 00:00:00+00:00,100.77,97.42
2016-03-02 00:00:00+00:00,100.89,99.64
2016-03-03 00:00:00+00:00,101.7099,100.45
2016-03-04 00:00:00+00:00,103.75,101.37
2016-03-07 00:00:00+00:00,102.83,100.96
2016-03-08 00:00:00+00:00,101.76,100.4
2016-03-09 00:00:00+00:00,101.58,100.27
2016-03-10 00:00:00+00:00,102.24,100.15
2016-03-11 00:00:00+00:00,102.28,101.5
2016-03-14 00:00:00+00:00,102.91,101.78
2016-03-15 00:00:00+00:00,105.18,103.85
2016-03-16 00:00:00+00:00,106.31,104.59
2016-03-17 00:00:00+00:00,106.47,104.96
2016-03-18 00:00:00+00:00,106.5,105.19
2016-03-21 00:00:00+00:00,107.65,105.1401
2016-03-22 00:00:00+00:00,107.29,105.21
2016-03-23 00:00:00+00:00,107.07,105.9
2016-03-24 00:00:00+00:00,106.25,104.89
2016-03-28 00:00:00+00:00,106.19,105.06
2016-03-29 00:00:00+00:00,107.79,104.88
2016-03-30 00:00:00+00:00,110.42,108.6
2016-03-31 00:00:00+00:00,109.9,108.88
2016-04-01 00:00:00+00:00,110.0,108.2
2016-04-04 00:00:00+00:00,112.19,110.27
2016-04-05 00:00:00+00:00,110.73,109.42
2016-04-06 00:00:00+00:00,110.98,109.2
2016-04-07 00:00:00+00:00,110.42,108.121
2016-04-08 00:00:00+00:00,109.77,108.17
2016-04-11 00:00:00+00:00,110.61,108.83
2016-04-12 00:00:00+00:00,110.5,108.66
2016-04-13 00:00:00+00:00,112.34,110.8
2016-04-14 00:00:00+00:00,112.39,111.33
2016-04-15 00:00:00+00:00,112.3,109.73
2016-04-18 00:00:00+00:00,108.95,106.94
2016-04-19 00:00:00+00:00,108.0,106.23
2016-04-20 00:00:00+00:00,108.09,106.06
2016-04-21 00:00:00+00:00,106.93,105.52
2016-04-22 00:00:00+00:00,106.48,104.62
2016-04-25 00:00:00+00:00,105.65,104.51
2016-04-26 00:00:00+00:00,105.3,103.91
2016-04-27 00:00:00+00:00,98.71,95.68
2016-04-28 00:00:00+00:00,97.88,94.25
2016-04-29 00:00:00+00:00,94.72,92.51
2016-05-02 00:00:00+00:00,94.08,92.4
2016-05-03 00:00:00+00:00,95.74,93.68
2016-05-04 00:00:00+00:00,95.9,93.82
2016-05-05 00:00:00+00:00,94.07,92.68
2016-05-06 00:00:00+00:00,93.45,91.85
2016-05-09 00:00:00+00:00,93.77,92.59
2016-05-10 00:00:00+00:00,93.57,92.11
2016-05-11 00:00:00+00:00,93.57,92.46
2016-05-12 00:00:00+00:00,92.78,89.47
2016-05-13 00:00:00+00:00,91.67,90.0
2016-05-16 00:00:00+00:00,94.39,91.65
2016-05-17 00:00:00+00:00,94.7,93.01
2016-05-18 00:00:00+00:00,95.21,93.89
2016-05-19 00:00:00+00:00,94.64,93.57
2016-05-20 00:00:00+00:00,95.43,94.52
2016-05-23 00:00:00+00:00,97.19,95.67
2016-05-24 00:00:00+00:00,98.09,96.84
2016-05-25 00:00:00+00:00,99.74,98.11
2016-05-26 00:00:00+00:00,100.73,98.64
2016-05-27 00:00:00+00:00,100.47,99.245
2016-05-31 00:00:00+00:00,100.4,98.82
2016-06-01 00:00:00+00:00,99.54,98.33
2016-06-02 00:00:00+00:00,97.84,96.63
2016-06-03 00:00:00+00:00,98.27,97.45
2016-06-06 00:00:00+00:00,101.89,97.55
2016-06-07 00:00:00+00:00,99.87,98.96
2016-06-08 00:00:00+00:00,99.56,98.68
2016-06-09 00:00:00+00:00,99.99,98.46
2016-06-10 00:00:00+00:00,99.3457,98.48
2016-06-13 00:00:00+00:00,99.12,97.1
2016-06-14 00:00:00+00:00,98.475,96.75
2016-06-15 00:00:00+00:00,98.41,97.03
2016-06-16 00:00:00+00:00,97.75,96.07
2016-06-17 00:00:00+00:00,96.65,95.3
2016-06-20 00:00:00+00:00,96.57,95.03
2016-06-21 00:00:00+00:00,96.35,94.676
2016-06-22 00:00:00+00:00,96.89,95.35
2016-06-23 00:00:00+00:00,96.29,95.25
2016-06-24 00:00:00+00:00,94.655,92.65
2016-06-27 00:00:00+00:00,93.05,91.5
2016-06-28 00:00:00+00:00,93.66,92.14
2016-06-29 00:00:00+00:00,94.55,93.63
2016-06-30 00:00:00+00:00,95.77,94.3
2016-07-01 00:00:00+00:00,96.465,95.33
2016-07-05 00:00:00+00:00,95.4,94.46
2016-07-06 00:00:00+00:00,95.66,94.37
2016-07-07 00:00:00+00:00,96.5,95.62
2016-07-08 00:00:00+00:00,96.89,96.05
2016-07-11 00:00:00+00:00,97.65,96.73
2016-07-12 00:00:00+00:00,97.7,97.12
2016-07-13 00:00:00+00:00,97.67,96.84
2016-07-14 00:00:00+00:00,98.99,97.32
2016-07-15 00:00:00+00:00,99.3,98.5
2016-07-18 00:00:00+00:00,100.13,98.6
2016-07-19 00:00:00+00:00,100.0,99.34
2016-07-20 00:00:00+00:00,100.46,99.735
2016-07-21 00:00:00+00:00,101.0,99.13
2016-07-22 00:00:00+00:00,99.3,98.31
2016-07-25 00:00:00+00:00,98.84,96.92
2016-07-26 00:00:00+00:00,97.97,96.42
2016-07-27 00:00:00+00:00,104.35,102.75
2016-07-28 00:00:00+00:00,104.45,102.82
2016-07-29 00:00:00+00:00,104.55,103.68
2016-08-01 00:00:00+00:00,106.15,104.41
2016-08-02 00:00:00+00:00,106.07,104.0
2016-08-03 00:00:00+00:00,105.84,104.77
2016-08-04 00:00:00+00:00,106.0,105.28
2016-08-05 00:00:00+00:00,107.65,106.18
2016-08-08 00:00:00+00:00,108.37,107.16
2016-08-09 00:00:00+00:00,108.94,108.01
2016-08-10 00:00:00+00:00,108.9,107.76
2016-08-11 00:00:00+00:00,108.93,107.85
2016-08-12 00:00:00+00:00,108.44,107.78
2016-08-15 00:00:00+00:00,109.54,108.08
2016-08-16 00:00:00+00:00,110.23,109.21
2016-08-17 00:00:00+00:00,109.37,108.34
2016-08-18 00:00:00+00:00,109.6,109.02
2016-08-19 00:00:00+00:00,109.69,108.36
2016-08-22 00:00:00+00:00,109.1,107.85
2016-08-23 00:00:00+00:00,109.32,108.53
2016-08-24 00:00:00+00:00,108.75,107.68
2016-08-25 00:00:00+00:00,107.88,106.68
2016-08-26 00:00:00+00:00,107.95,106.31
2016-08-29 00:00:00+00:00,107.44,106.29
2016-08-30 00:00:00+00:00,106.5,105.5
2016-08-31 00:00:00+00:00,106.5699,105.64
2016-09-01 00:00:00+00:00,106.8,105.62
2016-09-02 00:00:00+00:00,108.0,106.82
2016-09-06 00:00:00+00:00,108.3,107.51
2016-09-07 00:00:00+00:00,108.76,107.07
2016-09-08 00:00:00+00:00,107.27,105.24
2016-09-09 00:00:00+00:00,105.72,103.13
2016-09-12 00:00:00+00:00,105.72,102.53
2016-09-13 00:00:00+00:00,108.79,107.24
2016-09-14 00:00:00+00:00,113.03,108.6
2016-09-15 00:00:00+00:00,115.73,113.49
2016-09-16 00:00:00+00:00,116.13,114.04
2016-09-19 00:00:00+00:00,116.18,113.25
2016-09-20 00:00:00+00:00,114.12,112.51
2016-09-21 00:00:00+00:00,113.989,112.441
2016-09-22 00:00:00+00:00,114.94,114.0
2016-09-23 00:00:00+00:00,114.79,111.55
2016-09-26 00:00:00+00:00,113.39,111.55
2016-09-27 00:00:00+00:00,113.18,112.34
2016-09-28 00:00:00+00:00,114.64,113.43
2016-09-29 00:00:00+00:00,113.8,111.8
2016-09-30 00:00:00+00:00,113.37,111.8
2016-10-03 00:00:00+00:00,113.05,112.28
2016-10-04 00:00:00+00:00,114.31,112.63
2016-10-05 00:00:00+00:00,113.66,112.69
2016-10-06 00:00:00+00:00,114.34,113.13
2016-10-07 00:00:00+00:00,114.56,113.51
2016-10-10 00:00:00+00:00,116.75,114.72
2016-10-11 00:00:00+00:00,118.69,116.2
2016-10-12 00:00:00+00:00,117.98,116.75
2016-10-13 00:00:00+00:00,117.44,115.72
2016-10-14 00:00:00+00:00,118.17,117.13
2016-10-17 00:00:00+00:00,117.84,116.78
2016-10-18 00:00:00+00:00,118.21,117.45
2016-10-19 00:00:00+00:00,117.76,113.8
2016-10-20 00:00:00+00:00,117.38,116.33
2016-10-21 00:00:00+00:00,116.91,116.28
2016-10-24 00:00:00+00:00,117.74,117.0
2016-10-25 00:00:00+00:00,118.36,117.31
2016-10-26 00:00:00+00:00,115.7,113.31
2016-10-27 00:00:00+00:00,115.86,114.1
2016-10-28 00:00:00+00:00,115.21,113.45
2016-10-31 00:00:00+00:00,114.23,113.2
2016-11-01 00:00:00+00:00,113.77,110.53
2016-11-02 00:00:00+00:00,112.35,111.23
2016-11-03 00:00:00+00:00,111.46,109.55
2016-11-04 00:00:00+00:00,110.25,108.11
2016-11-07 00:00:00+00:00,110.51,109.46
2016-11-08 00:00:00+00:00,111.72,109.7
2016-11-09 00:00:00+00:00,111.32,108.05
2016-11-10 00:00:00+00:00,111.09,105.83
2016-11-11 00:00:00+00:00,108.87,106.55
2016-11-14 00:00:00+00:00,107.809,104.08
2016-11-15 00:00:00+00:00,107.68,106.1593
2016-11-16 00:00:00+00:00,110.23,106.6
2016-11-17 00:00:00+00:00,110.35,108.83
2016-11-18 00:00:00+00:00,110.54,109.66
2016-11-21 00:00:00+00:00,111.99,110.01
2016-11-22 00:00:00+00:00,112.42,111.4
2016-11-23 00:00:00+00:00,111.51,110.33
2016-11-25 00:00:00+00:00,111.87,110.95
2016-11-28 00:00:00+00:00,112.465,111.39
2016-11-29 00:00:00+00:00,112.03,110.07
2016-11-30 00:00:00+00:00,112.2,110.27
2016-12-01 00:00:00+00:00,110.94,109.03
2016-12-02 00:00:00+00:00,110.09,108.85
2016-12-05 00:00:00+00:00,110.03,108.25
2016-12-06 00:00:00+00:00,110.36,109.19
2016-12-07 00:00:00+00:00,111.19,109.16
2016-12-08 00:00:00+00:00,112.43,110.6
2016-12-09 00:00:00+00:00,114.7,112.31
2016-12-12 00:00:00+00:00,115.0,112.49
2016-12-13 00:00:00+00:00,115.92,113.75
2016-12-14 00:00:00+00:00,116.2,114.98
2016-12-15 00:00:00+00:00,116.73,115.23
2016-12-16 00:00:00+00:00,116.5,115.645
2016-12-19 00:00:00+00:00,117.38,115.75
2016-12-20 00:00:00+00:00,117.5,116.68
2016-12-21 00:00:00+00:00,117.4,116.78
2016-12-22 00:00:00+00:00,116.51,115.64
2016-12-23 00:00:00+00:00,116.52,115.59
2016-12-27 00:00:00+00:00,117.8,116.49
2016-12-28 00:00:00+00:00,118.0166,116.2
2016-12-29 00:00:00+00:00,117.1095,116.4
2016-12-30 00:00:00+00:00,117.2,115.43
2017-01-03 00:00:00+00:00,116.33,114.76
2017-01-04 00:00:00+00:00,116.51,115.75
2017-01-05 00:00:00+00:00,116.8642,115.81
2017-01-06 00:00:00+00:00,118.16,116.47
2017-01-09 00:00:00+00:00,119.43,117.94
2017-01-10 00:00:00+00:00,119.38,118.3
2017-01-11 00:00:00+00:00,119.93,118.6
2017-01-12 00:00:00+00:00,119.3,118.21
2017-01-13 00:00:00+00:00,119.62,118.81
2017-01-17 00:00:00+00:00,120.24,118.22
2017-01-18 00:00:00+00:00,120.5,119.71
2017-01-19 00:00:00+00:00,120.09,119.37
2017-01-20 00:00:00+00:00,120.45,119.7346
2017-01-23 00:00:00+00:00,120.81,119.77
2017-01-24 00:00:00+00:00,120.1,119.5
2017-01-25 00:00:00+00:00,122.1,120.28
2017-01-26 00:00:00+00:00,122.44,121.6
2017-01-27 00:00:00+00:00,122.35,121.6
2017-01-30 00:00:00+00:00,121.63,120.66
2017-01-31 00:00:00+00:00,121.39,120.62
2017-02-01 00:00:00+00:00,130.49,127.01
2017-02-02 00:00:00+00:00,129.39,127.78
2017-02-03 00:00:00+00:00,129.19,128.16
2017-02-06 00:00:00+00:00,130.5,128.9
2017-02-07 00:00:00+00:00,132.09,130.45
2017-02-08 00:00:00+00:00,132.22,131.22
2017-02-09 00:00:00+00:00,132.445,131.12
2017-02-10 00:00:00+00:00,132.94,132.05
2017-02-13 00:00:00+00:00,133.82,132.75
2017-02-14 00:00:00+00:00,135.09,133.25
2017-02-15 00:00:00+00:00,136.27,134.62
2017-02-16 00:00:00+00:00,135.9,134.8398
2017-02-17 00:00:00+00:00,135.83,135.1
2017-02-21 00:00:00+00:00,136.75,135.98
2017-02-22 00:00:00+00:00,137.12,136.11
2017-02-23 00:00:00+00:00,137.48,136.3
2017-02-24 00:00:00+00:00,136.66,135.28
2017-02-27 00:00:00+00:00,137.435,136.28
2017-02-28 00:00:00+00:00,137.435,136.7
2017-03-01 00:00:00+00:00,140.15,137.595
2017-03-02 00:00:00+00:00,140.2786,138.76
2017-03-03 00:00:00+00:00,139.83,138.59
2017-03-06 00:00:00+00:00,139.77,138.5959
2017-03-07 00:00:00+00:00,139.98,138.79
2017-03-08 00:00:00+00:00,139.8,138.82
2017-03-09 00:00:00+00:00,138.79,137.05
2017-03-10 00:00:00+00:00,139.3571,138.64
2017-03-13 00:00:00+00:00,139.43,138.82
2017-03-14 00:00:00+00:00,139.65,138.84
2017-03-15 00:00:00+00:00,140.7501,139.025
2017-03-16 00:00:00+00:00,141.02,140.26
2017-03-17 00:00:00+00:00,141.0,139.89
2017-03-20 00:00:00+00:00,141.5,140.23
2017-03-21 00:00:00+00:00,142.8,139.73
2017-03-22 00:00:00+00:00,141.6,139.76
2017-03-23 00:00:00+00:00,141.5844,140.61
2017-03-24 00:00:00+00:00,141.74,140.35
2017-03-27 00:00:00+00:00,141.22,138.62
2017-03-28 00:00:00+00:00,144.04,140.62
2017-03-29 00:00:00+00:00,144.49,143.19
2017-03-30 00:00:00+00:00,144.5,143.5
2017-03-31 00:00:00+00:00,144.27,143.01
2017-04-03 00:00:00+00:00,144.12,143.05
2017-04-04 00:00:00+00:00,144.89,143.17
2017-04-05 00:00:00+00:00,145.46,143.81
2017-04-06 00:00:00+00:00,144.52,143.45
2017-04-07 00:00:00+00:00,144.18,143.27
2017-04-10 00:00:00+00:00,143.8792,142.9
2017-04-11 00:00:00+00:00,143.35,140.06
2017-04-12 00:00:00+00:00,142.15,141.01
2017-04-13 00:00:00+00:00,142.38,141.05
2017-04-17 00:00:00+00:00,141.88,140.87
2017-04-18 00:00:00+00:00,142.04,141.11
2017-04-19 00:00:00+00:00,142.0,140.45
2017-04-20 00:00:00+00:00,142.92,141.16
2017-04-21 00:00:00+00:00,142.68,141.85
2017-04-24 00:00:00+00:00,143.95,143.18
2017-04-25 00:00:00+00:00,144.9,143.87
2017-04-26 00:00:00+00:00,144.6,143.3762
2017-04-27 00:00:00+00:00,144.16,143.31
2017-04-28 00:00:00+00:00,144.3,143.27
2017-05-01 00:00:00+00:00,147.2,144.96
2017-05-02 00:00:00+00:00,148.09,146.84
2017-05-03 00:00:00+00:00,147.49,144.27
2017-05-04 00:00:00+00:00,147.14,145.81
2017-05-05 00:00:00+00:00,148.98,146.76
2017-05-08 00:00:00+00:00,153.7,149.03
2017-05-09 00:00:00+00:00,154.88,153.45
2017-05-10 00:00:00+00:00,153.94,152.11
2017-05-11 00:00:00+00:00,154.07,152.31
2017-05-12 00:00:00+00:00,156.42,154.67
2017-05-15 00:00:00+00:00,156.65,155.05
2017-05-16 00:00:00+00:00,156.06,154.72
2017-05-17 00:00:00+00:00,154.57,149.71
2017-05-18 00:00:00+00:00,153.34,151.13
2017-05-19 00:00:00+00:00,153.98,152.63
2017-05-22 00:00:00+00:00,154.58,152.91
2017-05-23 00:00:00+00:00,154.9,153.31
2017-05-24 00:00:00+00:00,154.17,152.67
2017-05-25 00:00:00+00:00,154.35,153.03
2017-05-26 00:00:00+00:00,154.24,153.31
2017-05-30 00:00:00+00:00,154.43,153.33
2017-05-31 00:00:00+00:00,154.17,152.38
2017-06-01 00:00:00+00:00,153.33,152.22
2017-06-02 00:00:00+00:00,155.45,152.89
2017-06-05 00:00:00+00:00,154.45,153.46
2017-06-06 00:00:00+00:00,155.81,153.78
2017-06-07 00:00:00+00:00,155.98,154.48
2017-06-08 00:00:00+00:00,155.54,154.4
2017-06-09 00:00:00+00:00,155.19,146.02
2017-06-12 00:00:00+00:00,146.09,142.51
2017-06-13 00:00:00+00:00,147.45,145.15
2017-06-14 00:00:00+00:00,147.5,143.84
2017-06-15 00:00:00+00:00,144.4798,142.21
2017-06-16 00:00:00+00:00,144.5,142.2
2017-06-19 00:00:00+00:00,146.74,143.66
2017-06-20 00:00:00+00:00,146.87,144.94
2017-06-21 00:00:00+00:00,146.0693,144.61
2017-06-22 00:00:00+00:00,146.7,145.1199
2017-06-23 00:00:00+00:00,147.16,145.11
2017-06-26 00:00:00+00:00,148.28,145.38
2017-06-27 00:00:00+00:00,146.16,143.62
2017-06-28 00:00:00+00:00,146.11,143.1601
2017-06-29 00:00:00+00:00,145.13,142.28
2017-06-30 00:00:00+00:00,144.96,143.78
2017-07-03 00:00:00+00:00,145.3,143.1
2017-07-05 00:00:00+00:00,144.79,142.7237
2017-07-06 00:00:00+00:00,143.5,142.41
2017-07-07 00:00:00+00:00,144.75,142.9
2017-07-10 00:00:00+00:00,145.95,143.37
2017-07-11 00:00:00+00:00,145.85,144.38
2017-07-12 00:00:00+00:00,146.18,144.82
2017-07-13 00:00:00+00:00,148.49,145.44
2017-07-14 00:00:00+00:00,149.33,147.33
2017-07-17 00:00:00+00:00,150.9,148.57
2017-07-18 00:00:00+00:00,150.13,148.67
2017-07-19 00:00:00+00:00,151.42,149.95
2017-07-20 00:00:00+00:00,151.74,150.19
2017-07-21 00:00:00+00:00,150.44,148.88
2017-07-24 00:00:00+00:00,152.44,149.9
2017-07-25 00:00:00+00:00,153.84,151.8
2017-07-26 00:00:00+00:00,153.93,153.06
2017-07-27 00:00:00+00:00,153.99,147.3
2017-07-28 00:00:00+00:00,150.23,149.19
2017-07-31 00:00:00+00:00,150.33,148.13
2017-08-01 00:00:00+00:00,150.22,148.41
2017-08-02 00:00:00+00:00,159.75,156.16
2017-08-03 00:00:00+00:00,157.21,155.02
2017-08-04 00:00:00+00:00,157.4,155.69
2017-08-07 00:00:00+00:00,158.92,156.6701
2017-08-08 00:00:00+00:00,161.83,158.27
2017-08-09 00:00:00+00:00,161.27,159.11
2017-08-10 00:00:00+00:00,160.0,154.63
2017-08-11 00:00:00+00:00,158.5728,156.07
2017-08-14 00:00:00+00:00,160.21,158.75
2017-08-15 00:00:00+00:00,162.195,160.14
2017-08-16 00:00:00+00:00,162.51,160.15
2017-08-17 00:00:00+00:00,160.71,157.84
2017-08-18 00:00:00+00:00,159.5,156.72
2017-08-21 00:00:00+00:00,157.89,155.1101
2017-08-22 00:00:00+00:00,160.0,158.02
2017-08-23 00:00:00+00:00,160.47,158.88
2017-08-24 00:00:00+00:00,160.74,158.55
2017-08-25 00:00:00+00:00,160.56,159.27
2017-08-28 00:00:00+00:00,162.0,159.93
2017-08-29 00:00:00+00:00,163.12,160.0
2017-08-30 00:00:00+00:00,163.89,162.61
2017-08-31 00:00:00+00:00,164.52,163.48
2017-09-01 00:00:00+00:00,164.94,163.63
2017-09-05 00:00:00+00:00,164.25,160.56
2017-09-06 00:00:00+00:00,162.99,160.52
2017-09-07 00:00:00+00:00,162.24,160.36
2017-09-08 00:00:00+00:00,161.15,158.53
2017-09-11 00:00:00+00:00,162.05,159.89
2017-09-12 00:00:00+00:00,163.96,158.77
2017-09-13 00:00:00+00:00,159.96,157.91
2017-09-14 00:00:00+00:00,159.4,158.09
2017-09-15 00:00:00+00:00,160.97,158.0
2017-09-18 00:00:00+00:00,160.5,157.995
2017-09-19 00:00:00+00:00,159.77,158.44
2017-09-20 00:00:00+00:00,158.26,153.83
2017-09-21 00:00:00+00:00,155.8,152.75
2017-09-22 00:00:00+00:00,152.27,150.56
2017-09-25 00:00:00+00:00,151.83,149.16
2017-09-26 00:00:00+00:00,153.92,151.69
2017-09-27 00:00:00+00:00,154.7189,153.54
2017-09-28 00:00:00+00:00,154.28,152.7
2017-09-29 00:00:00+00:00,154.13,152.0
2017-10-02 00:00:00+00:00,154.45,152.72
2017-10-03 00:00:00+00:00,155.09,153.91
2017-10-04 00:00:00+00:00,153.86,152.46
2017-10-05 00:00:00+00:00,155.44,154.05
2017-10-06 00:00:00+00:00,155.49,154.56
2017-10-09 00:00:00+00:00,156.73,155.485
2017-10-10 00:00:00+00:00,158.0,155.1
2017-10-11 00:00:00+00:00,156.98,155.75
2017-10-12 00:00:00+00:00,157.37,155.7299
2017-10-13 00:00:00+00:00,157.28,156.41
2017-10-16 00:00:00+00:00,160.0,157.65
2017-10-17 00:00:00+00:00,160.87,159.23
2017-10-18 00:00:00+00:00,160.71,159.6
2017-10-19 00:00:00+00:00,157.08,155.02
2017-10-20 00:00:00+00:00,157.75,155.96
2017-10-23 00:00:00+00:00,157.69,155.5
2017-10-24 00:00:00+00:00,157.42,156.2
2017-10-25 00:00:00+00:00,157.55,155.27
2017-10-26 00:00:00+00:00,157.8295,156.78
2017-10-27 00:00:00+00:00,163.6,158.7
2017-10-30 00:00:00+00:00,168.07,163.72
2017-10-31 00:00:00+00:00,169.6499,166.94
2017-11-01 00:00:00+00:00,169.94,165.61
2017-11-02 00:00:00+00:00,168.5,165.28
2017-11-03 00:00:00+00:00,174.26,171.12
2017-11-06 00:00:00+00:00,174.99,171.72
2017-11-07 00:00:00+00:00,175.25,173.6
2017-11-08 00:00:00+00:00,176.24,174.33
2017-11-09 00:00:00+00:00,176.095,173.14
2017-11-10 00:00:00+00:00,175.38,174.27
2017-11-13 00:00:00+00:00,174.5,173.4
2017-11-14 00:00:00+00:00,173.48,171.18
2017-11-15 00:00:00+00:00,170.3197,168.38
2017-11-16 00:00:00+00:00,171.87,170.3
2017-11-17 00:00:00+00:00,171.39,169.64
2017-11-20 00:00:00+00:00,170.56,169.56
2017-11-21 00:00:00+00:00,173.7,170.78
2017-11-22 00:00:00+00:00,175.0,173.05
2017-11-24 00:00:00+00:00,175.5,174.6459
2017-11-27 00:00:00+00:00,175.08,173.34
2017-11-28 00:00:00+00:00,174.87,171.86
2017-11-29 00:00:00+00:00,172.92,167.16
2017-11-30 00:00:00+00:00,172.14,168.44
2017-12-01 00:00:00+00:00,171.67,168.5
2017-12-04 00:00:00+00:00,172.62,169.63
2017-12-05 00:00:00+00:00,171.52,168.4
2017-12-06 00:00:00+00:00,170.2047,166.46
2017-12-07 00:00:00+00:00,170.44,168.91
2017-12-08 00:00:00+00:00,171.0,168.82
2017-12-11 00:00:00+00:00,172.89,168.79
2017-12-12 00:00:00+00:00,172.39,171.461
2017-12-13 00:00:00+00:00,173.54,172.0
2017-12-14 00:00:00+00:00,173.13,171.65
2017-12-15 00:00:00+00:00,174.17,172.46
2017-12-18 00:00:00+00:00,177.2,174.86
2017-12-19 00:00:00+00:00,175.39,174.09
2017-12-20 00:00:00+00:00,175.42,173.25
2017-12-21 00:00:00+00:00,176.02,174.1
2017-12-22 00:00:00+00:00,175.42,174.5
2017-12-26 00:00:00+00:00,171.47,169.68
2017-12-27 00:00:00+00:00,170.78,169.71
2017-12-28 00:00:00+00:00,171.85,170.48
2017-12-29 00:00:00+00:00,170.59,169.22
2018-01-02 00:00:00+00:00,172.3,169.26
2018-01-03 00:00:00+00:00,174.55,171.96
2018-01-04 00:00:00+00:00,173.47,172.08
2018-01-05 00:00:00+00:00,175.37,173.05
2018-01-08 00:00:00+00:00,175.61,173.93
2018-01-09 00:00:00+00:00,175.06,173.41
2018-01-10 00:00:00+00:00,174.3,173.0
2018-01-11 00:00:00+00:00,175.49,174.49
2018-01-12 00:00:00+00:00,177.36,175.65
2018-01-16 00:00:00+00:00,179.39,176.14
2018-01-17 00:00:00+00:00,179.25,175.07
2018-01-18 00:00:00+00:00,180.1,178.25
2018-01-19 00:00:00+00:00,179.58,177.41
2018-01-22 00:00:00+00:00,177.78,176.6
2018-01-23 00:00:00+00:00,179.44,176.82
2018-01-24 00:00:00+00:00,177.3,173.2
2018-01-25 00:00:00+00:00,174.95,170.53
2018-01-26 00:00:00+00:00,172.0,170.06
2018-01-29 00:00:00+00:00,170.16,167.07
2018-01-30 00:00:00+00:00,167.37,164.7
2018-01-31 00:00:00+00:00,168.44,166.5
2018-02-01 00:00:00+00:00,168.62,166.76
2018-02-02 00:00:00+00:00,166.8,160.1
2018-02-05 00:00:00+00:00,163.88,156.0
2018-02-06 00:00:00+00:00,163.72,154.0
2018-02-07 00:00:00+00:00,163.4,159.07
2018-02-08 00:00:00+00:00,161.0,155.03
2018-02-09 00:00:00+00:00,157.89,150.24
2018-02-12 00:00:00+00:00,163.89,157.51
2018-02-13 00:00:00+00:00,164.75,161.65
2018-02-14 00:00:00+00:00,167.54,162.88
2018-02-15 00:00:00+00:00,173.09,169.0
2018-02-16 00:00:00+00:00,174.82,171.77
2018-02-20 00:00:00+00:00,174.26,171.42
2018-02-21 00:00:00+00:00,174.12,171.01
2018-02-22 00:00:00+00:00,173.95,171.71
2018-02-23 00:00:00+00:00,175.65,173.54
2018-02-26 00:00:00+00:00,179.39,176.21
2018-02-27 00:00:00+00:00,180.48,178.16
2018-02-28 00:00:00+00:00,180.62,178.05
2018-03-01 00:00:00+00:00,179.78,172.66
2018-03-02 00:00:00+00:00,176.3,172.45
2018-03-05 00:00:00+00:00,177.74,174.52
2018-03-06 00:00:00+00:00,178.25,176.13
2018-03-07 00:00:00+00:00,175.85,174.27
2018-03-08 00:00:00+00:00,177.12,175.07
2018-03-09 00:00:00+00:00,180.0,177.39
2018-03-12 00:00:00+00:00,182.39,180.21
2018-03-13 00:00:00+00:00,183.5,179.24
2018-03-14 00:00:00+00:00,180.52,177.81
2018-03-15 00:00:00+00:00,180.24,178.07
2018-03-16 00:00:00+00:00,179.12,177.62
2018-03-19 00:00:00+00:00,177.47,173.66
2018-03-20 00:00:00+00:00,176.8,174.94
2018-03-21 00:00:00+00:00,175.09,171.26
2018-03-22 00:00:00+00:00,172.68,168.6
2018-03-23 00:00:00+00:00,169.92,164.94
2018-03-26 00:00:00+00:00,173.1,166.44
2018-03-27 00:00:00+00:00,175.15,166.92
2018-03-28 00:00:00+00:00,170.02,165.19
2018-03-29 00:00:00+00:00,171.75,166.9
2018-04-02 00:00:00+00:00,168.94,164.47
2018-04-03 00:00:00+00:00,168.75,164.88
2018-04-04 00:00:00+00:00,172.01,164.77
2018-04-05 00:00:00+00:00,174.23,172.08
2018-04-06 00:00:00+00:00,172.48,168.2
2018-04-09 00:00:00+00:00,173.09,169.85
2018-04-10 00:00:00+00:00,174.0,171.53
2018-04-11 00:00:00+00:00,173.92,171.7
2018-04-12 00:00:00+00:00,175.0,173.04
2018-04-13 00:00:00+00:00,175.84,173.85
2018-04-16 00:00:00+00:00,176.19,174.83
2018-04-17 00:00:00+00:00,178.94,176.41
2018-04-18 00:00:00+00:00,178.82,176.88
2018-04-19 00:00:00+00:00,175.39,172.66
2018-04-20 00:00:00+00:00,171.22,165.43
2018-04-23 00:00:00+00:00,166.92,164.09
2018-04-24 00:00:00+00:00,166.33,161.22
2018-04-25 00:00:00+00:00,165.42,162.41
2018-04-26 00:00:00+00:00,165.73,163.37
2018-04-27 00:00:00+00:00,164.33,160.63
2018-04-30 00:00:00+00:00,167.26,161.84
2018-05-01 00:00:00+00:00,169.2,165.27
2018-05-02 00:00:00+00:00,177.75,173.8
2018-05-03 00:00:00+00:00,177.5,174.44
2018-05-04 00:00:00+00:00,184.25,178.17
2018-05-07 00:00:00+00:00,187.67,184.75
2018-05-08 00:00:00+00:00,186.22,183.67
2018-05-09 00:00:00+00:00,187.4,185.22
2018-05-10 00:00:00+00:00,190.37,187.65
2018-05-11 00:00:00+00:00,190.06,187.45
2018-05-14 00:00:00+00:00,189.53,187.86
2018-05-15 00:00:00+00:00,187.07,185.1
2018-05-16 00:00:00+00:00,188.46,186.0
2018-05-17 00:00:00+00:00,188.91,186.36
2018-05-18 00:00:00+00:00,187.81,186.13
2018-05-21 00:00:00+00:00,189.27,186.91
2018-05-22 00:00:00+00:00,188.88,186.78
2018-05-23 00:00:00+00:00,188.5,185.76
2018-05-24 00:00:00+00:00,188.84,186.21
2018-05-25 00:00:00+00:00,189.65,187.65
2018-05-29 00:00:00+00:00,188.75,186.87
2018-05-30 00:00:00+00:00,188.0,186.78
2018-05-31 00:00:00+00:00,188.23,186.14
2018-06-01 00:00:00+00:00,190.26,187.75
2018-06-04 00:00:00+00:00,193.42,191.35
2018-06-05 00:00:00+00:00,193.94,192.36
2018-06-06 00:00:00+00:00,194.08,191.92
2018-06-07 00:00:00+00:00,194.2,192.34
2018-06-08 00:00:00+00:00,192.0,189.77
2018-06-11 00:00:00+00:00,191.97,190.21
2018-06-12 00:00:00+00:00,192.61,191.15
2018-06-13 00:00:00+00:00,192.88,190.44
2018-06-14 00:00:00+00:00,191.57,190.22
2018-06-15 00:00:00+00:00,190.16,188.26
2018-06-18 00:00:00+00:00,189.22,187.2
2018-06-19 00:00:00+00:00,186.33,183.45
2018-06-20 00:00:00+00:00,187.2,185.73
2018-06-21 00:00:00+00:00,188.35,184.94
2018-06-22 00:00:00+00:00,186.15,184.7
2018-06-25 00:00:00+00:00,184.92,180.73
2018-06-26 00:00:00+00:00,186.53,182.54
2018-06-27 00:00:00+00:00,187.28,184.03
2018-06-28 00:00:00+00:00,186.21,183.8
2018-06-29 00:00:00+00:00,187.19,182.91
2018-07-02 00:00:00+00:00,187.3,183.42
2018-07-03 00:00:00+00:00,187.95,183.54
2018-07-05 00:00:00+00:00,186.41,184.28
2018-07-06 00:00:00+00:00,188.43,185.2
2018-07-09 00:00:00+00:00,190.68,189.3
2018-07-10 00:00:00+00:00,191.28,190.18
2018-07-11 00:00:00+00:00,189.78,187.61
2018-07-12 00:00:00+00:00,191.41,189.31
2018-07-13 00:00:00+00:00,191.84,190.9
2018-07-16 00:00:00+00:00,192.65,190.42
2018-07-17 00:00:00+00:00,191.87,189.2
2018-07-18 00:00:00+00:00,191.8,189.93
2018-07-19 00:00:00+00:00,192.55,189.69
2018-07-20 00:00:00+00:00,192.43,190.17
2018-07-23 00:00:00+00:00,191.96,189.56
2018-07-24 00:00:00+00:00,193.66,192.05
2018-07-25 00:00:00+00:00,194.85,192.43
2018-07-26 00:00:00+00:00,195.96,193.61
2018-07-27 00:00:00+00:00,195.19,190.1
2018-07-30 00:00:00+00:00,192.2,189.07
2018-07-31 00:00:00+00:00,192.14,189.34
2018-08-01 00:00:00+00:00,201.76,197.31
2018-08-02 00:00:00+00:00,208.38,200.35
2018-08-03 00:00:00+00:00,208.74,205.48
2018-08-06 00:00:00+00:00,209.25,207.07
2018-08-07 00:00:00+00:00,209.5,206.76
2018-08-08 00:00:00+00:00,207.81,204.52
2018-08-09 00:00:00+00:00,209.78,207.2
2018-08-10 00:00:00+00:00,209.1,206.67
2018-08-13 00:00:00+00:00,210.95,207.7
2018-08-14 00:00:00+00:00,210.56,208.26
2018-08-15 00:00:00+00:00,210.74,208.33
2018-08-16 00:00:00+00:00,213.81,211.47
2018-08-17 00:00:00+00:00,217.95,213.16
2018-08-20 00:00:00+00:00,219.18,215.11
2018-08-21 00:00:00+00:00,217.19,214.03
2018-08-22 00:00:00+00:00,216.36,213.84
2018-08-23 00:00:00+00:00,217.05,214.6
2018-08-24 00:00:00+00:00,216.9,215.11
2018-08-27 00:00:00+00:00,218.74,216.33
2018-08-28 00:00:00+00:00,220.54,218.92
2018-08-29 00:00:00+00:00,223.49,219.41
2018-08-30 00:00:00+00:00,228.26,222.4
2018-08-31 00:00:00+00:00,228.87,226.0
2018-09-04 00:00:00+00:00,229.18,226.63
2018-09-05 00:00:00+00:00,229.67,225.1
2018-09-06 00:00:00+00:00,227.35,221.3
2018-09-07 00:00:00+00:00,225.37,220.71
2018-09-10 00:00:00+00:00,221.85,216.47
2018-09-11 00:00:00+00:00,224.3,216.56
2018-09-12 00:00:00+00:00,225.0,219.84
2018-09-13 00:00:00+00:00,228.35,222.57
2018-09-14 00:00:00+00:00,226.84,222.52
2018-09-17 00:00:00+00:00,222.95,217.27
2018-09-18 00:00:00+00:00,221.85,217.12
2018-09-19 00:00:00+00:00,219.62,215.3
2018-09-20 00:00:00+00:00,222.28,219.15
2018-09-21 00:00:00+00:00,221.36,217.29
2018-09-24 00:00:00+00:00,221.26,216.63
2018-09-25 00:00:00+00:00,222.82,219.7
2018-09-26 00:00:00+00:00,223.75,219.76
2018-09-27 00:00:00+00:00,226.44,223.54
2018-09-28 00:00:00+00:00,225.84,224.02
2018-10-01 00:00:00+00:00,229.42,226.35
2018-10-02 00:00:00+00:00,230.0,226.63
2018-10-03 00:00:00+00:00,233.47,229.78
2018-10-04 00:00:00+00:00,232.35,226.73
2018-10-05 00:00:00+00:00,228.41,220.58
2018-10-08 00:00:00+00:00,224.8,220.2
2018-10-09 00:00:00+00:00,227.27,222.25
2018-10-10 00:00:00+00:00,226.35,216.05
2018-10-11 00:00:00+00:00,219.5,212.32
2018-10-12 00:00:00+00:00,222.88,216.84
2018-10-15 00:00:00+00:00,221.83,217.27
2018-10-16 00:00:00+00:00,222.99,216.76
2018-10-17 00:00:00+00:00,222.64,219.34
2018-10-18 00:00:00+00:00,219.74,213.0
2018-10-19 00:00:00+00:00,221.26,217.43
2018-10-22 00:00:00+00:00,223.36,218.94
2018-10-23 00:00:00+00:00,223.25,214.7
2018-10-24 00:00:00+00:00,224.23,214.54
2018-10-25 00:00:00+00:00,221.38,216.75
2018-10-26 00:00:00+00:00,220.19,212.67
2018-10-29 00:00:00+00:00,219.69,206.09
2018-10-30 00:00:00+00:00,215.18,209.27
2018-10-31 00:00:00+00:00,220.45,216.62
2018-11-01 00:00:00+00:00,222.36,216.81
2018-11-02 00:00:00+00:00,213.65,205.43
2018-11-05 00:00:00+00:00,204.39,198.17
2018-11-06 00:00:00+00:00,204.72,201.69
2018-11-07 00:00:00+00:00,210.06,204.13
2018-11-08 00:00:00+00:00,210.12,206.75
2018-11-09 00:00:00+00:00,206.01,202.25
2018-11-12 00:00:00+00:00,199.85,193.79
2018-11-13 00:00:00+00:00,197.18,191.45
2018-11-14 00:00:00+00:00,194.48,185.93
2018-11-15 00:00:00+00:00,191.97,186.9
2018-11-16 00:00:00+00:00,194.97,189.46
2018-11-19 00:00:00+00:00,190.7,184.99
2018-11-20 00:00:00+00:00,181.47,175.51
2018-11-21 00:00:00+00:00,180.27,176.55
2018-11-23 00:00:00+00:00,176.595,172.1
2018-11-26 00:00:00+00:00,174.95,170.26
2018-11-27 00:00:00+00:00,174.77,170.88
2018-11-28 00:00:00+00:00,181.29,174.93
2018-11-29 00:00:00+00:00,182.8,177.7
2018-11-30 00:00:00+00:00,180.33,177.03
2018-12-03 00:00:00+00:00,184.94,181.21
2018-12-04 00:00:00+00:00,182.39,176.27
2018-12-06 00:00:00+00:00,174.78,170.42
2018-12-07 00:00:00+00:00,174.49,168.3
2018-12-10 00:00:00+00:00,170.09,163.33
2018-12-11 00:00:00+00:00,171.79,167.0
2018-12-12 00:00:00+00:00,171.92,169.02
2018-12-13 00:00:00+00:00,172.57,169.55
2018-12-14 00:00:00+00:00,169.08,165.28
2018-12-17 00:00:00+00:00,168.35,162.73
2018-12-18 00:00:00+00:00,167.53,164.39
2018-12-19 00:00:00+00:00,167.45,159.09
2018-12-20 00:00:00+00:00,162.11,155.3
2018-12-21 00:00:00+00:00,158.16,149.63
2018-12-24 00:00:00+00:00,151.55,146.59
2018-12-26 00:00:00+00:00,157.23,146.72
2018-12-27 00:00:00+00:00,156.77,150.07
2018-12-28 00:00:00+00:00,158.52,154.55
2018-12-31 00:00:00+00:00,159.36,156.48
2019-01-02 00:00:00+00:00,158.85,154.23
2019-01-03 00:00:00+00:00,145.72,142.0
2019-01-04 00:00:00+00:00,148.55,143.8
2019-01-07 00:00:00+00:00,148.83,145.9
2019-01-08 00:00:00+00:00,151.82,148.52
2019-01-09 00:00:00+00:00,154.53,149.63
2019-01-10 00:00:00+00:00,153.97,150.86
2019-01-11 00:00:00+00:00,153.7,151.51
2019-01-14 00:00:00+00:00,151.27,149.22
2019-01-15 00:00:00+00:00,153.39,150.05
2019-01-16 00:00:00+00:00,155.88,153.0
2019-01-17 00:00:00+00:00,157.66,153.26
2019-01-18 00:00:00+00:00,157.88,155.98
2019-01-22 00:00:00+00:00,156.73,152.62
2019-01-23 00:00:00+00:00,155.14,151.7
2019-01-24 00:00:00+00:00,154.48,151.74
2019-01-25 00:00:00+00:00,158.13,154.32
2019-01-28 00:00:00+00:00,156.33,153.66
2019-01-29 00:00:00+00:00,158.13,154.11
2019-01-30 00:00:00+00:00,166.15,160.23
2019-01-31 00:00:00+00:00,169.0,164.56
2019-02-01 00:00:00+00:00,168.98,165.93
2019-02-04 00:00:00+00:00,171.66,167.28
2019-02-05 00:00:00+00:00,175.08,172.35
2019-02-06 00:00:00+00:00,175.57,172.85
2019-02-07 00:00:00+00:00,173.94,170.34
2019-02-08 00:00:00+00:00,170.66,168.42
2019-02-11 00:00:00+00:00,171.21,169.25
2019-02-12 00:00:00+00:00,171.0,169.7
2019-02-13 00:00:00+00:00,172.48,169.92
2019-02-14 00:00:00+00:00,171.26,169.38
2019-02-15 00:00:00+00:00,171.7,169.75
2019-02-19 00:00:00+00:00,171.44,169.49
2019-02-20 00:00:00+00:00,173.32,170.99
2019-02-21 00:00:00+00:00,172.37,170.3
2019-02-22 00:00:00+00:00,173.0,171.38
2019-02-25 00:00:00+00:00,175.87,173.95
2019-02-26 00:00:00+00:00,175.3,173.17
2019-02-27 00:00:00+00:00,175.0,172.73
2019-02-28 00:00:00+00:00,174.91,172.92
2019-03-01 00:00:00+00:00,175.15,172.89
2019-03-04 00:00:00+00:00,177.75,173.97
2019-03-05 00:00:00+00:00,176.0,174.54
2019-03-06 00:00:00+00:00,175.49,173.94
2019-03-07 00:00:00+00:00,174.44,172.02
2019-03-08 00:00:00+00:00,173.07,169.5
2019-03-11 00:00:00+00:00,179.12,175.35
2019-03-12 00:00:00+00:00,182.67,179.37
2019-03-13 00:00:00+00:00,183.3,180.92
2019-03-14 00:00:00+00:00,184.1,182.56
2019-03-15 00:00:00+00:00,187.33,183.74
2019-03-18 00:00:00+00:00,188.39,185.79
2019-03-19 00:00:00+00:00,188.99,185.92
2019-03-20 00:00:00+00:00,189.49,184.73
2019-03-21 00:00:00+00:00,196.33,189.81
2019-03-22 00:00:00+00:00,197.69,190.78
2019-03-25 00:00:00+00:00,191.98,186.6
2019-03-26 00:00:00+00:00,192.88,184.58
2019-03-27 00:00:00+00:00,189.76,186.55
2019-03-28 00:00:00+00:00,189.56,187.53
2019-03-29 00:00:00+00:00,190.08,188.54
2019-04-01 00:00:00+00:00,191.68,188.38
2019-04-02 00:00:00+00:00,194.46,191.05
2019-04-03 00:00:00+00:00,196.5,193.15
2019-04-04 00:00:00+00:00,196.37,193.14
2019-04-05 00:00:00+00:00,197.1,195.93
2019-04-08 00:00:00+00:00,200.23,196.34
2019-04-09 00:00:00+00:00,202.85,199.23
2019-04-10 00:00:00+00:00,200.74,198.18
2019-04-11 00:00:00+00:00,201.0,198.44
2019-04-12 00:00:00+00:00,200.14,196.21
2019-04-15 00:00:00+00:00,199.85,198.01
2019-04-16 00:00:00+00:00,201.37,198.56
2019-04-17 00:00:00+00:00,203.38,198.61
2019-04-18 00:00:00+00:00,204.15,202.52
2019-04-22 00:00:00+00:00,204.94,202.34
2019-04-23 00:00:00+00:00,207.75,203.9
2019-04-24 00:00:00+00:00,208.48,207.05
2019-04-25 00:00:00+00:00,207.76,205.12
2019-04-26 00:00:00+00:00,205.0,202.12
2019-04-29 00:00:00+00:00,205.97,203.86
2019-04-30 00:00:00+00:00,203.4,199.11
2019-05-01 00:00:00+00:00,215.31,209.23
2019-05-02 00:00:00+00:00,212.65,208.13
2019-05-03 00:00:00+00:00,211.84,210.23
2019-05-06 00:00:00+00:00,208.84,203.5
2019-05-07 00:00:00+00:00,207.42,200.83
2019-05-08 00:00:00+00:00,205.34,201.75
2019-05-09 00:00:00+00:00,201.68,196.66
2019-05-10 00:00:00+00:00,198.85,192.77
2019-05-13 00:00:00+00:00,189.48,182.85
2019-05-14 00:00:00+00:00,189.7,185.41
2019-05-15 00:00:00+00:00,191.75,186.02
2019-05-16 00:00:00+00:00,192.47,188.84
2019-05-17 00:00:00+00:00,190.9,186.76
2019-05-20 00:00:00+00:00,184.35,180.28
2019-05-21 00:00:00+00:00,188.0,184.7
2019-05-22 00:00:00+00:00,185.71,182.55
2019-05-23 00:00:00+00:00,180.54,177.81
2019-05-24 00:00:00+00:00,182.14,178.62
2019-05-28 00:00:00+00:00,180.59,177.91
2019-05-29 00:00:00+00:00,179.35,176.0
2019-05-30 00:00:00+00:00,179.23,176.67
2019-05-31 00:00:00+00:00,177.99,174.99
2019-06-03 00:00:00+00:00,177.92,170.27
2019-06-04 00:00:00+00:00,179.83,174.52
2019-06-05 00:00:00+00:00,184.99,181.14
2019-06-06 00:00:00+00:00,185.47,182.15
2019-06-07 00:00:00+00:00,191.92,185.77
2019-06-10 00:00:00+00:00,195.37,191.62
2019-06-11 00:00:00+00:00,196.0,193.6
2019-06-12 00:00:00+00:00,195.97,193.39
2019-06-13 00:00:00+00:00,196.79,193.6
2019-06-14 00:00:00+00:00,193.59,190.3
2019-06-17 00:00:00+00:00,194.96,192.17
2019-06-18 00:00:00+00:00,200.29,195.21
2019-06-19 00:00:00+00:00,199.88,197.31
2019-06-20 00:00:00+00:00,200.61,198.03
2019-06-21 00:00:00+00:00,200.85,198.15
2019-06-24 00:00:00+00:00,200.16,198.17
2019-06-25 00:00:00+00:00,199.26,195.29
2019-06-26 00:00:00+00:00,200.99,197.35
2019-06-27 00:00:00+00:00,201.57,199.57
2019-06-28 00:00:00+00:00,199.5,197.05
2019-07-01 00:00:00+00:00,204.49,200.65
2019-07-02 00:00:00+00:00,203.13,201.36
2019-07-03 00:00:00+00:00,204.44,202.69
2019-07-05 00:00:00+00:00,205.08,202.9
2019-07-08 00:00:00+00:00,201.4,198.41
2019-07-09 00:00:00+00:00,201.51,198.81
2019-07-10 00:00:00+00:00,203.73,201.56
2019-07-11 00:00:00+00:00,204.39,201.71
2019-07-12 00:00:00+00:00,204.0,202.2
2019-07-15 00:00:00+00:00,205.87,204.0
2019-07-16 00:00:00+00:00,206.11,203.5
2019-07-17 00:00:00+00:00,205.09,203.27
2019-07-18 00:00:00+00:00,205.88,203.7
2019-07-19 00:00:00+00:00,206.5,202.36
2019-07-22 00:00:00+00:00,207.23,203.61
2019-07-23 00:00:00+00:00,208.91,207.29
2019-07-24 00:00:00+00:00,209.15,207.17
2019-07-25 00:00:00+00:00,209.24,206.73
2019-07-26 00:00:00+00:00,209.73,207.14
2019-07-29 00:00:00+00:00,210.64,208.44
2019-07-30 00:00:00+00:00,210.16,207.31
2019-07-31 00:00:00+00:00,221.37,211.3
2019-08-01 00:00:00+00:00,218.03,206.74
2019-08-02 00:00:00+00:00,206.43,201.63
2019-08-05 00:00:00+00:00,198.65,192.58
2019-08-06 00:00:00+00:00,198.07,194.04
2019-08-07 00:00:00+00:00,199.56,193.82
2019-08-08 00:00:00+00:00,203.53,199.39
2019-08-09 00:00:00+00:00,202.76,199.29
2019-08-12 00:00:00+00:00,202.05,199.15
2019-08-13 00:00:00+00:00,212.14,200.48
2019-08-14 00:00:00+00:00,206.44,202.59
2019-08-15 00:00:00+00:00,205.14,199.67
2019-08-16 00:00:00+00:00,207.16,203.84
2019-08-19 00:00:00+00:00,212.73,210.03
2019-08-20 00:00:00+00:00,213.35,210.32
2019-08-21 00:00:00+00:00,213.65,211.6
2019-08-22 00:00:00+00:00,214.44,210.75
2019-08-23 00:00:00+00:00,212.05,201.0
2019-08-26 00:00:00+00:00,207.19,205.06
2019-08-27 00:00:00+00:00,208.55,203.53
2019-08-28 00:00:00+00:00,205.72,203.32
2019-08-29 00:00:00+00:00,209.32,206.66
2019-08-30 00:00:00+00:00,210.45,207.2
2019-09-03 00:00:00+00:00,206.98,204.22
2019-09-04 00:00:00+00:00,209.48,207.32
2019-09-05 00:00:00+00:00,213.97,211.51
2019-09-06 00:00:00+00:00,214.42,212.51
2019-09-09 00:00:00+00:00,216.44,211.07
2019-09-10 00:00:00+00:00,216.78,211.71
2019-09-11 00:00:00+00:00,223.71,217.73
2019-09-12 00:00:00+00:00,226.42,222.86
2019-09-13 00:00:00+00:00,220.79,217.02
2019-09-16 00:00:00+00:00,220.13,217.56
2019-09-17 00:00:00+00:00,220.82,219.12
2019-09-18 00:00:00+00:00,222.85,219.44
2019-09-19 00:00:00+00:00,223.76,220.37
2019-09-20 00:00:00+00:00,222.56,217.47
2019-09-23 00:00:00+00:00,219.84,217.65
2019-09-24 00:00:00+00:00,222.49,217.19
2019-09-25 00:00:00+00:00,221.5,217.14
2019-09-26 00:00:00+00:00,220.94,218.83
2019-09-27 00:00:00+00:00,220.96,217.28
2019-09-30 00:00:00+00:00,224.58,220.79
2019-10-01 00:00:00+00:00,228.22,224.2
2019-10-02 00:00:00+00:00,223.58,217.93
2019-10-03 00:00:00+00:00,220.96,215.13
2019-10-04 00:00:00+00:00,227.49,223.89
2019-10-07 00:00:00+00:00,229.93,225.84
2019-10-08 00:00:00+00:00,228.06,224.33
2019-10-09 00:00:00+00:00,227.79,225.64
2019-10-10 00:00:00+00:00,230.44,227.3
2019-10-11 00:00:00+00:00,237.64,232.31
2019-10-14 00:00:00+00:00,238.13,234.67
2019-10-15 00:00:00+00:00,237.65,234.88
2019-10-16 00:00:00+00:00,235.24,233.2
2019-10-17 00:00:00+00:00,236.15,233.52
2019-10-18 00:00:00+00:00,237.58,234.29
2019-10-21 00:00:00+00:00,240.99,237.32
2019-10-22 00:00:00+00:00,242.2,239.62
2019-10-23 00:00:00+00:00,243.24,241.22
2019-10-24 00:00:00+00:00,244.8,241.81
2019-10-25 00:00:00+00:00,246.73,242.88
2019-10-28 00:00:00+00:00,249.25,246.72
2019-10-29 00:00:00+00:00,249.75,242.57
2019-10-30 00:00:00+00:00,245.3,241.21
2019-10-31 00:00:00+00:00,249.17,237.26
2019-11-01 00:00:00+00:00,255.93,249.16
2019-11-04 00:00:00+00:00,257.85,255.38
2019-11-05 00:00:00+00:00,258.19,256.32
2019-11-06 00:00:00+00:00,257.49,255.37
2019-11-07 00:00:00+00:00,260.35,258.11
2019-11-08 00:00:00+00:00,260.44,256.85
2019-11-11 00:00:00+00:00,262.47,258.28
2019-11-12 00:00:00+00:00,262.79,260.92
2019-11-13 00:00:00+00:00,264.78,261.07
2019-11-14 00:00:00+00:00,264.88,262.1
2019-11-15 00:00:00+00:00,265.78,263.01
2019-11-18 00:00:00+00:00,267.43,264.23
2019-11-19 00:00:00+00:00,268.0,265.39
2019-11-20 00:00:00+00:00,266.08,260.4
2019-11-21 00:00:00+00:00,264.01,261.18
2019-11-22 00:00:00+00:00,263.18,260.84
2019-11-25 00:00:00+00:00,266.44,262.52
2019-11-26 00:00:00+00:00,267.16,262.5
2019-11-27 00:00:00+00:00,267.98,265.31
2019-11-29 00:00:00+00:00,268.0,265.9
2019-12-02 00:00:00+00:00,268.25,263.45
2019-12-03 00:00:00+00:00,259.53,256.29
2019-12-04 00:00:00+00:00,263.31,260.68
2019-12-05 00:00:00+00:00,265.89,262.73
2019-12-06 00:00:00+00:00,271.0,267.3
2019-12-09 00:00:00+00:00,270.8,264.91
2019-12-10 00:00:00+00:00,270.07,265.86
2019-12-11 00:00:00+00:00,271.1,268.5
2019-12-12 00:00:00+00:00,272.56,267.32
2019-12-13 00:00:00+00:00,275.3,270.93
2019-12-16 00:00:00+00:00,280.79,276.98
2019-12-17 00:00:00+00:00,281.77,278.8
2019-12-18 00:00:00+00:00,281.9,279.12
2019-12-19 00:00:00+00:00,281.18,278.95
2019-12-20 00:00:00+00:00,282.65,278.56
2019-12-23 00:00:00+00:00,284.25,280.37
2019-12-24 00:00:00+00:00,284.89,282.92
2019-12-26 00:00:00+00:00,289.98,284.7
2019-12-27 00:00:00+00:00,293.97,288.12
2019-12-30 00:00:00+00:00,292.69,285.22
2019-12-31 00:00:00+00:00,293.68,289.52
2020-01-02 00:00:00+00:00,300.6,295.19
2020-01-03 00:00:00+00:00,300.58,296.5
2020-01-06 00:00:00+00:00,299.96,292.75
2020-01-07 00:00:00+00:00,300.9,297.48
2020-01-08 00:00:00+00:00,304.44,297.16
2020-01-09 00:00:00+00:00,310.43,306.2
2020-01-10 00:00:00+00:00,312.67,308.25
2020-01-13 00:00:00+00:00,317.07,311.15
2020-01-14 00:00:00+00:00,317.57,312.17
2020-01-15 00:00:00+00:00,315.5,309.55
2020-01-16 00:00:00+00:00,315.7,312.09
2020-01-17 00:00:00+00:00,318.74,315.0
2020-01-21 00:00:00+00:00,319.02,316.0
2020-01-22 00:00:00+00:00,319.99,317.31
2020-01-23 00:00:00+00:00,319.56,315.65
2020-01-24 00:00:00+00:00,323.33,317.52
2020-01-27 00:00:00+00:00,311.77,304.88
2020-01-28 00:00:00+00:00,318.4,312.19
2020-01-29 00:00:00+00:00,327.85,321.38
2020-01-30 00:00:00+00:00,324.09,318.75
2020-01-31 00:00:00+00:00,322.68,308.29
2020-02-03 00:00:00+00:00,313.49,302.22
2020-02-04 00:00:00+00:00,319.64,313.63
2020-02-05 00:00:00+00:00,324.76,318.95
2020-02-06 00:00:00+00:00,325.22,320.26
2020-02-07 00:00:00+00:00,323.4,318.0
2020-02-10 00:00:00+00:00,321.55,313.85
2020-02-11 00:00:00+00:00,323.9,318.71
2020-02-12 00:00:00+00:00,327.22,321.47
2020-02-13 00:00:00+00:00,326.22,323.35
2020-02-14 00:00:00+00:00,325.98,322.85
2020-02-18 00:00:00+00:00,319.75,314.61
2020-02-19 00:00:00+00:00,324.57,320.0
2020-02-20 00:00:00+00:00,324.65,318.21
2020-02-21 00:00:00+00:00,320.45,310.5
2020-02-24 00:00:00+00:00,304.18,289.23
2020-02-25 00:00:00+00:00,302.53,286.13
2020-02-26 00:00:00+00:00,297.88,286.5
2020-02-27 00:00:00+00:00,286.0,272.96
2020-02-28 00:00:00+00:00,278.41,256.37
2020-03-02 00:00:00+00:00,301.44,277.72
2020-03-03 00:00:00+00:00,304.0,285.8
2020-03-04 00:00:00+00:00,303.4,293.13
2020-03-05 00:00:00+00:00,299.55,291.41
2020-03-06 00:00:00+00:00,290.82,281.23
2020-03-09 00:00:00+00:00,278.09,263.0
2020-03-10 00:00:00+00:00,286.44,269.37
2020-03-11 00:00:00+00:00,281.22,271.86
2020-03-12 00:00:00+00:00,270.0,248.0
2020-03-13 00:00:00+00:00,279.92,252.95
2020-03-16 00:00:00+00:00,259.08,240.0
2020-03-17 00:00:00+00:00,257.61,238.4
2020-03-18 00:00:00+00:00,250.0,237.12
2020-03-19 00:00:00+00:00,252.84,242.61
2020-03-20 00:00:00+00:00,251.83,228.0
2020-03-23 00:00:00+00:00,228.5,212.61
2020-03-24 00:00:00+00:00,247.69,234.3
2020-03-25 00:00:00+00:00,258.25,244.3
2020-03-26 00:00:00+00:00,258.68,246.36
2020-03-27 00:00:00+00:00,255.87,247.05
2020-03-30 00:00:00+00:00,255.52,249.4
2020-03-31 00:00:00+00:00,262.49,252.0
2020-04-01 00:00:00+00:00,248.72,239.13
2020-04-02 00:00:00+00:00,245.15,236.9
2020-04-03 00:00:00+00:00,245.7,238.97
2020-04-06 00:00:00+00:00,263.11,249.38
2020-04-07 00:00:00+00:00,271.7,259.0
2020-04-08 00:00:00+00:00,267.37,261.23
2020-04-09 00:00:00+00:00,270.07,264.7
2020-04-13 00:00:00+00:00,273.7,265.83
2020-04-14 00:00:00+00:00,288.25,278.05
2020-04-15 00:00:00+00:00,286.33,280.63
2020-04-16 00:00:00+00:00,288.2,282.35
2020-04-17 00:00:00+00:00,286.95,276.86
2020-04-20 00:00:00+00:00,281.68,276.85
2020-04-21 00:00:00+00:00,277.25,265.43
2020-04-22 00:00:00+00:00,277.9,272.2
2020-04-23 00:00:00+00:00,281.75,274.87
2020-04-24 00:00:00+00:00,283.01,277.0
2020-04-27 00:00:00+00:00,284.54,279.95
2020-04-28 00:00:00+00:00,285.83,278.2
2020-04-29 00:00:00+00:00,289.67,283.89
2020-04-30 00:00:00+00:00,294.53,288.35
2020-05-01 00:00:00+00:00,299.0,285.85
2020-05-04 00:00:00+00:00,293.69,286.32
2020-05-05 00:00:00+00:00,301.0,294.46
2020-05-06 00:00:00+00:00,303.24,298.87
2020-05-07 00:00:00+00:00,305.17,301.97
2020-05-08 00:00:00+00:00,310.35,304.29
2020-05-11 00:00:00+00:00,317.05,307.24
2020-05-12 00:00:00+00:00,319.69,310.91
2020-05-13 00:00:00+00:00,315.95,303.21
2020-05-14 00:00:00+00:00,309.79,301.53
2020-05-15 00:00:00+00:00,307.9,300.21
2020-05-18 00:00:00+00:00,316.5,310.32
2020-05-19 00:00:00+00:00,318.52,313.01
2020-05-20 00:00:00+00:00,319.52,316.52
2020-05-21 00:00:00+00:00,320.89,315.87
2020-05-22 00:00:00+00:00,319.23,315.35
2020-05-26 00:00:00+00:00,324.24,316.5
2020-05-27 00:00:00+00:00,318.71,313.09
2020-05-28 00:00:00+00:00,323.44,315.63
2020-05-29 00:00:00+00:00,321.15,316.47
2020-06-01 00:00:00+00:00,322.35,317.21
2020-06-02 00:00:00+00:00,323.44,318.93
2020-06-03 00:00:00+00:00,326.2,322.3
2020-06-04 00:00:00+00:00,325.62,320.78
2020-06-05 00:00:00+00:00,331.75,323.23
2020-06-08 00:00:00+00:00,333.6,327.32
2020-06-09 00:00:00+00:00,345.61,332.01
2020-06-10 00:00:00+00:00,354.77,346.09
2020-06-11 00:00:00+00:00,351.06,335.48
2020-06-12 00:00:00+00:00,347.8,334.22
2020-06-15 00:00:00+00:00,345.68,332.58
2020-06-16 00:00:00+00:00,353.2,344.72
2020-06-17 00:00:00+00:00,355.4,351.09
2020-06-18 00:00:00+00:00,353.45,349.22
2020-06-19 00:00:00+00:00,356.56,345.15
2020-06-22 00:00:00+00:00,359.46,351.15
2020-06-23 00:00:00+00:00,372.38,362.27
2020-06-24 00:00:00+00:00,368.79,358.52
2020-06-25 00:00:00+00:00,365.0,357.57
2020-06-26 00:00:00+00:00,365.32,353.02
2020-06-29 00:00:00+00:00,362.1736,351.28
2020-06-30 00:00:00+00:00,365.98,360.0
2020-07-01 00:00:00+00:00,367.36,363.91
2020-07-02 00:00:00+00:00,370.47,363.64
2020-07-06 00:00:00+00:00,375.78,369.87
2020-07-07 00:00:00+00:00,378.62,372.23
2020-07-08 00:00:00+00:00,381.5,376.36
2020-07-09 00:00:00+00:00,385.27,378.69
2020-07-10 00:00:00+00:00,383.92,378.82
2020-07-13 00:00:00+00:00,399.82,381.03
2020-07-14 00:00:00+00:00,389.02,375.51
2020-07-15 00:00:00+00:00,396.99,385.96
2020-07-16 00:00:00+00:00,389.62,383.62
2020-07-17 00:00:00+00:00,388.59,383.36
2020-07-20 00:00:00+00:00,394.0,384.25
2020-07-21 00:00:00+00:00,397.0,386.97
2020-07-22 00:00:00+00:00,391.9,386.41
2020-07-23 00:00:00+00:00,388.31,368.039
2020-07-24 00:00:00+00:00,371.88,356.58
2020-07-27 00:00:00+00:00,379.62,373.92
2020-07-28 00:00:00+00:00,378.1986,372.99
2020-07-29 00:00:00+00:00,380.92,374.85
2020-07-30 00:00:00+00:00,385.19,375.07
2020-07-31 00:00:00+00:00,425.66,403.3
2020-08-03 00:00:00+00:00,446.5457,431.57
2020-08-04 00:00:00+00:00,443.16,433.55
2020-08-05 00:00:00+00:00,441.57,435.59
2020-08-06 00:00:00+00:00,457.65,439.19
2020-08-07 00:00:00+00:00,454.7,441.17
2020-08-10 00:00:00+00:00,455.1,440.0
2020-08-11 00:00:00+00:00,449.93,436.4267
2020-08-12 00:00:00+00:00,453.1,441.19
2020-08-13 00:00:00+00:00,464.17,455.71
2020-08-14 00:00:00+00:00,460.0,452.18
2020-08-17 00:00:00+00:00,464.35,455.8501
2020-08-18 00:00:00+00:00,464.0,456.03
2020-08-19 00:00:00+00:00,468.65,462.44
2020-08-20 00:00:00+00:00,473.568,462.9335
2020-08-21 00:00:00+00:00,499.472,477.0
2020-08-24 00:00:00+00:00,515.14,495.745
2020-08-25 00:00:00+00:00,500.7172,492.21
2020-08-26 00:00:00+00:00,507.97,500.33
2020-08-27 00:00:00+00:00,509.94,495.33
2020-08-28 00:00:00+00:00,505.77,498.31
2020-08-31 00:00:00+00:00,131.0,126.0
2020-09-01 00:00:00+00:00,134.8,130.53
2020-09-02 00:00:00+00:00,137.98,127.0
2020-09-03 00:00:00+00:00,128.84,120.5
2020-09-04 00:00:00+00:00,123.7,110.89
2020-09-08 00:00:00+00:00,118.99,112.68
2020-09-09 00:00:00+00:00,119.14,115.26
2020-09-10 00:00:00+00:00,120.5,112.5
2020-09-11 00:00:00+00:00,115.23,110.0
2020-09-14 00:00:00+00:00,115.93,112.8
2020-09-15 00:00:00+00:00,118.829,113.61
2020-09-16 00:00:00+00:00,116.0,112.04
2020-09-17 00:00:00+00:00,112.2,108.71
2020-09-18 00:00:00+00:00,110.88,106.09
2020-09-21 00:00:00+00:00,110.19,103.1
2020-09-22 00:00:00+00:00,112.86,109.16
2020-09-23 00:00:00+00:00,112.11,106.77
2020-09-24 00:00:00+00:00,110.25,105.0
2020-09-25 00:00:00+00:00,112.44,107.67
2020-09-28 00:00:00+00:00,115.32,112.78
2020-09-29 00:00:00+00:00,115.31,113.57
2020-09-30 00:00:00+00:00,117.26,113.62
2020-10-01 00:00:00+00:00,117.72,115.83
2020-10-02 00:00:00+00:00,115.37,112.22
2020-10-05 00:00:00+00:00,116.65,113.55
2020-10-06 00:00:00+00:00,116.12,112.25
2020-10-07 00:00:00+00:00,115.55,114.13
2020-10-08 00:00:00+00:00,116.4,114.5901
2020-10-09 00:00:00+00:00,117.0,114.92
2020-10-12 00:00:00+00:00,125.18,119.2845
2020-10-13 00:00:00+00:00,125.39,119.65
2020-10-14 00:00:00+00:00,123.03,119.62
2020-10-15 00:00:00+00:00,121.2,118.15
2020-10-16 00:00:00+00:00,121.548,118.81
2020-10-19 00:00:00+00:00,120.419,115.66
2020-10-20 00:00:00+00:00,118.98,115.63
2020-10-21 00:00:00+00:00,118.705,116.45
2020-10-22 00:00:00+00:00,118.04,114.59
2020-10-23 00:00:00+00:00,116.55,114.28
2020-10-26 00:00:00+00:00,116.55,112.88
2020-10-27 00:00:00+00:00,117.28,114.5399
2020-10-28 00:00:00+00:00,115.43,111.1
2020-10-29 00:00:00+00:00,116.93,112.2
2020-10-30 00:00:00+00:00,111.99,107.72
2020-11-02 00:00:00+00:00,110.68,107.32
2020-11-03 00:00:00+00:00,111.49,108.73
2020-11-04 00:00:00+00:00,115.59,112.35
2020-11-05 00:00:00+00:00,119.62,116.8686
2020-11-06 00:00:00+00:00,119.2,116.13
2020-11-09 00:00:00+00:00,121.99,116.05
2020-11-10 00:00:00+00:00,117.59,114.13
2020-11-11 00:00:00+00:00,119.63,116.44
2020-11-12 00:00:00+00:00,120.53,118.57
2020-11-13 00:00:00+00:00,119.6717,117.87
2020-11-16 00:00:00+00:00,120.99,118.146
2020-11-17 00:00:00+00:00,120.6741,118.96
2020-11-18 00:00:00+00:00,119.82,118.0
2020-11-19 00:00:00+00:00,119.06,116.81
2020-11-20 00:00:00+00:00,118.77,117.29
2020-11-23 00:00:00+00:00,117.6202,113.75
2020-11-24 00:00:00+00:00,115.85,112.59
2020-11-25 00:00:00+00:00,116.75,115.17
2020-11-27 00:00:00+00:00,117.49,116.22
2020-11-30 00:00:00+00:00,120.97,116.81
2020-12-01 00:00:00+00:00,123.4693,120.01
2020-12-02 00:00:00+00:00,123.37,120.89
2020-12-03 00:00:00+00:00,123.78,122.21
2020-12-04 00:00:00+00:00,122.8608,121.52
2020-12-07 00:00:00+00:00,124.57,122.25
2020-12-08 00:00:00+00:00,124.98,123.09
2020-12-09 00:00:00+00:00,125.95,121.0
2020-12-10 00:00:00+00:00,123.87,120.15
2020-12-11 00:00:00+00:00,122.76,120.55
2020-12-14 00:00:00+00:00,123.35,121.54
2020-12-15 00:00:00+00:00,127.9,124.13
2020-12-16 00:00:00+00:00,128.37,126.56
2020-12-17 00:00:00+00:00,129.58,128.045
2020-12-18 00:00:00+00:00,129.1,126.12
2020-12-21 00:00:00+00:00,128.31,123.449
2020-12-22 00:00:00+00:00,134.405,129.65
2020-12-23 00:00:00+00:00,132.43,130.78
2020-12-24 00:00:00+00:00,133.46,131.1
2020-12-28 00:00:00+00:00,137.34,133.51
2020-12-29 00:00:00+00:00,138.789,134.3409
2020-12-30 00:00:00+00:00,135.99,133.4
2020-12-31 00:00:00+00:00,134.74,131.72
2021-01-04 00:00:00+00:00,133.6116,126.76
2021-01-05 00:00:00+00:00,131.74,128.43
2021-01-06 00:00:00+00:00,131.0499,126.382
2021-01-07 00:00:00+00:00,131.63,127.86
2021-01-08 00:00:00+00:00,132.63,130.23
2021-01-11 00:00:00+00:00,130.17,128.5
2021-01-12 00:00:00+00:00,129.69,126.86
2021-01-13 00:00:00+00:00,131.45,128.49
2021-01-14 00:00:00+00:00,131.0,128.76
2021-01-15 00:00:00+00:00,130.2242,127.0
2021-01-19 00:00:00+00:00,128.71,126.938
2021-01-20 00:00:00+00:00,132.49,128.55
2021-01-21 00:00:00+00:00,139.67,133.59
2021-01-22 00:00:00+00:00,139.85,135.02
2021-01-25 00:00:00+00:00,145.09,136.54
2021-01-26 00:00:00+00:00,144.3,141.37
2021-01-27 00:00:00+00:00,144.3,140.41
2021-01-28 00:00:00+00:00,141.99,136.7
2021-01-29 00:00:00+00:00,136.74,130.21
2021-02-01 00:00:00+00:00,135.38,130.93
2021-02-02 00:00:00+00:00,136.31,134.61
2021-02-03 00:00:00+00:00,135.77,133.61
2021-02-04 00:00:00+00:00,137.4,134.59
2021-02-05 00:00:00+00:00,137.42,135.86
2021-02-08 00:00:00+00:00,136.96,134.92
2021-02-09 00:00:00+00:00,137.877,135.85
2021-02-10 00:00:00+00:00,136.99,134.4
2021-02-11 00:00:00+00:00,136.39,133.77
2021-02-12 00:00:00+00:00,135.53,133.6921
2021-02-16 00:00:00+00:00,136.01,132.79
2021-02-17 00:00:00+00:00,132.22,129.47
2021-02-18 00:00:00+00:00,129.995,127.41
2021-02-19 00:00:00+00:00,130.71,128.8
2021-02-22 00:00:00+00:00,129.72,125.6
2021-02-23 00:00:00+00:00,126.71,118.39
2021-02-24 00:00:00+00:00,125.56,122.23
2021-02-25 00:00:00+00:00,126.4585,120.54
2021-02-26 00:00:00+00:00,124.85,121.2
2021-03-01 00:00:00+00:00,127.93,122.79
2021-03-02 00:00:00+00:00,128.72,125.01
2021-03-03 00:00:00+00:00,125.71,121.84
2021-03-04 00:00:00+00:00,123.6,118.62
2021-03-05 00:00:00+00:00,121.935,117.57
2021-03-08 00:00:00+00:00,121.0,116.21
2021-03-09 00:00:00+00:00,122.06,118.79
2021-03-10 00:00:00+00:00,122.17,119.45
2021-03-11 00:00:00+00:00,123.21,121.26
2021-03-12 00:00:00+00:00,121.17,119.16
2021-03-15 00:00:00+00:00,124.0,120.42
2021-03-16 00:00:00+00:00,127.22,124.715
2021-03-17 00:00:00+00:00,125.8599,122.336
2021-03-18 00:00:00+00:00,123.18,120.32
2021-03-19 00:00:00+00:00,121.43,119.675
2021-03-22 00:00:00+00:00,123.87,120.26
2021-03-23 00:00:00+00:00,124.24,122.14
2021-03-24 00:00:00+00:00,122.9,120.065
2021-03-25 00:00:00+00:00,121.66,119.0
2021-03-26 00:00:00+00:00,121.48,118.92
2021-03-29 00:00:00+00:00,122.58,120.7299
2021-03-30 00:00:00+00:00,120.4031,118.86
2021-03-31 00:00:00+00:00,123.52,121.15
2021-04-01 00:00:00+00:00,124.18,122.49
2021-04-05 00:00:00+00:00,126.1601,123.07
2021-04-06 00:00:00+00:00,127.13,125.65
2021-04-07 00:00:00+00:00,127.92,125.14
2021-04-08 00:00:00+00:00,130.39,128.52
2021-04-09 00:00:00+00:00,133.04,129.47
2021-04-12 00:00:00+00:00,132.85,130.63
2021-04-13 00:00:00+00:00,134.66,131.93
2021-04-14 00:00:00+00:00,135.0,131.655
2021-04-15 00:00:00+00:00,135.0,133.64
2021-04-16 00:00:00+00:00,134.67,133.28
2021-04-19 00:00:00+00:00,135.47,133.34
2021-04-20 00:00:00+00:00,135.53,131.81
2021-04-21 00:00:00+00:00,133.75,131.3001
2021-04-22 00:00:00+00:00,134.15,131.41
2021-04-23 00:00:00+00:00,135.12,132.16
2021-04-26 00:00:00+00:00,135.06,133.56
2021-04-27 00:00:00+00:00,135.41,134.11
2021-04-28 00:00:00+00:00,135.02,133.08
2021-04-29 00:00:00+00:00,137.07,132.45
2021-04-30 00:00:00+00:00,133.56,131.065
2021-05-03 00:00:00+00:00,134.07,131.83
2021-05-04 00:00:00+00:00,131.4899,126.7
2021-05-05 00:00:00+00:00,130.45,127.97
2021-05-06 00:00:00+00:00,129.75,127.13
2021-05-07 00:00:00+00:00,131.2582,129.475
2021-05-10 00:00:00+00:00,129.54,126.81
2021-05-11 00:00:00+00:00,126.27,122.77
2021-05-12 00:00:00+00:00,124.64,122.25
2021-05-13 00:00:00+00:00,126.15,124.26
2021-05-14 00:00:00+00:00,127.89,125.85
2021-05-17 00:00:00+00:00,126.93,125.17
2021-05-18 00:00:00+00:00,126.99,124.78
2021-05-19 00:00:00+00:00,124.915,122.86
2021-05-20 00:00:00+00:00,127.72,125.1
2021-05-21 00:00:00+00:00,128.0,125.21
2021-05-24 00:00:00+00:00,127.94,125.94
2021-05-25 00:00:00+00:00,128.32,126.32
2021-05-26 00:00:00+00:00,127.39,126.42
2021-05-27 00:00:00+00:00,127.64,125.08
2021-05-28 00:00:00+00:00,125.8,124.55
2021-06-01 00:00:00+00:00,125.35,123.94
2021-06-02 00:00:00+00:00,125.24,124.05
2021-06-03 00:00:00+00:00,124.85,123.13
2021-06-04 00:00:00+00:00,126.16,123.85
2021-06-07 00:00:00+00:00,126.32,124.8321
2021-06-08 00:00:00+00:00,128.46,126.2101
2021-06-09 00:00:00+00:00,127.75,126.52
2021-06-10 00:00:00+00:00,128.19,125.94
2021-06-11 00:00:00+00:00,127.44,126.1
2021-06-14 00:00:00+00:00,130.54,127.07
2021-06-15 00:00:00+00:00,130.6,129.39
2021-06-16 00:00:00+00:00,130.89,128.461
2021-06-17 00:00:00+00:00,132.55,129.65
2021-06-18 00:00:00+00:00,131.51,130.24
2021-06-21 00:00:00+00:00,132.41,129.21
2021-06-22 00:00:00+00:00,134.08,131.62
2021-06-23 00:00:00+00:00,134.32,133.23
2021-06-24 00:00:00+00:00,134.64,132.93
2021-06-25 00:00:00+00:00,133.89,132.81
2021-06-28 00:00:00+00:00,135.245,133.35
2021-06-29 00:00:00+00:00,136.49,134.35
2021-06-30 00:00:00+00:00,137.41,135.87
2021-07-01 00:00:00+00:00,137.33,135.76
2021-07-02 00:00:00+00:00,140.0,137.745
2021-07-06 00:00:00+00:00,143.15,140.07
2021-07-07 00:00:00+00:00,144.89,142.66
2021-07-08 00:00:00+00:00,144.06,140.665
2021-07-09 00:00:00+00:00,145.65,142.6522
2021-07-12 00:00:00+00:00,146.32,144.0
2021-07-13 00:00:00+00:00,147.46,143.63
2021-07-14 00:00:00+00:00,149.57,147.68
2021-07-15 00:00:00+00:00,150.0,147.09
2021-07-16 00:00:00+00:00,149.76,145.88
2021-07-19 00:00:00+00:00,144.07,141.67
2021-07-20 00:00:00+00:00,147.0997,142.96
2021-07-21 00:00:00+00:00,146.13,144.63
2021-07-22 00:00:00+00:00,148.195,145.81
2021-07-23 00:00:00+00:00,148.7177,146.92
2021-07-26 00:00:00+00:00,149.83,147.7
2021-07-27 00:00:00+00:00,149.21,145.55
2021-07-28 00:00:00+00:00,146.97,142.54
2021-07-29 00:00:00+00:00,146.55,144.58
2021-07-30 00:00:00+00:00,146.33,144.11
2021-08-02 00:00:00+00:00,146.95,145.25
2021-08-03 00:00:00+00:00,148.045,145.18
2021-08-04 00:00:00+00:00,147.79,146.28
2021-08-05 00:00:00+00:00,147.84,146.17
2021-08-06 00:00:00+00:00,147.11,145.63
2021-08-09 00:00:00+00:00,146.7,145.52
2021-08-10 00:00:00+00:00,147.71,145.3
2021-08-11 00:00:00+00:00,146.72,145.53
2021-08-12 00:00:00+00:00,149.05,145.84
2021-08-13 00:00:00+00:00,149.4444,148.27
2021-08-16 00:00:00+00:00,151.19,146.47
2021-08-17 00:00:00+00:00,151.68,149.09
2021-08-18 00:00:00+00:00,150.72,146.15
2021-08-19 00:00:00+00:00,148.0,144.5
2021-08-20 00:00:00+00:00,148.5,146.78
2021-08-23 00:00:00+00:00,150.19,147.89
2021-08-24 00:00:00+00:00,150.86,149.15
2021-08-25 00:00:00+00:00,150.32,147.8
2021-08-26 00:00:00+00:00,149.12,147.51
2021-08-27 00:00:00+00:00,148.75,146.83
2021-08-30 00:00:00+00:00,153.49,148.61
2021-08-31 00:00:00+00:00,152.8,151.29
2021-09-01 00:00:00+00:00,154.98,152.34
2021-09-02 00:00:00+00:00,154.72,152.4
2021-09-03 00:00:00+00:00,154.63,153.09
2021-09-07 00:00:00+00:00,157.26,154.39
2021-09-08 00:00:00+00:00,157.04,153.975
2021-09-09 00:00:00+00:00,156.11,153.95
2021-09-10 00:00:00+00:00,155.48,148.7
2021-09-13 00:00:00+00:00,151.42,148.75
2021-09-14 00:00:00+00:00,151.07,146.91
2021-09-15 00:00:00+00:00,149.44,146.37
2021-09-16 00:00:00+00:00,148.97,147.221
2021-09-17 00:00:00+00:00,148.82,145.76
2021-09-20 00:00:00+00:00,144.84,141.27
2021-09-21 00:00:00+00:00,144.6,142.78
2021-09-22 00:00:00+00:00,146.43,143.7001
2021-09-23 00:00:00+00:00,147.08,145.64
2021-09-24 00:00:00+00:00,147.4701,145.56
2021-09-27 00:00:00+00:00,145.96,143.82
2021-09-28 00:00:00+00:00,144.75,141.69
2021-09-29 00:00:00+00:00,144.45,142.03
2021-09-30 00:00:00+00:00,144.378,141.28
2021-10-01 00:00:00+00:00,142.92,139.1101
2021-10-04 00:00:00+00:00,142.21,138.27
2021-10-05 00:00:00+00:00,142.24,139.36
2021-10-06 00:00:00+00:00,142.15,138.37
2021-10-07 00:00:00+00:00,144.215,142.72
2021-10-08 00:00:00+00:00,144.1781,142.56
2021-10-11 00:00:00+00:00,144.81,141.81
2021-10-12 00:00:00+00:00,143.25,141.0401
2021-10-13 00:00:00+00:00,141.4,139.2
2021-10-14 00:00:00+00:00,143.88,141.51
2021-10-15 00:00:00+00:00,144.895,143.51
2021-10-18 00:00:00+00:00,146.84,143.16
2021-10-19 00:00:00+00:00,149.17,146.55
2021-10-20 00:00:00+00:00,149.7539,148.12
2021-10-21 00:00:00+00:00,149.64,147.87
2021-10-22 00:00:00+00:00,150.18,148.64
2021-10-25 00:00:00+00:00,149.37,147.6211
2021-10-26 00:00:00+00:00,150.84,149.0101
2021-10-27 00:00:00+00:00,149.73,148.49
2021-10-28 00:00:00+00:00,153.165,149.72
2021-10-29 00:00:00+00:00,149.94,146.4128
2021-11-01 00:00:00+00:00,149.7,147.8
2021-11-02 00:00:00+00:00,151.57,148.65
2021-11-03 00:00:00+00:00,151.97,149.82
2021-11-04 00:00:00+00:00,152.43,150.64
2021-11-05 00:00:00+00:00,152.2,150.06
2021-11-08 00:00:00+00:00,151.57,150.16
2021-11-09 00:00:00+00:00,151.428,150.0601
2021-11-10 00:00:00+00:00,150.13,147.85
2021-11-11 00:00:00+00:00,149.43,147.681
2021-11-12 00:00:00+00:00,150.4,147.48
2021-11-15 00:00:00+00:00,151.88,149.43
2021-11-16 00:00:00+00:00,151.488,149.34
2021-11-17 00:00:00+00:00,155.0,150.99
2021-11-18 00:00:00+00:00,158.67,153.05
2021-11-19 00:00:00+00:00,161.02,156.5328
2021-11-22 00:00:00+00:00,165.7,161.0
2021-11-23 00:00:00+00:00,161.8,159.0601
2021-11-24 00:00:00+00:00,162.14,159.64
2021-11-26 00:00:00+00:00,160.45,156.36
2021-11-29 00:00:00+00:00,161.19,158.7901
2021-11-30 00:00:00+00:00,165.52,159.92
2021-12-01 00:00:00+00:00,170.3,164.53
2021-12-02 00:00:00+00:00,164.2,157.8
2021-12-03 00:00:00+00:00,164.96,159.72
2021-12-06 00:00:00+00:00,167.8799,164.28
2021-12-07 00:00:00+00:00,171.58,168.34
2021-12-08 00:00:00+00:00,175.96,170.7
2021-12-09 00:00:00+00:00,176.75,173.92
2021-12-10 00:00:00+00:00,179.63,174.69
2021-12-13 00:00:00+00:00,182.13,175.53
2021-12-14 00:00:00+00:00,177.74,172.21
2021-12-15 00:00:00+00:00,179.5,172.3108
2021-12-16 00:00:00+00:00,181.14,170.75
2021-12-17 00:00:00+00:00,173.47,169.69
2021-12-20 00:00:00+00:00,170.58,167.46
2021-12-21 00:00:00+00:00,173.2,169.12
2021-12-22 00:00:00+00:00,175.86,172.15
2021-12-23 00:00:00+00:00,176.8499,175.27
2021-12-27 00:00:00+00:00,180.42,177.07
2021-12-28 00:00:00+00:00,181.33,178.53
2021-12-29 00:00:00+00:00,180.63,178.14
2021-12-30 00:00:00+00:00,180.57,178.09
2021-12-31 00:00:00+00:00,179.23,177.26
2022-01-03 00:00:00+00:00,182.88,177.71
2022-01-04 00:00:00+00:00,182.94,179.12
2022-01-05 00:00:00+00:00,180.17,174.64
2022-01-06 00:00:00+00:00,175.3,171.64
2022-01-07 00:00:00+00:00,174.14,171.03
2022-01-10 00:00:00+00:00,172.5,168.17
2022-01-11 00:00:00+00:00,175.18,170.82
2022-01-12 00:00:00+00:00,177.18,174.82
2022-01-13 00:00:00+00:00,176.62,171.79
2022-01-14 00:00:00+00:00,173.78,171.09
2022-01-18 00:00:00+00:00,172.54,169.405
2022-01-19 00:00:00+00:00,171.08,165.94
2022-01-20 00:00:00+00:00,169.68,164.18
2022-01-21 00:00:00+00:00,166.33,162.3
2022-01-24 00:00:00+00:00,162.3,154.7
2022-01-25 00:00:00+00:00,162.76,157.02
2022-01-26 00:00:00+00:00,164.3894,157.82
2022-01-27 00:00:00+00:00,163.84,158.28
2022-01-28 00:00:00+00:00,170.35,162.8
2022-01-31 00:00:00+00:00,175.0,169.51
2022-02-01 00:00:00+00:00,174.84,172.31
2022-02-02 00:00:00+00:00,175.88,173.33
2022-02-03 00:00:00+00:00,176.2399,172.12
2022-02-04 00:00:00+00:00,174.1,170.68
2022-02-07 00:00:00+00:00,173.9458,170.95
2022-02-08 00:00:00+00:00,175.35,171.43
2022-02-09 00:00:00+00:00,176.65,174.9
2022-02-10 00:00:00+00:00,175.48,171.55
2022-02-11 00:00:00+00:00,173.08,168.04
2022-02-14 00:00:00+00:00,169.58,166.56
2022-02-15 00:00:00+00:00,172.95,170.25
2022-02-16 00:00:00+00:00,173.34,170.05
2022-02-17 00:00:00+00:00,171.91,168.47
2022-02-18 00:00:00+00:00,170.5413,166.19
2022-02-22 00:00:00+00:00,166.69,162.15
2022-02-23 00:00:00+00:00,166.15,159.75
2022-02-24 00:00:00+00:00,162.85,152.0
2022-02-25 00:00:00+00:00,165.12,160.8738
2022-02-28 00:00:00+00:00,165.42,162.43
2022-03-01 00:00:00+00:00,166.6,161.97
2022-03-02 00:00:00+00:00,167.36,162.95
2022-03-03 00:00:00+00:00,168.91,165.55
2022-03-04 00:00:00+00:00,165.55,162.1
2022-03-07 00:00:00+00:00,165.02,159.04
2022-03-08 00:00:00+00:00,162.88,155.8
2022-03-09 00:00:00+00:00,163.41,159.41
2022-03-10 00:00:00+00:00,160.39,155.98
2022-03-11 00:00:00+00:00,159.28,154.5
2022-03-14 00:00:00+00:00,154.12,150.1
2022-03-15 00:00:00+00:00,155.57,150.38
2022-03-16 00:00:00+00:00,160.0,154.46
2022-03-17 00:00:00+00:00,161.0,157.63
2022-03-18 00:00:00+00:00,164.48,159.76
2022-03-21 00:00:00+00:00,166.35,163.015
2022-03-22 00:00:00+00:00,169.42,164.91
2022-03-23 00:00:00+00:00,172.64,167.65
2022-03-24 00:00:00+00:00,174.14,170.21
2022-03-25 00:00:00+00:00,175.28,172.75
2022-03-28 00:00:00+00:00,175.73,172.0
2022-03-29 00:00:00+00:00,179.01,176.34
2022-03-30 00:00:00+00:00,179.61,176.7
2022-03-31 00:00:00+00:00,178.03,174.4
2022-04-01 00:00:00+00:00,174.88,171.94
2022-04-04 00:00:00+00:00,178.49,174.44
2022-04-05 00:00:00+00:00,178.3,174.415
2022-04-06 00:00:00+00:00,173.63,170.13
2022-04-07 00:00:00+00:00,173.36,169.85
2022-04-08 00:00:00+00:00,171.78,169.2
2022-04-11 00:00:00+00:00,169.03,165.5
2022-04-12 00:00:00+00:00,169.87,166.64
2022-04-13 00:00:00+00:00,171.04,166.77
2022-04-14 00:00:00+00:00,171.27,165.04
2022-04-18 00:00:00+00:00,166.5984,163.57
2022-04-19 00:00:00+00:00,167.82,163.91
2022-04-20 00:00:00+00:00,168.88,166.1
2022-04-21 00:00:00+00:00,171.53,165.91
2022-04-22 00:00:00+00:00,167.8699,161.5
2022-04-25 00:00:00+00:00,163.17,158.46
2022-04-26 00:00:00+00:00,162.34,156.72
2022-04-27 00:00:00+00:00,159.79,155.38
2022-04-28 00:00:00+00:00,164.515,158.93
2022-04-29 00:00:00+00:00,166.2,157.25
2022-05-02 00:00:00+00:00,158.23,153.27
2022-05-03 00:00:00+00:00,160.71,156.32
2022-05-04 00:00:00+00:00,166.48,159.26
2022-05-05 00:00:00+00:00,164.08,154.95
2022-05-06 00:00:00+00:00,159.44,154.18
2022-05-09 00:00:00+00:00,155.83,151.49
2022-05-10 00:00:00+00:00,156.74,152.93
2022-05-11 00:00:00+00:00,155.45,145.81
2022-05-12 00:00:00+00:00,146.2,138.8
2022-05-13 00:00:00+00:00,148.105,143.11
2022-05-16 00:00:00+00:00,147.5199,144.18
2022-05-17 00:00:00+00:00,149.77,146.68
2022-05-18 00:00:00+00:00,147.3601,139.9
2022-05-19 00:00:00+00:00,141.66,136.6
2022-05-20 00:00:00+00:00,140.7,132.61
2022-05-23 00:00:00+00:00,143.26,137.65
2022-05-24 00:00:00+00:00,141.97,137.33
2022-05-25 00:00:00+00:00,141.785,138.34
2022-05-26 00:00:00+00:00,144.34,137.14
2022-05-27 00:00:00+00:00,149.68,145.26
2022-05-31 00:00:00+00:00,150.66,146.84
2022-06-01 00:00:00+00:00,151.74,147.68
2022-06-02 00:00:00+00:00,151.27,146.86
2022-06-03 00:00:00+00:00,147.97,144.46
2022-06-06 00:00:00+00:00,148.5689,144.9
2022-06-07 00:00:00+00:00,149.0,144.1
2022-06-08 00:00:00+00:00,149.8697,147.46
2022-06-09 00:00:00+00:00,147.95,142.53
2022-06-10 00:00:00+00:00,140.76,137.06
2022-06-13 00:00:00+00:00,135.2,131.44
2022-06-14 00:00:00+00:00,133.89,131.48
2022-06-15 00:00:00+00:00,137.34,132.16
2022-06-16 00:00:00+00:00,132.39,129.04
2022-06-17 00:00:00+00:00,133.079,129.81
2022-06-21 00:00:00+00:00,137.06,133.32
2022-06-22 00:00:00+00:00,137.76,133.91
2022-06-23 00:00:00+00:00,138.59,135.63
2022-06-24 00:00:00+00:00,141.91,139.77
2022-06-27 00:00:00+00:00,143.49,140.965
2022-06-28 00:00:00+00:00,143.422,137.325
2022-06-29 00:00:00+00:00,140.67,136.67
2022-06-30 00:00:00+00:00,138.37,133.7737
2022-07-01 00:00:00+00:00,139.04,135.66
2022-07-05 00:00:00+00:00,141.61,136.93
2022-07-06 00:00:00+00:00,144.12,141.08
2022-07-07 00:00:00+00:00,146.55,143.28
2022-07-08 00:00:00+00:00,147.55,145.0
2022-07-11 00:00:00+00:00,146.64,143.78
2022-07-12 00:00:00+00:00,148.45,145.05
2022-07-13 00:00:00+00:00,146.45,142.1201
2022-07-14 00:00:00+00:00,148.95,143.25
2022-07-15 00:00:00+00:00,150.86,148.2
2022-07-18 00:00:00+00:00,151.57,146.7
2022-07-19 00:00:00+00:00,151.23,146.91
2022-07-20 00:00:00+00:00,153.72,150.37
2022-07-21 00:00:00+00:00,155.57,151.94
2022-07-22 00:00:00+00:00,156.28,153.41
2022-07-25 00:00:00+00:00,155.04,152.28
2022-07-26 00:00:00+00:00,153.085,150.8
2022-07-27 00:00:00+00:00,157.33,152.16
2022-07-28 00:00:00+00:00,157.64,154.41
2022-07-29 00:00:00+00:00,163.63,159.5
2022-08-01 00:00:00+00:00,163.59,160.89
2022-08-02 00:00:00+00:00,162.41,159.63
2022-08-03 00:00:00+00:00,166.59,160.75
2022-08-04 00:00:00+00:00,167.19,164.43
2022-08-05 00:00:00+00:00,165.85,163.0
2022-08-08 00:00:00+00:00,167.81,164.2
2022-08-09 00:00:00+00:00,165.82,163.25
2022-08-10 00:00:00+00:00,169.34,166.9
2022-08-11 00:00:00+00:00,170.99,168.19
2022-08-12 00:00:00+00:00,172.17,169.4
2022-08-15 00:00:00+00:00,173.39,171.345
2022-08-16 00:00:00+00:00,173.71,171.6618
2022-08-17 00:00:00+00:00,176.15,172.57
2022-08-18 00:00:00+00:00,174.9,173.12
2022-08-19 00:00:00+00:00,173.74,171.3101
2022-08-22 00:00:00+00:00,169.86,167.135
2022-08-23 00:00:00+00:00,168.71,166.65
2022-08-24 00:00:00+00:00,168.11,166.245
2022-08-25 00:00:00+00:00,170.14,168.35
2022-08-26 00:00:00+00:00,171.05,163.56
2022-08-29 00:00:00+00:00,162.9,159.82
2022-08-30 00:00:00+00:00,162.56,157.72
2022-08-31 00:00:00+00:00,160.58,157.14
2022-09-01 00:00:00+00:00,158.42,154.67
2022-09-02 00:00:00+00:00,160.362,154.965
2022-09-06 00:00:00+00:00,157.09,153.69
2022-09-07 00:00:00+00:00,156.67,153.61
2022-09-08 00:00:00+00:00,156.36,152.68
2022-09-09 00:00:00+00:00,157.82,154.75
2022-09-12 00:00:00+00:00,164.26,159.3
2022-09-13 00:00:00+00:00,160.54,153.37
2022-09-14 00:00:00+00:00,157.1,153.6106
2022-09-15 00:00:00+00:00,155.24,151.38
2022-09-16 00:00:00+00:00,151.35,148.37
2022-09-19 00:00:00+00:00,154.56,149.1
2022-09-20 00:00:00+00:00,158.08,153.08
2022-09-21 00:00:00+00:00,158.74,153.6
2022-09-22 00:00:00+00:00,154.47,150.91
2022-09-23 00:00:00+00:00,151.47,148.56
2022-09-26 00:00:00+00:00,153.7701,149.64
2022-09-27 00:00:00+00:00,154.72,149.945
2022-09-28 00:00:00+00:00,150.6414,144.84
2022-09-29 00:00:00+00:00,146.72,140.68
2022-09-30 00:00:00+00:00,143.1,138.0
2022-10-03 00:00:00+00:00,143.07,137.685
2022-10-04 00:00:00+00:00,146.22,144.26
2022-10-05 00:00:00+00:00,147.38,143.01
2022-10-06 00:00:00+00:00,147.54,145.22
2022-10-07 00:00:00+00:00,143.1,139.445
2022-10-10 00:00:00+00:00,141.89,138.5729
2022-10-11 00:00:00+00:00,141.35,138.22
2022-10-12 00:00:00+00:00,140.36,138.16
2022-10-13 00:00:00+00:00,143.59,134.37
2022-10-14 00:00:00+00:00,144.52,138.19
2022-10-17 00:00:00+00:00,142.9,140.27
2022-10-18 00:00:00+00:00,146.7,140.61
2022-10-19 00:00:00+00:00,144.9492,141.5
2022-10-20 00:00:00+00:00,145.89,142.65
2022-10-21 00:00:00+00:00,147.8479,142.649
2022-10-24 00:00:00+00:00,150.23,146.0
2022-10-25 00:00:00+00:00,152.49,149.36
2022-10-26 00:00:00+00:00,151.99,148.04
2022-10-27 00:00:00+00:00,149.046,144.13
2022-10-28 00:00:00+00:00,157.5,147.82
2022-10-31 00:00:00+00:00,154.24,151.92
2022-11-01 00:00:00+00:00,155.45,149.13
2022-11-02 00:00:00+00:00,152.17,145.0
2022-11-03 00:00:00+00:00,142.8,138.75
2022-11-04 00:00:00+00:00,142.67,134.38
2022-11-07 00:00:00+00:00,139.145,135.671
2022-11-08 00:00:00+00:00,141.43,137.49
2022-11-09 00:00:00+00:00,138.55,134.5933
2022-11-10 00:00:00+00:00,146.87,139.5
2022-11-11 00:00:00+00:00,150.01,144.37
2022-11-14 00:00:00+00:00,150.28,147.43
2022-11-15 00:00:00+00:00,153.59,148.5613
2022-11-16 00:00:00+00:00,149.87,147.29
2022-11-17 00:00:00+00:00,151.48,146.15
2022-11-18 00:00:00+00:00,152.7,149.97
2022-11-21 00:00:00+00:00,150.37,147.715
2022-11-22 00:00:00+00:00,150.42,146.925
2022-11-23 00:00:00+00:00,151.83,149.34
2022-11-25 00:00:00+00:00,148.88,147.12
2022-11-28 00:00:00+00:00,146.64,143.38
2022-11-29 00:00:00+00:00,144.81,140.355
2022-11-30 00:00:00+00:00,148.72,140.55
2022-12-01 00:00:00+00:00,149.13,146.61
2022-12-02 00:00:00+00:00,148.0,145.65
2022-12-05 00:00:00+00:00,150.9199,145.77
2022-12-06 00:00:00+00:00,147.3,141.92
2022-12-07 00:00:00+00:00,143.37,140.0
2022-12-08 00:00:00+00:00,143.52,141.1
2022-12-09 00:00:00+00:00,145.57,140.9
2022-12-12 00:00:00+00:00,144.5,141.06
2022-12-13 00:00:00+00:00,149.9692,144.24
2022-12-14 00:00:00+00:00,146.655,141.16
2022-12-15 00:00:00+00:00,141.8,136.025
2022-12-16 00:00:00+00:00,137.65,133.73
2022-12-19 00:00:00+00:00,135.2,131.32
2022-12-20 00:00:00+00:00,133.25,129.89
2022-12-21 00:00:00+00:00,136.81,132.75
2022-12-22 00:00:00+00:00,134.56,130.3
2022-12-23 00:00:00+00:00,132.415,129.64
2022-12-27 00:00:00+00:00,131.41,128.72
2022-12-28 00:00:00+00:00,131.0275,125.87
2022-12-29 00:00:00+00:00,130.4814,127.73
2022-12-30 00:00:00+00:00,129.95,127.43
2023-01-03 00:00:00+00:00,130.9,124.17
2023-01-04 00:00:00+00:00,128.6557,125.08
2023-01-05 00:00:00+00:00,127.77,124.76
2023-01-06 00:00:00+00:00,130.29,124.89
2023-01-09 00:00:00+00:00,133.41,129.89
2023-01-10 00:00:00+00:00,131.2636,128.12
2023-01-11 00:00:00+00:00,133.51,130.46
2023-01-12 00:00:00+00:00,134.26,131.44
2023-01-13 00:00:00+00:00,134.92,131.66
2023-01-17 00:00:00+00:00,137.29,134.13
2023-01-18 00:00:00+00:00,138.61,135.03
2023-01-19 00:00:00+00:00,136.25,133.77
2023-01-20 00:00:00+00:00,138.02,134.22
2023-01-23 00:00:00+00:00,143.315,137.9
2023-01-24 00:00:00+00:00,143.16,140.3
2023-01-25 00:00:00+00:00,142.43,138.81
2023-01-26 00:00:00+00:00,144.25,141.9
2023-01-27 00:00:00+00:00,147.23,143.08
2023-01-30 00:00:00+00:00,145.55,142.85
2023-01-31 00:00:00+00:00,144.34,142.28
2023-02-01 00:00:00+00:00,146.61,141.32
2023-02-02 00:00:00+00:00,151.18,148.17
2023-02-03 00:00:00+00:00,157.38,147.83
2023-02-06 00:00:00+00:00,153.1,150.78
2023-02-07 00:00:00+00:00,155.23,150.64
2023-02-08 00:00:00+00:00,154.58,151.168
2023-02-09 00:00:00+00:00,154.33,150.42
2023-02-10 00:00:00+00:00,151.3401,149.22
2023-02-13 00:00:00+00:00,154.26,150.92
2023-02-14 00:00:00+00:00,153.77,150.86
2023-02-15 00:00:00+00:00,155.5,152.88
2023-02-16 00:00:00+00:00,156.33,153.3475
2023-02-17 00:00:00+00:00,153.0,150.85
2023-02-21 00:00:00+00:00,151.3,148.405
2023-02-22 00:00:00+00:00,149.95,147.16
2023-02-23 00:00:00+00:00,150.34,147.24
2023-02-24 00:00:00+00:00,147.19,145.7202
2023-02-27 00:00:00+00:00,149.17,147.45
2023-02-28 00:00:00+00:00,149.08,146.83
2023-03-01 00:00:00+00:00,147.2285,145.01
2023-03-02 00:00:00+00:00,146.71,143.9
2023-03-03 00:00:00+00:00,151.11,147.33
2023-03-06 00:00:00+00:00,156.3,153.46
2023-03-07 00:00:00+00:00,154.0299,151.13
2023-03-08 00:00:00+00:00,153.47,151.83
2023-03-09 00:00:00+00:00,154.535,150.225
2023-03-10 00:00:00+00:00,150.94,147.6096
2023-03-13 00:00:00+00:00,153.14,147.7
2023-03-14 00:00:00+00:00,153.4,150.1
2023-03-15 00:00:00+00:00,153.245,149.92
2023-03-16 00:00:00+00:00,156.46,151.64
2023-03-17 00:00:00+00:00,156.74,154.28
2023-03-20 00:00:00+00:00,157.82,154.15
2023-03-21 00:00:00+00:00,159.4,156.54
2023-03-22 00:00:00+00:00,162.14,157.81
2023-03-23 00:00:00+00:00,161.5501,157.68
2023-03-24 00:00:00+00:00,160.34,157.85
2023-03-27 00:00:00+00:00,160.77,157.87
2023-03-28 00:00:00+00:00,158.49,155.98
2023-03-29 00:00:00+00:00,161.05,159.35
2023-03-30 00:00:00+00:00,162.47,161.271
2023-03-31 00:00:00+00:00,165.0,161.91
2023-04-03 00:00:00+00:00,166.29,164.22
2023-04-04 00:00:00+00:00,166.84,165.11
2023-04-05 00:00:00+00:00,165.05,161.8
2023-04-06 00:00:00+00:00,164.9584,162.0
2023-04-10 00:00:00+00:00,162.03,160.08
2023-04-11 00:00:00+00:00,162.36,160.51
2023-04-12 00:00:00+00:00,162.06,159.78
2023-04-13 00:00:00+00:00,165.8,161.42
2023-04-14 00:00:00+00:00,166.32,163.82
2023-04-17 00:00:00+00:00,165.39,164.03
2023-04-18 00:00:00+00:00,167.41,165.65
2023-04-19 00:00:00+00:00,168.16,165.54
2023-04-20 00:00:00+00:00,167.87,165.56
2023-04-21 00:00:00+00:00,166.4521,164.49
2023-04-24 00:00:00+00:00,165.6,163.89
2023-04-25 00:00:00+00:00,166.305,163.73
2023-04-26 00:00:00+00:00,165.28,162.8
2023-04-27 00:00:00+00:00,168.56,165.19
2023-04-28 00:00:00+00:00,169.85,167.8801
2023-05-01 00:00:00+00:00,170.45,168.64
2023-05-02 00:00:00+00:00,170.35,167.54
2023-05-03 00:00:00+00:00,170.92,167.16
2023-05-04 00:00:00+00:00,167.04,164.31
2023-05-05 00:00:00+00:00,174.3,170.76
2023-05-08 00:00:00+00:00,173.85,172.11
2023-05-09 00:00:00+00:00,173.54,171.6
2023-05-10 00:00:00+00:00,174.03,171.9
2023-05-11 00:00:00+00:00,174.59,172.17
2023-05-12 00:00:00+00:00,174.06,171.0
2023-05-15 00:00:00+00:00,173.21,171.47
2023-05-16 00:00:00+00:00,173.1383,171.7991
2023-05-17 00:00:00+00:00,172.925,170.4201
2023-05-18 00:00:00+00:00,175.24,172.58
2023-05-19 00:00:00+00:00,176.39,174.94
2023-05-22 00:00:00+00:00,174.71,173.45
2023-05-23 00:00:00+00:00,173.3794,171.275
2023-05-24 00:00:00+00:00,172.4183,170.52
2023-05-25 00:00:00+00:00,173.895,171.69
2023-05-26 00:00:00+00:00,175.77,173.11
2023-05-30 00:00:00+00:00,178.99,176.57
2023-05-31 00:00:00+00:00,179.35,176.76
2023-06-01 00:00:00+00:00,180.12,176.9306
2023-06-02 00:00:00+00:00,181.78,179.26
2023-06-05 00:00:00+00:00,184.951,178.035
2023-06-06 00:00:00+00:00,180.12,177.43
2023-06-07 00:00:00+00:00,181.21,177.32
2023-06-08 00:00:00+00:00,180.84,177.46
2023-06-09 00:00:00+00:00,182.23,180.63
2023-06-12 00:00:00+00:00,183.89,180.97
2023-06-13 00:00:00+00:00,184.15,182.44
2023-06-14 00:00:00+00:00,184.39,182.02
2023-06-15 00:00:00+00:00,186.52,183.78
2023-06-16 00:00:00+00:00,186.99,184.27
2023-06-20 00:00:00+00:00,186.1,184.41
2023-06-21 00:00:00+00:00,185.41,182.5901
2023-06-22 00:00:00+00:00,187.045,183.67
2023-06-23 00:00:00+00:00,187.56,185.01
2023-06-26 00:00:00+00:00,188.05,185.23
2023-06-27 00:00:00+00:00,188.39,185.67
2023-06-28 00:00:00+00:00,189.9,187.6
2023-06-29 00:00:00+00:00,190.07,188.94
2023-06-30 00:00:00+00:00,194.48,191.26
2023-07-03 00:00:00+00:00,193.88,191.76
2023-07-05 00:00:00+00:00,192.98,190.62
2023-07-06 00:00:00+00:00,192.02,189.2
2023-07-07 00:00:00+00:00,192.67,190.24
2023-07-10 00:00:00+00:00,189.99,187.035
2023-07-11 00:00:00+00:00,189.3,186.6
2023-07-12 00:00:00+00:00,191.7,188.47
2023-07-13 00:00:00+00:00,191.19,189.78
2023-07-14 00:00:00+00:00,191.1799,189.63
2023-07-17 00:00:00+00:00,194.32,191.81
2023-07-18 00:00:00+00:00,194.33,192.415
2023-07-19 00:00:00+00:00,198.23,192.65
2023-07-20 00:00:00+00:00,196.47,192.495
2023-07-21 00:00:00+00:00,194.97,191.23
2023-07-24 00:00:00+00:00,194.91,192.25
2023-07-25 00:00:00+00:00,194.44,192.915
2023-07-26 00:00:00+00:00,195.64,193.32
2023-07-27 00:00:00+00:00,197.2,192.55
2023-07-28 00:00:00+00:00,196.626,194.14
2023-07-31 00:00:00+00:00,196.49,195.26
2023-08-01 00:00:00+00:00,196.73,195.28
2023-08-02 00:00:00+00:00,195.18,191.8507
2023-08-03 00:00:00+00:00,192.37,190.69
2023-08-04 00:00:00+00:00,187.38,181.92
2023-08-07 00:00:00+00:00,183.13,177.35
2023-08-08 00:00:00+00:00,180.27,177.58
2023-08-09 00:00:00+00:00,180.93,177.01
2023-08-10 00:00:00+00:00,180.75,177.6
2023-08-11 00:00:00+00:00,178.62,176.55
2023-08-14 00:00:00+00:00,179.69,177.305
2023-08-15 00:00:00+00:00,179.48,177.05
2023-08-16 00:00:00+00:00,178.54,176.5
2023-08-17 00:00:00+00:00,177.5054,173.48
2023-08-18 00:00:00+00:00,175.1,171.96
2023-08-21 00:00:00+00:00,176.13,173.735
2023-08-22 00:00:00+00:00,177.68,176.25
2023-08-23 00:00:00+00:00,181.55,178.325
2023-08-24 00:00:00+00:00,181.104,176.01
2023-08-25 00:00:00+00:00,179.15,175.82
2023-08-28 00:00:00+00:00,180.59,178.545
2023-08-29 00:00:00+00:00,184.9,179.5
2023-08-30 00:00:00+00:00,187.85,184.74
2023-08-31 00:00:00+00:00,189.12,187.48
2023-09-01 00:00:00+00:00,189.92,188.28
2023-09-05 00:00:00+00:00,189.98,187.61
2023-09-06 00:00:00+00:00,188.85,181.47
2023-09-07 00:00:00+00:00,178.21,173.54
2023-09-08 00:00:00+00:00,180.239,177.79
2023-09-11 00:00:00+00:00,180.3,177.34
2023-09-12 00:00:00+00:00,180.13,174.82
2023-09-13 00:00:00+00:00,177.3,173.98
2023-09-14 00:00:00+00:00,176.1,173.58
2023-09-15 00:00:00+00:00,176.495,173.82
2023-09-18 00:00:00+00:00,179.38,176.17
2023-09-19 00:00:00+00:00,179.63,177.13
2023-09-20 00:00:00+00:00,179.695,175.4
2023-09-21 00:00:00+00:00,176.3,173.86
2023-09-22 00:00:00+00:00,177.079,174.05
2023-09-25 00:00:00+00:00,176.97,174.15
2023-09-26 00:00:00+00:00,175.2,171.66
2023-09-27 00:00:00+00:00,173.04,169.05
2023-09-28 00:00:00+00:00,172.03,167.62
2023-09-29 00:00:00+00:00,173.07,170.341
2023-10-02 00:00:00+00:00,174.3,170.93
2023-10-03 00:00:00+00:00,173.63,170.82
2023-10-04 00:00:00+00:00,174.21,170.97
2023-10-05 00:00:00+00:00,175.45,172.68
2023-10-06 00:00:00+00:00,177.99,173.18
2023-10-09 00:00:00+00:00,179.05,175.8
2023-10-10 00:00:00+00:00,179.72,177.95
2023-10-11 00:00:00+00:00,179.85,177.6
2023-10-12 00:00:00+00:00,182.34,179.04
2023-10-13 00:00:00+00:00,181.93,178.14
2023-10-16 00:00:00+00:00,179.075,176.51
2023-10-17 00:00:00+00:00,178.42,174.8
2023-10-18 00:00:00+00:00,177.575,175.11
2023-10-19 00:00:00+00:00,177.84,175.19
2023-10-20 00:00:00+00:00,175.42,172.64
2023-10-23 00:00:00+00:00,174.01,169.93
2023-10-24 00:00:00+00:00,173.67,171.45
2023-10-25 00:00:00+00:00,173.06,170.65
2023-10-26 00:00:00+00:00,171.3775,165.67
2023-10-27 00:00:00+00:00,168.96,166.83
2023-10-30 00:00:00+00:00,171.17,168.87
2023-10-31 00:00:00+00:00,170.9,167.9
2023-11-01 00:00:00+00:00,174.23,170.12
2023-11-02 00:00:00+00:00,177.78,175.46
2023-11-03 00:00:00+00:00,176.82,173.35
2023-11-06 00:00:00+00:00,179.43,176.21
2023-11-07 00:00:00+00:00,182.44,178.97
2023-11-08 00:00:00+00:00,183.45,181.59
2023-11-09 00:00:00+00:00,184.12,181.81
2023-11-10 00:00:00+00:00,186.565,183.53
2023-11-13 00:00:00+00:00,186.03,184.21
2023-11-14 00:00:00+00:00,188.11,186.3
2023-11-15 00:00:00+00:00,189.5,187.78
2023-11-16 00:00:00+00:00,190.96,188.65
2023-11-17 00:00:00+00:00,190.38,188.57
2023-11-20 00:00:00+00:00,191.905,189.88
2023-11-21 00:00:00+00:00,191.52,189.74
2023-11-22 00:00:00+00:00,192.93,190.825
2023-11-24 00:00:00+00:00,190.9,189.25
2023-11-27 00:00:00+00:00,190.67,188.9
2023-11-28 00:00:00+00:00,191.08,189.4
2023-11-29 00:00:00+00:00,192.09,188.97
2023-11-30 00:00:00+00:00,190.32,188.19
2023-12-01 00:00:00+00:00,191.56,189.23
2023-12-04 00:00:00+00:00,190.05,187.4511
2023-12-05 00:00:00+00:00,194.4,190.18
2023-12-06 00:00:00+00:00,194.76,192.11
2023-12-07 00:00:00+00:00,195.0,193.59
2023-12-08 00:00:00+00:00,195.99,193.67
2023-12-11 00:00:00+00:00,193.49,191.42
2023-12-12 00:00:00+00:00,194.72,191.721
2023-12-13 00:00:00+00:00,198.0,194.85
2023-12-14 00:00:00+00:00,199.62,196.16
2023-12-15 00:00:00+00:00,198.3999,197.0
2023-12-18 00:00:00+00:00,196.63,194.39
2023-12-19 00:00:00+00:00,196.95,195.89
2023-12-20 00:00:00+00:00,197.68,194.83
2023-12-21 00:00:00+00:00,197.08,193.5
2023-12-22 00:00:00+00:00,195.41,192.97
2023-12-26 00:00:00+00:00,193.89,192.83
2023-12-27 00:00:00+00:00,193.5,191.09
2023-12-28 00:00:00+00:00,194.66,193.17
2023-12-29 00:00:00+00:00,194.4,191.725
2024-01-02 00:00:00+00:00,188.44,183.885
2024-01-03 00:00:00+00:00,185.88,183.43
2024-01-04 00:00:00+00:00,183.0872,180.88
2024-01-05 00:00:00+00:00,182.76,180.17
2024-01-08 00:00:00+00:00,185.6,181.5
2024-01-09 00:00:00+00:00,185.15,182.73
2024-01-10 00:00:00+00:00,186.4,183.92
2024-01-11 00:00:00+00:00,187.05,183.62
2024-01-12 00:00:00+00:00,186.74,185.19
2024-01-16 00:00:00+00:00,184.26,180.934
2024-01-17 00:00:00+00:00,182.93,180.3
2024-01-18 00:00:00+00:00,189.14,185.83
2024-01-19 00:00:00+00:00,191.95,188.82
2024-01-22 00:00:00+00:00,195.33,192.26
2024-01-23 00:00:00+00:00,195.75,193.8299
2024-01-24 00:00:00+00:00,196.38,194.34
2024-01-25 00:00:00+00:00,196.2675,193.1125
2024-01-26 00:00:00+00:00,194.76,191.94
2024-01-29 00:00:00+00:00,192.2,189.58
2024-01-30 00:00:00+00:00,191.8,187.47
2024-01-31 00:00:00+00:00,187.095,184.35
2024-02-01 00:00:00+00:00,186.95,183.82
2024-02-02 00:00:00+00:00,187.33,179.25
2024-02-05 00:00:00+00:00,189.25,185.84
2024-02-06 00:00:00+00:00,189.31,186.7695
2024-02-07 00:00:00+00:00,191.05,188.61
2024-02-08 00:00:00+00:00,189.535,187.35
2024-02-09 00:00:00+00:00,189.99,188.0
2024-02-12 00:00:00+00:00,188.67,186.79
2024-02-13 00:00:00+00:00,186.21,183.5128
2024-02-14 00:00:00+00:00,185.53,182.44
2024-02-15 00:00:00+00:00,184.49,181.35
2024-02-16 00:00:00+00:00,184.85,181.665
2024-02-20 00:00:00+00:00,182.43,180.0
2024-02-21 00:00:00+00:00,182.8888,180.66
2024-02-22 00:00:00+00:00,184.955,182.46
2024-02-23 00:00:00+00:00,185.04,182.23
2024-02-26 00:00:00+00:00,182.76,180.65
2024-02-27 00:00:00+00:00,183.9225,179.56
2024-02-28 00:00:00+00:00,183.12,180.13
2024-02-29 00:00:00+00:00,182.57,179.53
2024-03-01 00:00:00+00:00,180.53,177.38
2024-03-04 00:00:00+00:00,176.9,173.79
2024-03-05 00:00:00+00:00,172.04,169.62
2024-03-06 00:00:00+00:00,171.24,168.68
2024-03-07 00:00:00+00:00,170.73,168.49
2024-03-08 00:00:00+00:00,173.7,168.94
2024-03-11 00:00:00+00:00,174.38,172.05
2024-03-12 00:00:00+00:00,174.03,171.01
2024-03-13 00:00:00+00:00,173.185,170.76
2024-03-14 00:00:00+00:00,174.3078,172.05
2024-03-15 00:00:00+00:00,172.62,170.285
2024-03-18 00:00:00+00:00,177.71,173.52
2024-03-19 00:00:00+00:00,176.605,173.03
2024-03-20 00:00:00+00:00,178.67,175.09
2024-03-21 00:00:00+00:00,177.49,170.84
2024-03-22 00:00:00+00:00,173.05,170.06
2024-03-25 00:00:00+00:00,171.94,169.45
2024-03-26 00:00:00+00:00,171.42,169.58
2024-03-27 00:00:00+00:00,173.6,170.11
2024-03-28 00:00:00+00:00,172.23,170.51
2024-04-01 00:00:00+00:00,171.25,169.475
2024-04-02 00:00:00+00:00,169.34,168.2302
2024-04-03 00:00:00+00:00,170.68,168.58
2024-04-04 00:00:00+00:00,171.92,168.82
2024-04-05 00:00:00+00:00,170.39,168.95
2024-04-08 00:00:00+00:00,169.2,168.24
2024-04-09 00:00:00+00:00,170.08,168.35
2024-04-10 00:00:00+00:00,169.09,167.11
2024-04-11 00:00:00+00:00,175.46,168.16
2024-04-12 00:00:00+00:00,178.36,174.21
2024-04-15 00:00:00+00:00,176.63,172.5
2024-04-16 00:00:00+00:00,173.76,168.27
2024-04-17 00:00:00+00:00,170.65,168.0
2024-04-18 00:00:00+00:00,168.64,166.55
2024-04-19 00:00:00+00:00,166.4,164.075
2024-04-22 00:00:00+00:00,167.26,164.77
2024-04-23 00:00:00+00:00,167.05,164.92
2024-04-24 00:00:00+00:00,169.3,166.21
2024-04-25 00:00:00+00:00,170.61,168.1511
2024-04-26 00:00:00+00:00,171.34,169.18
2024-04-29 00:00:00+00:00,176.03,173.1
2024-04-30 00:00:00+00:00,174.99,170.0
2024-05-01 00:00:00+00:00,172.705,169.11
2024-05-02 00:00:00+00:00,173.415,170.89
2024-05-03 00:00:00+00:00,187.0,182.66
2024-05-06 00:00:00+00:00,184.2,180.42
2024-05-07 00:00:00+00:00,184.9,181.32
2024-05-08 00:00:00+00:00,183.07,181.45
2024-05-09 00:00:00+00:00,184.66,182.11
2024-05-10 00:00:00+00:00,185.09,182.13
2024-05-13 00:00:00+00:00,187.1,184.62
2024-05-14 00:00:00+00:00,188.3,186.29
2024-05-15 00:00:00+00:00,190.65,187.37
2024-05-16 00:00:00+00:00,191.095,189.6601
2024-05-17 00:00:00+00:00,190.81,189.18
2024-05-20 00:00:00+00:00,191.9199,189.01
2024-05-21 00:00:00+00:00,192.73,190.9201
2024-05-22 00:00:00+00:00,192.8231,190.27
2024-05-23 00:00:00+00:00,191.0,186.625
2024-05-24 00:00:00+00:00,190.58,188.0404
2024-05-28 00:00:00+00:00,193.0,189.1
2024-05-29 00:00:00+00:00,192.247,189.51
2024-05-30 00:00:00+00:00,192.18,190.63
2024-05-31 00:00:00+00:00,192.57,189.91
2024-06-03 00:00:00+00:00,194.99,192.52
2024-06-04 00:00:00+00:00,195.32,193.0342
2024-06-05 00:00:00+00:00,196.9,194.87
2024-06-06 00:00:00+00:00,196.5,194.17
2024-06-07 00:00:00+00:00,196.94,194.14
2024-06-10 00:00:00+00:00,197.3,192.15
2024-06-11 00:00:00+00:00,207.16,193.63
2024-06-12 00:00:00+00:00,220.2,206.9
2024-06-13 00:00:00+00:00,216.75,211.6
2024-06-14 00:00:00+00:00,215.17,211.3
2024-06-17 00:00:00+00:00,218.95,212.72
2024-06-18 00:00:00+00:00,218.63,213.0
2024-06-20 00:00:00+00:00,214.24,208.85
2024-06-21 00:00:00+00:00,211.89,207.11
2024-06-24 00:00:00+00:00,212.7,206.59
2024-06-25 00:00:00+00:00,211.38,208.61
2024-06-26 00:00:00+00:00,214.86,210.64
2024-06-27 00:00:00+00:00,215.7395,212.35
2024-06-28 00:00:00+00:00,216.07,210.3
2024-07-01 00:00:00+00:00,217.51,211.92
2024-07-02 00:00:00+00:00,220.38,215.1
2024-07-03 00:00:00+00:00,221.55,219.03
2024-07-05 00:00:00+00:00,226.45,221.65
2024-07-08 00:00:00+00:00,227.85,223.25
2024-07-09 00:00:00+00:00,229.4,226.3721
2024-07-10 00:00:00+00:00,233.08,229.25
2024-07-11 00:00:00+00:00,232.39,225.77
2024-07-12 00:00:00+00:00,232.64,228.68
2024-07-15 00:00:00+00:00,237.23,233.09
2024-07-16 00:00:00+00:00,236.27,232.33
2024-07-17 00:00:00+00:00,231.4599,226.64
2024-07-18 00:00:00+00:00,230.44,222.27
2024-07-19 00:00:00+00:00,226.8,223.275
2024-07-22 00:00:00+00:00,227.78,223.09
2024-07-23 00:00:00+00:00,226.94,222.68
2024-07-24 00:00:00+00:00,224.8,217.13
2024-07-25 00:00:00+00:00,220.85,214.62
2024-07-26 00:00:00+00:00,219.49,216.01
2024-07-29 00:00:00+00:00,219.3,215.75
2024-07-30 00:00:00+00:00,220.325,216.12
2024-07-31 00:00:00+00:00,223.82,220.63
2024-08-01 00:00:00+00:00,224.48,217.02
2024-08-02 00:00:00+00:00,225.6,217.71
2024-08-05 00:00:00+00:00,213.5,196.0
2024-08-06 00:00:00+00:00,209.99,201.07
2024-08-07 00:00:00+00:00,213.64,206.39
2024-08-08 00:00:00+00:00,214.2,208.83
2024-08-09 00:00:00+00:00,216.78,211.97
2024-08-12 00:00:00+00:00,219.5099,215.6
2024-08-13 00:00:00+00:00,221.89,219.01
2024-08-14 00:00:00+00:00,223.03,219.7
2024-08-15 00:00:00+00:00,225.35,222.76
2024-08-16 00:00:00+00:00,226.8271,223.6501
2024-08-19 00:00:00+00:00,225.99,223.04
2024-08-20 00:00:00+00:00,227.17,225.45
2024-08-21 00:00:00+00:00,227.98,225.05
2024-08-22 00:00:00+00:00,228.34,223.9
2024-08-23 00:00:00+00:00,228.22,224.33
2024-08-26 00:00:00+00:00,227.28,223.8905
2024-08-27 00:00:00+00:00,228.85,224.89
2024-08-28 00:00:00+00:00,229.86,225.68
2024-08-29 00:00:00+00:00,232.92,228.88
2024-08-30 00:00:00+00:00,230.4,227.48
2024-09-03 00:00:00+00:00,229.0,221.17
2024-09-04 00:00:00+00:00,221.78,217.48
2024-09-05 00:00:00+00:00,225.48,221.52
2024-09-06 00:00:00+00:00,225.24,219.77
2024-09-09 00:00:00+00:00,221.27,216.71
2024-09-10 00:00:00+00:00,221.48,216.73
2024-09-11 00:00:00+00:00,223.09,217.89
2024-09-12 00:00:00+00:00,223.55,219.82
2024-09-13 00:00:00+00:00,224.04,221.91
2024-09-16 00:00:00+00:00,217.22,213.92
2024-09-17 00:00:00+00:00,216.9,214.5
2024-09-18 00:00:00+00:00,222.71,217.54
2024-09-19 00:00:00+00:00,229.82,224.63
2024-09-20 00:00:00+00:00,233.09,227.62
2024-09-23 00:00:00+00:00,229.45,225.81
2024-09-24 00:00:00+00:00,229.35,225.73
2024-09-25 00:00:00+00:00,227.29,224.02
2024-09-26 00:00:00+00:00,228.5,225.41
2024-09-27 00:00:00+00:00,229.52,227.3
2024-09-30 00:00:00+00:00,233.0,229.65
2024-10-01 00:00:00+00:00,229.65,223.74
2024-10-02 00:00:00+00:00,227.37,223.02
2024-10-03 00:00:00+00:00,226.805,223.32
2024-10-04 00:00:00+00:00,228.0,224.13
2024-10-07 00:00:00+00:00,225.69,221.33
2024-10-08 00:00:00+00:00,225.98,223.25
2024-10-09 00:00:00+00:00,229.75,224.83
2024-10-10 00:00:00+00:00,229.5,227.17
2024-10-11 00:00:00+00:00,229.41,227.34
2024-10-14 00:00:00+00:00,231.73,228.6
2024-10-15 00:00:00+00:00,237.49,232.37
2024-10-16 00:00:00+00:00,232.12,229.84
2024-10-17 00:00:00+00:00,233.85,230.52
2024-10-18 00:00:00+00:00,236.18,234.01
2024-10-21 00:00:00+00:00,236.85,234.45
2024-10-22 00:00:00+00:00,236.22,232.6
2024-10-23 00:00:00+00:00,235.144,227.76
2024-10-24 00:00:00+00:00,230.82,228.41
2024-10-25 00:00:00+00:00,233.22,229.57
2024-10-28 00:00:00+00:00,234.73,232.55
2024-10-29 00:00:00+00:00,234.325,232.32
2024-10-30 00:00:00+00:00,233.47,229.55
2024-10-31 00:00:00+00:00,229.83,225.37
2024-11-01 00:00:00+00:00,225.35,220.27
2024-11-04 00:00:00+00:00,222.79,219.71
2024-11-05 00:00:00+00:00,223.95,221.14
2024-11-06 00:00:00+00:00,226.065,221.19
2024-11-07 00:00:00+00:00,227.875,224.57
2024-11-08 00:00:00+00:00,228.66,226.405
2024-11-11 00:00:00+00:00,225.7,221.5
2024-11-12 00:00:00+00:00,225.59,223.355
2024-11-13 00:00:00+00:00,226.65,222.76
2024-11-14 00:00:00+00:00,228.87,225.0
2024-11-15 00:00:00+00:00,226.92,224.27
2024-11-18 00:00:00+00:00,229.74,225.17
2024-11-19 00:00:00+00:00,230.16,226.66
2024-11-20 00:00:00+00:00,229.93,225.89
2024-11-21 00:00:00+00:00,230.155,225.7103
2024-11-22 00:00:00+00:00,230.7199,228.06
2024-11-25 00:00:00+00:00,233.245,229.74
2024-11-26 00:00:00+00:00,235.57,233.33
2024-11-27 00:00:00+00:00,235.69,233.8101
2024-11-29 00:00:00+00:00,237.81,233.97
2024-12-02 00:00:00+00:00,240.79,237.16
2024-12-03 00:00:00+00:00,242.76,238.9
2024-12-04 00:00:00+00:00,244.11,241.25
2024-12-05 00:00:00+00:00,244.54,242.13
2024-12-06 00:00:00+00:00,244.63,242.08
2024-12-09 00:00:00+00:00,247.24,241.75
2024-12-10 00:00:00+00:00,248.21,245.34
2024-12-11 00:00:00+00:00,250.8,246.2601
2024-12-12 00:00:00+00:00,248.74,245.68
2024-12-13 00:00:00+00:00,249.2902,246.24
2024-12-16 00:00:00+00:00,251.38,247.65
2024-12-17 00:00:00+00:00,253.83,249.78
2024-12-18 00:00:00+00:00,254.28,247.74
2024-12-19 00:00:00+00:00,252.0,247.0949
2024-12-20 00:00:00+00:00,255.0,245.69
2024-12-23 00:00:00+00:00,255.65,253.45
2024-12-24 00:00:00+00:00,258.21,255.29
2024-12-26 00:00:00+00:00,260.1,257.63
2024-12-27 00:00:00+00:00,258.7,253.06
2024-12-30 00:00:00+00:00,253.5,250.75
2024-12-31 00:00:00+00:00,253.28,249.43
2025-01-02 00:00:00+00:00,249.1,241.8201
2025-01-03 00:00:00+00:00,244.18,241.89
2025-01-06 00:00:00+00:00,247.33,243.2
2025-01-07 00:00:00+00:00,245.55,241.35
2025-01-08 00:00:00+00:00,243.7123,240.05
2025-01-10 00:00:00+00:00,240.16,233.0
2025-01-13 00:00:00+00:00,234.67,229.72
2025-01-14 00:00:00+00:00,236.12,232.472
2025-01-15 00:00:00+00:00,238.96,234.43
2025-01-16 00:00:00+00:00,238.01,228.03
2025-01-17 00:00:00+00:00,232.29,228.48
2025-01-21 00:00:00+00:00,224.42,219.38
2025-01-22 00:00:00+00:00,224.12,219.79
2025-01-23 00:00:00+00:00,227.03,222.3
2025-01-24 00:00:00+00:00,225.63,221.41
2025-01-27 00:00:00+00:00,232.15,223.98
2025-01-28 00:00:00+00:00,240.19,230.81
2025-01-29 00:00:00+00:00,239.855,234.01
2025-01-30 00:00:00+00:00,240.79,237.21
2025-01-31 00:00:00+00:00,247.19,233.44
2025-02-03 00:00:00+00:00,231.83,225.7
2025-02-04 00:00:00+00:00,233.13,226.65
2025-02-05 00:00:00+00:00,232.67,228.27
2025-02-06 00:00:00+00:00,233.8,230.425
2025-02-07 00:00:00+00:00,234.0,227.26
2025-02-10 00:00:00+00:00,230.585,227.2
2025-02-11 00:00:00+00:00,235.23,228.13
2025-02-12 00:00:00+00:00,236.96,230.68
2025-02-13 00:00:00+00:00,242.3399,235.57
2025-02-14 00:00:00+00:00,245.55,240.99
2025-02-18 00:00:00+00:00,245.18,241.84
2025-02-19 00:00:00+00:00,246.01,243.1604
2025-02-20 00:00:00+00:00,246.78,244.29
2025-02-21 00:00:00+00:00,248.69,245.22
2025-02-24 00:00:00+00:00,248.86,244.42
2025-02-25 00:00:00+00:00,250.0,244.91
2025-02-26 00:00:00+00:00,244.98,239.13
2025-02-27 00:00:00+00:00,242.46,237.06
2025-02-28 00:00:00+00:00,242.09,230.2
2025-03-03 00:00:00+00:00,244.0272,236.112
2025-03-04 00:00:00+00:00,240.07,234.68
2025-03-05 00:00:00+00:00,236.55,229.23
2025-03-06 00:00:00+00:00,237.86,233.1581
2025-03-07 00:00:00+00:00,241.37,234.76
2025-03-10 00:00:00+00:00,236.16,224.22
2025-03-11 00:00:00+00:00,225.8399,217.45
2025-03-12 00:00:00+00:00,221.75,214.91
2025-03-13 00:00:00+00:00,216.8394,208.42
2025-03-14 00:00:00+00:00,213.95,209.58
2025-03-17 00:00:00+00:00,215.22,209.97
2025-03-18 00:00:00+00:00,215.15,211.49
2025-03-19 00:00:00+00:00,218.76,213.75
2025-03-20 00:00:00+00:00,217.4899,212.22
2025-03-21 00:00:00+00:00,218.84,211.28
2025-03-24 00:00:00+00:00,221.48,218.58
2025-03-25 00:00:00+00:00,224.1,220.08
2025-03-26 00:00:00+00:00,225.02,220.47
2025-03-27 00:00:00+00:00,224.99,220.5601
2025-03-28 00:00:00+00:00,223.81,217.68
2025-03-31 00:00:00+00:00,225.62,216.23
2025-04-01 00:00:00+00:00,223.68,218.9
2025-04-02 00:00:00+00:00,225.19,221.02
2025-04-03 00:00:00+00:00,207.49,201.25
2025-04-04 00:00:00+00:00,199.88,187.34
2025-04-07 00:00:00+00:00,194.15,174.62
2025-04-08 00:00:00+00:00,190.335,169.2101
2025-04-09 00:00:00+00:00,200.61,171.89
2025-04-10 00:00:00+00:00,194.7799,183.0
2025-04-11 00:00:00+00:00,199.54,186.06
2025-04-14 00:00:00+00:00,212.94,201.1621
2025-04-15 00:00:00+00:00,203.51,199.8
2025-04-16 00:00:00+00:00,200.7,192.37
2025-04-17 00:00:00+00:00,198.8335,194.42
2025-04-21 00:00:00+00:00,193.8,189.8112
2025-04-22 00:00:00+00:00,201.59,195.97
2025-04-23 00:00:00+00:00,208.0,202.799
2025-04-24 00:00:00+00:00,208.8299,202.94
2025-04-25 00:00:00+00:00,209.75,206.2
2025-04-28 00:00:00+00:00,211.5,207.46
2025-04-29 00:00:00+00:00,212.24,208.37
2025-04-30 00:00:00+00:00,213.58,206.6705
2025-05-01 00:00:00+00:00,214.56,208.9
2025-05-02 00:00:00+00:00,206.99,202.16
2025-05-05 00:00:00+00:00,204.1,198.21
2025-05-06 00:00:00+00:00,200.65,197.02
2025-05-07 00:00:00+00:00,199.44,193.25
2025-05-08 00:00:00+00:00,200.05,194.6796
2025-05-09 00:00:00+00:00,200.5399,197.535
2025-05-12 00:00:00+00:00,211.2679,206.75
2025-05-13 00:00:00+00:00,213.4,209.0
2025-05-14 00:00:00+00:00,213.94,210.5801
