date,high,low
1986-03-13 00:00:00+00:00,29.25,25.5
1986-03-14 00:00:00+00:00,29.5,28.0
1986-03-17 00:00:00+00:00,29.75,29.0
1986-03-18 00:00:00+00:00,29.75,28.5
1986-03-19 00:00:00+00:00,29.0,28.0
1986-03-20 00:00:00+00:00,28.25,27.25
1986-03-21 00:00:00+00:00,28.0,26.25
1986-03-24 00:00:00+00:00,26.75,25.75
1986-03-25 00:00:00+00:00,26.5,25.75
1986-03-26 00:00:00+00:00,27.5,26.25
1986-03-27 00:00:00+00:00,27.75,27.25
1986-03-31 00:00:00+00:00,27.75,27.0
1986-04-01 00:00:00+00:00,27.5,27.25
1986-04-02 00:00:00+00:00,28.0,27.25
1986-04-03 00:00:00+00:00,28.5,27.75
1986-04-04 00:00:00+00:00,28.0,27.75
1986-04-07 00:00:00+00:00,28.0,26.75
1986-04-08 00:00:00+00:00,28.0,27.25
1986-04-09 00:00:00+00:00,28.25,27.5
1986-04-10 00:00:00+00:00,28.5,27.5
1986-04-11 00:00:00+00:00,29.25,28.5
1986-04-14 00:00:00+00:00,29.25,28.75
1986-04-15 00:00:00+00:00,29.0,28.0
1986-04-16 00:00:00+00:00,30.25,28.75
1986-04-17 00:00:00+00:00,30.25,30.0
1986-04-18 00:00:00+00:00,30.25,29.0
1986-04-21 00:00:00+00:00,29.5,28.5
1986-04-22 00:00:00+00:00,29.25,28.75
1986-04-23 00:00:00+00:00,29.0,28.5
1986-04-24 00:00:00+00:00,32.25,28.75
1986-04-25 00:00:00+00:00,35.13,32.0
1986-04-28 00:00:00+00:00,34.25,33.5
1986-04-29 00:00:00+00:00,34.0,32.75
1986-04-30 00:00:00+00:00,33.25,31.5
1986-05-01 00:00:00+00:00,32.25,31.25
1986-05-02 00:00:00+00:00,32.25,31.5
1986-05-05 00:00:00+00:00,31.75,31.5
1986-05-06 00:00:00+00:00,32.25,31.75
1986-05-07 00:00:00+00:00,32.0,31.25
1986-05-08 00:00:00+00:00,32.0,31.5
1986-05-09 00:00:00+00:00,32.0,31.75
1986-05-12 00:00:00+00:00,32.75,31.75
1986-05-13 00:00:00+00:00,32.5,32.0
1986-05-14 00:00:00+00:00,32.25,32.0
1986-05-15 00:00:00+00:00,32.5,32.0
1986-05-16 00:00:00+00:00,33.0,32.0
1986-05-19 00:00:00+00:00,32.25,31.5
1986-05-20 00:00:00+00:00,31.75,31.25
1986-05-21 00:00:00+00:00,31.75,31.0
1986-05-22 00:00:00+00:00,31.25,31.0
1986-05-23 00:00:00+00:00,31.5,31.0
1986-05-27 00:00:00+00:00,32.0,31.0
1986-05-28 00:00:00+00:00,33.0,32.0
1986-05-29 00:00:00+00:00,34.25,32.75
1986-05-30 00:00:00+00:00,35.5,34.0
1986-06-02 00:00:00+00:00,35.0,34.0
1986-06-03 00:00:00+00:00,34.0,33.5
1986-06-04 00:00:00+00:00,34.25,33.5
1986-06-05 00:00:00+00:00,34.25,33.5
1986-06-06 00:00:00+00:00,34.25,33.75
1986-06-09 00:00:00+00:00,34.25,32.75
1986-06-10 00:00:00+00:00,32.75,32.25
1986-06-11 00:00:00+00:00,32.75,32.25
1986-06-12 00:00:00+00:00,32.75,31.25
1986-06-13 00:00:00+00:00,31.75,31.25
1986-06-16 00:00:00+00:00,31.75,31.0
1986-06-17 00:00:00+00:00,32.25,31.5
1986-06-18 00:00:00+00:00,31.75,31.0
1986-06-19 00:00:00+00:00,31.75,31.0
1986-06-20 00:00:00+00:00,31.5,31.25
1986-06-23 00:00:00+00:00,31.75,30.75
1986-06-24 00:00:00+00:00,32.0,31.25
1986-06-25 00:00:00+00:00,31.75,31.0
1986-06-26 00:00:00+00:00,31.25,30.0
1986-06-27 00:00:00+00:00,30.25,29.5
1986-06-30 00:00:00+00:00,31.5,29.5
1986-07-01 00:00:00+00:00,30.75,30.5
1986-07-02 00:00:00+00:00,30.75,30.5
1986-07-03 00:00:00+00:00,31.5,31.0
1986-07-07 00:00:00+00:00,31.25,30.0
1986-07-08 00:00:00+00:00,30.0,29.0
1986-07-09 00:00:00+00:00,29.25,27.75
1986-07-10 00:00:00+00:00,28.25,26.0
1986-07-11 00:00:00+00:00,28.5,27.25
1986-07-14 00:00:00+00:00,28.25,27.25
1986-07-15 00:00:00+00:00,28.5,27.25
1986-07-16 00:00:00+00:00,29.0,28.25
1986-07-17 00:00:00+00:00,29.5,28.75
1986-07-18 00:00:00+00:00,30.0,28.75
1986-07-21 00:00:00+00:00,30.25,29.75
1986-07-22 00:00:00+00:00,30.75,29.75
1986-07-23 00:00:00+00:00,31.25,30.0
1986-07-24 00:00:00+00:00,31.5,30.5
1986-07-25 00:00:00+00:00,31.5,31.0
1986-07-28 00:00:00+00:00,31.25,30.5
1986-07-29 00:00:00+00:00,30.75,29.25
1986-07-30 00:00:00+00:00,29.75,27.75
1986-07-31 00:00:00+00:00,29.0,28.5
1986-08-01 00:00:00+00:00,28.75,28.0
1986-08-04 00:00:00+00:00,28.25,27.5
1986-08-05 00:00:00+00:00,28.5,28.0
1986-08-06 00:00:00+00:00,28.25,27.25
1986-08-07 00:00:00+00:00,28.0,27.25
1986-08-08 00:00:00+00:00,28.25,27.5
1986-08-11 00:00:00+00:00,29.0,28.25
1986-08-12 00:00:00+00:00,29.5,28.75
1986-08-13 00:00:00+00:00,29.75,29.25
1986-08-14 00:00:00+00:00,30.75,29.75
1986-08-15 00:00:00+00:00,30.75,30.25
1986-08-18 00:00:00+00:00,30.75,30.25
1986-08-19 00:00:00+00:00,30.37,29.75
1986-08-20 00:00:00+00:00,30.25,30.0
1986-08-21 00:00:00+00:00,30.5,30.0
1986-08-22 00:00:00+00:00,30.25,29.0
1986-08-25 00:00:00+00:00,29.5,29.0
1986-08-26 00:00:00+00:00,29.5,29.25
1986-08-27 00:00:00+00:00,29.5,29.0
1986-08-28 00:00:00+00:00,29.5,29.25
1986-08-29 00:00:00+00:00,29.5,28.0
1986-09-02 00:00:00+00:00,28.5,27.37
1986-09-03 00:00:00+00:00,27.5,26.25
1986-09-04 00:00:00+00:00,29.25,27.5
1986-09-05 00:00:00+00:00,30.5,29.0
1986-09-08 00:00:00+00:00,30.75,30.25
1986-09-09 00:00:00+00:00,31.5,30.25
1986-09-10 00:00:00+00:00,31.0,30.25
1986-09-11 00:00:00+00:00,30.5,29.0
1986-09-12 00:00:00+00:00,29.25,28.25
1986-09-15 00:00:00+00:00,28.75,27.75
1986-09-16 00:00:00+00:00,29.0,28.25
1986-09-17 00:00:00+00:00,30.0,28.5
1986-09-18 00:00:00+00:00,30.25,29.5
1986-09-19 00:00:00+00:00,30.0,29.5
1986-09-22 00:00:00+00:00,29.75,29.5
1986-09-23 00:00:00+00:00,30.25,29.5
1986-09-24 00:00:00+00:00,30.0,29.5
1986-09-25 00:00:00+00:00,29.75,29.0
1986-09-26 00:00:00+00:00,29.25,28.75
1986-09-29 00:00:00+00:00,29.0,28.25
1986-09-30 00:00:00+00:00,28.75,28.25
1986-10-01 00:00:00+00:00,28.75,27.5
1986-10-02 00:00:00+00:00,28.5,27.75
1986-10-03 00:00:00+00:00,28.5,28.0
1986-10-06 00:00:00+00:00,31.0,29.0
1986-10-07 00:00:00+00:00,31.75,30.5
1986-10-08 00:00:00+00:00,32.38,30.75
1986-10-09 00:00:00+00:00,33.75,32.0
1986-10-10 00:00:00+00:00,35.25,32.5
1986-10-13 00:00:00+00:00,34.5,33.0
1986-10-14 00:00:00+00:00,33.75,33.25
1986-10-15 00:00:00+00:00,35.25,33.5
1986-10-16 00:00:00+00:00,35.25,34.75
1986-10-17 00:00:00+00:00,36.25,35.0
1986-10-20 00:00:00+00:00,36.75,35.25
1986-10-21 00:00:00+00:00,37.75,36.5
1986-10-22 00:00:00+00:00,38.13,37.5
1986-10-23 00:00:00+00:00,38.0,37.38
1986-10-24 00:00:00+00:00,37.75,36.5
1986-10-27 00:00:00+00:00,38.75,37.75
1986-10-28 00:00:00+00:00,40.25,38.75
1986-10-29 00:00:00+00:00,39.75,38.0
1986-10-30 00:00:00+00:00,39.75,38.25
1986-10-31 00:00:00+00:00,39.75,38.5
1986-11-03 00:00:00+00:00,39.75,39.0
1986-11-04 00:00:00+00:00,41.0,39.5
1986-11-05 00:00:00+00:00,43.75,40.75
1986-11-06 00:00:00+00:00,45.5,43.25
1986-11-07 00:00:00+00:00,44.75,43.5
1986-11-10 00:00:00+00:00,44.25,42.25
1986-11-11 00:00:00+00:00,43.25,42.75
1986-11-12 00:00:00+00:00,43.75,42.25
1986-11-13 00:00:00+00:00,43.0,42.0
1986-11-14 00:00:00+00:00,42.5,41.25
1986-11-17 00:00:00+00:00,43.25,42.0
1986-11-18 00:00:00+00:00,43.0,40.5
1986-11-19 00:00:00+00:00,42.25,40.5
1986-11-20 00:00:00+00:00,45.25,42.0
1986-11-21 00:00:00+00:00,47.25,45.5
1986-11-24 00:00:00+00:00,50.75,45.25
1986-11-25 00:00:00+00:00,51.25,50.25
1986-11-26 00:00:00+00:00,51.25,50.5
1986-11-28 00:00:00+00:00,50.75,49.25
1986-12-01 00:00:00+00:00,50.0,48.5
1986-12-02 00:00:00+00:00,50.0,49.0
1986-12-03 00:00:00+00:00,49.5,48.5
1986-12-04 00:00:00+00:00,49.75,48.25
1986-12-05 00:00:00+00:00,49.5,49.0
1986-12-08 00:00:00+00:00,49.5,47.75
1986-12-09 00:00:00+00:00,48.75,48.0
1986-12-10 00:00:00+00:00,48.75,47.75
1986-12-11 00:00:00+00:00,49.25,48.5
1986-12-12 00:00:00+00:00,49.0,47.25
1986-12-15 00:00:00+00:00,47.5,45.25
1986-12-16 00:00:00+00:00,47.25,46.25
1986-12-17 00:00:00+00:00,47.25,46.5
1986-12-18 00:00:00+00:00,47.5,46.75
1986-12-19 00:00:00+00:00,49.0,47.5
1986-12-22 00:00:00+00:00,49.5,48.5
1986-12-23 00:00:00+00:00,49.5,49.0
1986-12-24 00:00:00+00:00,49.5,49.25
1986-12-26 00:00:00+00:00,49.75,49.25
1986-12-29 00:00:00+00:00,49.75,47.25
1986-12-30 00:00:00+00:00,48.0,46.75
1986-12-31 00:00:00+00:00,49.0,47.75
1987-01-02 00:00:00+00:00,48.75,47.5
1987-01-05 00:00:00+00:00,51.0,47.5
1987-01-06 00:00:00+00:00,51.5,50.25
1987-01-07 00:00:00+00:00,54.0,51.25
1987-01-08 00:00:00+00:00,56.25,54.25
1987-01-09 00:00:00+00:00,58.25,55.5
1987-01-12 00:00:00+00:00,62.25,57.5
1987-01-13 00:00:00+00:00,61.25,59.0
1987-01-14 00:00:00+00:00,60.25,58.75
1987-01-15 00:00:00+00:00,64.75,60.0
1987-01-16 00:00:00+00:00,63.25,60.5
1987-01-19 00:00:00+00:00,64.0,60.5
1987-01-20 00:00:00+00:00,66.5,63.75
1987-01-21 00:00:00+00:00,69.5,63.75
1987-01-22 00:00:00+00:00,74.75,65.75
1987-01-23 00:00:00+00:00,77.5,67.5
1987-01-26 00:00:00+00:00,69.5,65.75
1987-01-27 00:00:00+00:00,72.5,68.75
1987-01-28 00:00:00+00:00,72.75,69.5
1987-01-29 00:00:00+00:00,72.5,67.25
1987-01-30 00:00:00+00:00,73.25,67.75
1987-02-02 00:00:00+00:00,74.5,73.0
1987-02-03 00:00:00+00:00,73.75,70.5
1987-02-04 00:00:00+00:00,72.25,71.0
1987-02-05 00:00:00+00:00,72.5,70.75
1987-02-06 00:00:00+00:00,71.87,68.5
1987-02-09 00:00:00+00:00,68.75,67.87
1987-02-10 00:00:00+00:00,68.5,66.75
1987-02-11 00:00:00+00:00,71.75,68.75
1987-02-12 00:00:00+00:00,77.12,71.75
1987-02-13 00:00:00+00:00,77.75,74.25
1987-02-17 00:00:00+00:00,76.75,74.25
1987-02-18 00:00:00+00:00,77.75,71.5
1987-02-19 00:00:00+00:00,71.5,68.0
1987-02-20 00:00:00+00:00,68.75,67.0
1987-02-23 00:00:00+00:00,73.25,66.5
1987-02-24 00:00:00+00:00,76.0,72.25
1987-02-25 00:00:00+00:00,77.12,74.0
1987-02-26 00:00:00+00:00,79.5,73.0
1987-02-27 00:00:00+00:00,77.75,75.5
1987-03-02 00:00:00+00:00,76.75,74.0
1987-03-03 00:00:00+00:00,75.25,73.5
1987-03-04 00:00:00+00:00,80.0,74.25
1987-03-05 00:00:00+00:00,85.25,79.75
1987-03-06 00:00:00+00:00,84.0,81.25
1987-03-09 00:00:00+00:00,83.5,81.25
1987-03-10 00:00:00+00:00,85.25,81.5
1987-03-11 00:00:00+00:00,86.0,84.5
1987-03-12 00:00:00+00:00,86.5,83.5
1987-03-13 00:00:00+00:00,86.5,81.0
1987-03-16 00:00:00+00:00,82.5,79.75
1987-03-17 00:00:00+00:00,85.5,82.0
1987-03-18 00:00:00+00:00,90.25,85.5
1987-03-19 00:00:00+00:00,91.25,88.0
1987-03-20 00:00:00+00:00,91.25,89.75
1987-03-23 00:00:00+00:00,91.5,88.75
1987-03-24 00:00:00+00:00,90.75,87.5
1987-03-25 00:00:00+00:00,90.75,89.25
1987-03-26 00:00:00+00:00,90.0,89.0
1987-03-27 00:00:00+00:00,93.75,89.75
1987-03-30 00:00:00+00:00,96.75,88.5
1987-03-31 00:00:00+00:00,99.0,95.5
1987-04-01 00:00:00+00:00,98.75,90.5
1987-04-02 00:00:00+00:00,97.0,92.5
1987-04-03 00:00:00+00:00,100.25,95.0
1987-04-06 00:00:00+00:00,100.0,97.5
1987-04-07 00:00:00+00:00,99.25,94.0
1987-04-08 00:00:00+00:00,97.75,94.0
1987-04-09 00:00:00+00:00,96.75,94.25
1987-04-10 00:00:00+00:00,95.75,94.75
1987-04-13 00:00:00+00:00,95.5,92.0
1987-04-14 00:00:00+00:00,95.5,91.0
1987-04-15 00:00:00+00:00,97.0,94.75
1987-04-16 00:00:00+00:00,100.5,95.75
1987-04-20 00:00:00+00:00,99.5,95.5
1987-04-21 00:00:00+00:00,98.0,93.75
1987-04-22 00:00:00+00:00,98.75,97.25
1987-04-23 00:00:00+00:00,99.5,97.0
1987-04-24 00:00:00+00:00,99.5,97.25
1987-04-27 00:00:00+00:00,99.75,97.25
1987-04-28 00:00:00+00:00,106.5,98.0
1987-04-29 00:00:00+00:00,109.0,103.25
1987-04-30 00:00:00+00:00,106.25,101.75
1987-05-01 00:00:00+00:00,105.25,102.75
1987-05-04 00:00:00+00:00,107.75,104.5
1987-05-05 00:00:00+00:00,115.75,107.25
1987-05-06 00:00:00+00:00,116.75,112.5
1987-05-07 00:00:00+00:00,118.5,112.25
1987-05-08 00:00:00+00:00,128.25,118.5
1987-05-11 00:00:00+00:00,126.5,122.87
1987-05-12 00:00:00+00:00,124.25,117.0
1987-05-13 00:00:00+00:00,122.25,119.5
1987-05-14 00:00:00+00:00,125.0,121.75
1987-05-15 00:00:00+00:00,122.5,119.25
1987-05-18 00:00:00+00:00,119.25,112.0
1987-05-19 00:00:00+00:00,115.25,111.25
1987-05-20 00:00:00+00:00,110.75,107.25
1987-05-21 00:00:00+00:00,112.75,109.75
1987-05-22 00:00:00+00:00,112.0,107.75
1987-05-26 00:00:00+00:00,110.0,108.0
1987-05-27 00:00:00+00:00,112.0,109.0
1987-05-28 00:00:00+00:00,116.5,109.25
1987-05-29 00:00:00+00:00,118.25,115.0
1987-06-01 00:00:00+00:00,115.25,113.0
1987-06-02 00:00:00+00:00,114.75,111.0
1987-06-03 00:00:00+00:00,114.75,113.0
1987-06-04 00:00:00+00:00,113.25,111.75
1987-06-05 00:00:00+00:00,113.0,107.0
1987-06-08 00:00:00+00:00,110.0,107.5
1987-06-09 00:00:00+00:00,110.0,108.5
1987-06-10 00:00:00+00:00,109.5,101.25
1987-06-11 00:00:00+00:00,105.75,97.25
1987-06-12 00:00:00+00:00,101.5,97.25
1987-06-15 00:00:00+00:00,99.75,96.25
1987-06-16 00:00:00+00:00,101.5,98.0
1987-06-17 00:00:00+00:00,104.0,100.75
1987-06-18 00:00:00+00:00,105.0,102.0
1987-06-19 00:00:00+00:00,106.25,104.0
1987-06-22 00:00:00+00:00,105.0,103.0
1987-06-23 00:00:00+00:00,103.75,100.5
1987-06-24 00:00:00+00:00,106.0,103.25
1987-06-25 00:00:00+00:00,105.0,103.5
1987-06-26 00:00:00+00:00,105.25,103.75
1987-06-29 00:00:00+00:00,104.75,102.5
1987-06-30 00:00:00+00:00,104.75,101.75
1987-07-01 00:00:00+00:00,103.25,101.5
1987-07-02 00:00:00+00:00,102.75,98.75
1987-07-06 00:00:00+00:00,101.0,97.0
1987-07-07 00:00:00+00:00,97.25,89.5
1987-07-08 00:00:00+00:00,94.75,88.5
1987-07-09 00:00:00+00:00,98.0,93.25
1987-07-10 00:00:00+00:00,97.5,94.0
1987-07-13 00:00:00+00:00,99.5,96.0
1987-07-14 00:00:00+00:00,105.25,99.5
1987-07-15 00:00:00+00:00,105.75,102.25
1987-07-16 00:00:00+00:00,103.0,100.0
1987-07-17 00:00:00+00:00,104.0,101.75
1987-07-20 00:00:00+00:00,102.0,99.25
1987-07-21 00:00:00+00:00,101.0,98.5
1987-07-22 00:00:00+00:00,100.5,98.5
1987-07-23 00:00:00+00:00,100.0,94.0
1987-07-24 00:00:00+00:00,99.5,97.75
1987-07-27 00:00:00+00:00,99.75,97.0
1987-07-28 00:00:00+00:00,101.75,99.25
1987-07-29 00:00:00+00:00,99.75,97.75
1987-07-30 00:00:00+00:00,99.25,96.0
1987-07-31 00:00:00+00:00,96.5,92.0
1987-08-03 00:00:00+00:00,94.5,91.25
1987-08-04 00:00:00+00:00,93.75,91.75
1987-08-05 00:00:00+00:00,98.5,93.75
1987-08-06 00:00:00+00:00,101.62,97.5
1987-08-07 00:00:00+00:00,104.5,100.75
1987-08-10 00:00:00+00:00,104.0,102.5
1987-08-11 00:00:00+00:00,104.5,101.0
1987-08-12 00:00:00+00:00,101.75,100.0
1987-08-13 00:00:00+00:00,104.5,100.0
1987-08-14 00:00:00+00:00,103.75,102.5
1987-08-17 00:00:00+00:00,104.25,103.0
1987-08-18 00:00:00+00:00,104.0,101.5
1987-08-19 00:00:00+00:00,102.75,100.5
1987-08-20 00:00:00+00:00,105.75,102.5
1987-08-21 00:00:00+00:00,108.25,105.0
1987-08-24 00:00:00+00:00,112.25,105.5
1987-08-25 00:00:00+00:00,116.75,111.5
1987-08-26 00:00:00+00:00,118.0,114.25
1987-08-27 00:00:00+00:00,116.25,114.25
1987-08-28 00:00:00+00:00,121.25,116.0
1987-08-31 00:00:00+00:00,120.25,116.75
1987-09-01 00:00:00+00:00,118.75,113.0
1987-09-02 00:00:00+00:00,115.25,112.25
1987-09-03 00:00:00+00:00,117.75,113.75
1987-09-04 00:00:00+00:00,115.5,111.75
1987-09-08 00:00:00+00:00,112.0,108.25
1987-09-09 00:00:00+00:00,114.0,111.5
1987-09-10 00:00:00+00:00,115.75,113.0
1987-09-11 00:00:00+00:00,116.5,114.0
1987-09-14 00:00:00+00:00,120.0,116.5
1987-09-15 00:00:00+00:00,119.5,116.25
1987-09-16 00:00:00+00:00,120.0,116.75
1987-09-17 00:00:00+00:00,117.5,113.75
1987-09-18 00:00:00+00:00,116.0,114.0
1987-09-21 00:00:00+00:00,57.25,53.0
1987-09-22 00:00:00+00:00,57.75,53.0
1987-09-23 00:00:00+00:00,60.38,57.75
1987-09-24 00:00:00+00:00,63.25,60.0
1987-09-25 00:00:00+00:00,65.0,61.25
1987-09-28 00:00:00+00:00,65.25,61.75
1987-09-29 00:00:00+00:00,65.25,63.63
1987-09-30 00:00:00+00:00,66.62,64.0
1987-10-01 00:00:00+00:00,68.75,66.0
1987-10-02 00:00:00+00:00,72.75,68.75
1987-10-05 00:00:00+00:00,79.0,73.5
1987-10-06 00:00:00+00:00,79.25,73.37
1987-10-07 00:00:00+00:00,75.25,71.5
1987-10-08 00:00:00+00:00,74.25,69.5
1987-10-09 00:00:00+00:00,75.25,71.75
1987-10-12 00:00:00+00:00,73.0,69.0
1987-10-13 00:00:00+00:00,74.0,71.0
1987-10-14 00:00:00+00:00,74.75,70.75
1987-10-15 00:00:00+00:00,72.75,70.0
1987-10-16 00:00:00+00:00,74.5,64.25
1987-10-19 00:00:00+00:00,63.5,45.0
1987-10-20 00:00:00+00:00,52.0,43.0
1987-10-21 00:00:00+00:00,60.5,50.0
1987-10-22 00:00:00+00:00,58.0,51.0
1987-10-23 00:00:00+00:00,53.0,47.5
1987-10-26 00:00:00+00:00,48.0,37.25
1987-10-27 00:00:00+00:00,43.0,39.25
1987-10-28 00:00:00+00:00,42.5,38.5
1987-10-29 00:00:00+00:00,48.75,41.25
1987-10-30 00:00:00+00:00,52.25,48.5
1987-11-02 00:00:00+00:00,51.0,48.5
1987-11-03 00:00:00+00:00,50.0,43.75
1987-11-04 00:00:00+00:00,50.75,46.0
1987-11-05 00:00:00+00:00,51.25,48.75
1987-11-06 00:00:00+00:00,50.5,47.0
1987-11-09 00:00:00+00:00,47.5,45.5
1987-11-10 00:00:00+00:00,48.5,45.5
1987-11-11 00:00:00+00:00,49.25,47.25
1987-11-12 00:00:00+00:00,52.0,49.0
1987-11-13 00:00:00+00:00,50.25,48.25
1987-11-16 00:00:00+00:00,49.75,47.5
1987-11-17 00:00:00+00:00,47.5,45.25
1987-11-18 00:00:00+00:00,48.0,45.0
1987-11-19 00:00:00+00:00,48.5,46.0
1987-11-20 00:00:00+00:00,47.75,44.75
1987-11-23 00:00:00+00:00,48.75,47.0
1987-11-24 00:00:00+00:00,49.0,45.5
1987-11-25 00:00:00+00:00,47.75,46.0
1987-11-27 00:00:00+00:00,46.25,45.0
1987-11-30 00:00:00+00:00,45.0,40.5
1987-12-01 00:00:00+00:00,45.75,43.0
1987-12-02 00:00:00+00:00,44.75,42.75
1987-12-03 00:00:00+00:00,44.75,40.25
1987-12-04 00:00:00+00:00,42.38,40.0
1987-12-07 00:00:00+00:00,43.75,42.25
1987-12-08 00:00:00+00:00,47.5,43.0
1987-12-09 00:00:00+00:00,48.25,46.0
1987-12-10 00:00:00+00:00,49.5,44.25
1987-12-11 00:00:00+00:00,48.5,46.75
1987-12-14 00:00:00+00:00,51.0,47.75
1987-12-15 00:00:00+00:00,51.88,50.0
1987-12-16 00:00:00+00:00,54.75,50.25
1987-12-17 00:00:00+00:00,54.75,51.75
1987-12-18 00:00:00+00:00,53.75,52.0
1987-12-21 00:00:00+00:00,53.5,50.75
1987-12-22 00:00:00+00:00,53.0,50.0
1987-12-23 00:00:00+00:00,53.75,52.25
1987-12-24 00:00:00+00:00,53.75,53.0
1987-12-28 00:00:00+00:00,53.25,50.0
1987-12-29 00:00:00+00:00,55.0,50.5
1987-12-30 00:00:00+00:00,56.0,54.25
1987-12-31 00:00:00+00:00,55.75,53.75
1988-01-04 00:00:00+00:00,56.5,54.5
1988-01-05 00:00:00+00:00,58.0,56.5
1988-01-06 00:00:00+00:00,59.75,57.0
1988-01-07 00:00:00+00:00,60.63,57.5
1988-01-08 00:00:00+00:00,61.75,55.63
1988-01-11 00:00:00+00:00,58.0,54.75
1988-01-12 00:00:00+00:00,58.5,54.25
1988-01-13 00:00:00+00:00,58.5,54.75
1988-01-14 00:00:00+00:00,58.0,56.0
1988-01-15 00:00:00+00:00,59.25,57.75
1988-01-18 00:00:00+00:00,58.0,56.25
1988-01-19 00:00:00+00:00,58.25,55.75
1988-01-20 00:00:00+00:00,57.25,52.5
1988-01-21 00:00:00+00:00,56.25,54.25
1988-01-22 00:00:00+00:00,56.13,52.75
1988-01-25 00:00:00+00:00,56.25,54.25
1988-01-26 00:00:00+00:00,55.88,54.25
1988-01-27 00:00:00+00:00,56.25,54.75
1988-01-28 00:00:00+00:00,56.75,56.0
1988-01-29 00:00:00+00:00,57.0,54.5
1988-02-01 00:00:00+00:00,57.0,55.0
1988-02-02 00:00:00+00:00,56.0,54.75
1988-02-03 00:00:00+00:00,55.75,52.25
1988-02-04 00:00:00+00:00,53.25,49.75
1988-02-05 00:00:00+00:00,53.5,51.25
1988-02-08 00:00:00+00:00,52.5,50.75
1988-02-09 00:00:00+00:00,53.0,52.0
1988-02-10 00:00:00+00:00,54.0,52.5
1988-02-11 00:00:00+00:00,54.75,53.75
1988-02-12 00:00:00+00:00,56.25,54.5
1988-02-16 00:00:00+00:00,57.75,54.5
1988-02-17 00:00:00+00:00,58.75,57.25
1988-02-18 00:00:00+00:00,59.0,57.0
1988-02-19 00:00:00+00:00,58.75,57.75
1988-02-22 00:00:00+00:00,59.0,58.0
1988-02-23 00:00:00+00:00,60.0,58.75
1988-02-24 00:00:00+00:00,60.75,59.5
1988-02-25 00:00:00+00:00,60.5,57.88
1988-02-26 00:00:00+00:00,58.75,57.25
1988-02-29 00:00:00+00:00,59.5,58.0
1988-03-01 00:00:00+00:00,60.0,58.5
1988-03-02 00:00:00+00:00,60.75,58.75
1988-03-03 00:00:00+00:00,61.5,59.75
1988-03-04 00:00:00+00:00,61.25,59.75
1988-03-07 00:00:00+00:00,62.75,60.75
1988-03-08 00:00:00+00:00,64.75,62.75
1988-03-09 00:00:00+00:00,64.5,63.25
1988-03-10 00:00:00+00:00,65.0,62.38
1988-03-11 00:00:00+00:00,63.0,61.0
1988-03-14 00:00:00+00:00,63.75,61.5
1988-03-15 00:00:00+00:00,63.75,62.25
1988-03-16 00:00:00+00:00,64.75,62.0
1988-03-17 00:00:00+00:00,65.5,63.75
1988-03-18 00:00:00+00:00,64.0,58.25
1988-03-21 00:00:00+00:00,58.75,56.75
1988-03-22 00:00:00+00:00,60.75,58.75
1988-03-23 00:00:00+00:00,62.38,58.75
1988-03-24 00:00:00+00:00,58.75,55.75
1988-03-25 00:00:00+00:00,57.63,55.75
1988-03-28 00:00:00+00:00,57.0,55.0
1988-03-29 00:00:00+00:00,58.25,56.25
1988-03-30 00:00:00+00:00,57.0,54.25
1988-03-31 00:00:00+00:00,56.5,54.5
1988-04-04 00:00:00+00:00,56.5,54.5
1988-04-05 00:00:00+00:00,56.0,54.5
1988-04-06 00:00:00+00:00,58.25,55.75
1988-04-07 00:00:00+00:00,58.75,57.25
1988-04-08 00:00:00+00:00,58.5,57.13
1988-04-11 00:00:00+00:00,58.5,57.0
1988-04-12 00:00:00+00:00,57.75,55.0
1988-04-13 00:00:00+00:00,57.0,55.5
1988-04-14 00:00:00+00:00,56.5,52.75
1988-04-15 00:00:00+00:00,55.0,52.75
1988-04-18 00:00:00+00:00,55.25,53.75
1988-04-19 00:00:00+00:00,57.0,54.0
1988-04-20 00:00:00+00:00,55.0,53.75
1988-04-21 00:00:00+00:00,55.5,53.75
1988-04-22 00:00:00+00:00,55.75,54.5
1988-04-25 00:00:00+00:00,55.75,54.75
1988-04-26 00:00:00+00:00,56.5,55.25
1988-04-27 00:00:00+00:00,56.0,54.25
1988-04-28 00:00:00+00:00,55.75,55.0
1988-04-29 00:00:00+00:00,55.0,54.25
1988-05-02 00:00:00+00:00,55.25,53.5
1988-05-03 00:00:00+00:00,57.0,55.25
1988-05-04 00:00:00+00:00,57.75,56.0
1988-05-05 00:00:00+00:00,57.25,56.25
1988-05-06 00:00:00+00:00,58.0,56.75
1988-05-09 00:00:00+00:00,58.25,56.75
1988-05-10 00:00:00+00:00,57.63,56.25
1988-05-11 00:00:00+00:00,56.5,55.0
1988-05-12 00:00:00+00:00,56.5,55.5
1988-05-13 00:00:00+00:00,57.0,56.25
1988-05-16 00:00:00+00:00,58.88,56.75
1988-05-17 00:00:00+00:00,59.25,58.0
1988-05-18 00:00:00+00:00,58.38,56.5
1988-05-19 00:00:00+00:00,57.25,55.75
1988-05-20 00:00:00+00:00,57.75,56.0
1988-05-23 00:00:00+00:00,56.5,54.5
1988-05-24 00:00:00+00:00,56.75,54.75
1988-05-25 00:00:00+00:00,57.0,55.5
1988-05-26 00:00:00+00:00,57.0,55.75
1988-05-27 00:00:00+00:00,56.25,55.5
1988-05-31 00:00:00+00:00,58.25,55.25
1988-06-01 00:00:00+00:00,60.0,57.75
1988-06-02 00:00:00+00:00,60.0,58.75
1988-06-03 00:00:00+00:00,59.75,58.75
1988-06-06 00:00:00+00:00,61.0,59.25
1988-06-07 00:00:00+00:00,62.0,60.38
1988-06-08 00:00:00+00:00,62.5,60.75
1988-06-09 00:00:00+00:00,62.88,61.63
1988-06-10 00:00:00+00:00,62.75,61.25
1988-06-13 00:00:00+00:00,63.0,62.25
1988-06-14 00:00:00+00:00,63.5,62.75
1988-06-15 00:00:00+00:00,64.0,62.5
1988-06-16 00:00:00+00:00,63.75,63.0
1988-06-17 00:00:00+00:00,64.25,62.75
1988-06-20 00:00:00+00:00,63.0,62.0
1988-06-21 00:00:00+00:00,64.0,62.5
1988-06-22 00:00:00+00:00,67.5,64.37
1988-06-23 00:00:00+00:00,67.25,65.75
1988-06-24 00:00:00+00:00,66.25,65.0
1988-06-27 00:00:00+00:00,65.25,64.0
1988-06-28 00:00:00+00:00,66.0,63.75
1988-06-29 00:00:00+00:00,66.5,65.5
1988-06-30 00:00:00+00:00,67.0,66.0
1988-07-01 00:00:00+00:00,68.0,66.75
1988-07-05 00:00:00+00:00,69.75,67.0
1988-07-06 00:00:00+00:00,70.5,68.5
1988-07-07 00:00:00+00:00,69.0,67.75
1988-07-08 00:00:00+00:00,68.75,67.75
1988-07-11 00:00:00+00:00,68.75,66.75
1988-07-12 00:00:00+00:00,67.25,64.75
1988-07-13 00:00:00+00:00,66.75,65.0
1988-07-14 00:00:00+00:00,67.0,66.0
1988-07-15 00:00:00+00:00,67.25,66.25
1988-07-18 00:00:00+00:00,67.75,67.0
1988-07-19 00:00:00+00:00,67.5,65.75
1988-07-20 00:00:00+00:00,66.5,63.75
1988-07-21 00:00:00+00:00,64.0,60.5
1988-07-22 00:00:00+00:00,62.5,60.5
1988-07-25 00:00:00+00:00,62.5,60.25
1988-07-26 00:00:00+00:00,59.0,56.75
1988-07-27 00:00:00+00:00,59.0,57.5
1988-07-28 00:00:00+00:00,58.5,57.0
1988-07-29 00:00:00+00:00,60.0,58.25
1988-08-01 00:00:00+00:00,60.0,58.5
1988-08-02 00:00:00+00:00,58.75,56.75
1988-08-03 00:00:00+00:00,57.5,55.5
1988-08-04 00:00:00+00:00,56.5,55.5
1988-08-05 00:00:00+00:00,55.5,51.75
1988-08-08 00:00:00+00:00,53.75,52.75
1988-08-09 00:00:00+00:00,53.25,51.0
1988-08-10 00:00:00+00:00,51.75,50.0
1988-08-11 00:00:00+00:00,52.0,50.0
1988-08-12 00:00:00+00:00,52.25,51.5
1988-08-15 00:00:00+00:00,52.25,50.0
1988-08-16 00:00:00+00:00,52.75,50.25
1988-08-17 00:00:00+00:00,53.88,51.38
1988-08-18 00:00:00+00:00,53.25,52.5
1988-08-19 00:00:00+00:00,53.0,50.25
1988-08-22 00:00:00+00:00,50.5,47.75
1988-08-23 00:00:00+00:00,49.75,47.75
1988-08-24 00:00:00+00:00,51.63,49.25
1988-08-25 00:00:00+00:00,51.5,50.0
1988-08-26 00:00:00+00:00,51.75,50.75
1988-08-29 00:00:00+00:00,52.5,51.75
1988-08-30 00:00:00+00:00,52.25,51.0
1988-08-31 00:00:00+00:00,51.75,49.25
1988-09-01 00:00:00+00:00,49.75,48.0
1988-09-02 00:00:00+00:00,51.75,49.5
1988-09-06 00:00:00+00:00,52.5,51.25
1988-09-07 00:00:00+00:00,52.75,50.75
1988-09-08 00:00:00+00:00,53.25,51.25
1988-09-09 00:00:00+00:00,54.75,51.5
1988-09-12 00:00:00+00:00,55.0,53.5
1988-09-13 00:00:00+00:00,54.25,52.75
1988-09-14 00:00:00+00:00,55.25,53.75
1988-09-15 00:00:00+00:00,54.25,52.0
1988-09-16 00:00:00+00:00,52.5,51.75
1988-09-19 00:00:00+00:00,52.5,51.0
1988-09-20 00:00:00+00:00,53.25,51.75
1988-09-21 00:00:00+00:00,54.0,53.5
1988-09-22 00:00:00+00:00,55.0,53.75
1988-09-23 00:00:00+00:00,54.5,53.75
1988-09-26 00:00:00+00:00,54.0,51.75
1988-09-27 00:00:00+00:00,52.25,51.5
1988-09-28 00:00:00+00:00,53.0,51.75
1988-09-29 00:00:00+00:00,53.5,52.5
1988-09-30 00:00:00+00:00,53.0,51.75
1988-10-03 00:00:00+00:00,51.75,50.5
1988-10-04 00:00:00+00:00,52.0,50.88
1988-10-05 00:00:00+00:00,51.25,50.0
1988-10-06 00:00:00+00:00,50.75,50.0
1988-10-07 00:00:00+00:00,50.25,47.88
1988-10-10 00:00:00+00:00,50.0,47.75
1988-10-11 00:00:00+00:00,50.5,49.0
1988-10-12 00:00:00+00:00,51.75,49.0
1988-10-13 00:00:00+00:00,52.25,50.25
1988-10-14 00:00:00+00:00,52.25,51.0
1988-10-17 00:00:00+00:00,52.5,51.25
1988-10-18 00:00:00+00:00,52.75,51.25
1988-10-19 00:00:00+00:00,53.75,52.25
1988-10-20 00:00:00+00:00,54.0,52.75
1988-10-21 00:00:00+00:00,53.5,52.5
1988-10-24 00:00:00+00:00,53.25,51.88
1988-10-25 00:00:00+00:00,52.25,50.0
1988-10-26 00:00:00+00:00,50.5,48.5
1988-10-27 00:00:00+00:00,49.5,47.75
1988-10-28 00:00:00+00:00,49.75,48.5
1988-10-31 00:00:00+00:00,49.25,48.5
1988-11-01 00:00:00+00:00,49.75,48.75
1988-11-02 00:00:00+00:00,48.75,46.75
1988-11-03 00:00:00+00:00,47.75,46.13
1988-11-04 00:00:00+00:00,47.75,46.5
1988-11-07 00:00:00+00:00,47.0,46.0
1988-11-08 00:00:00+00:00,49.0,47.0
1988-11-09 00:00:00+00:00,50.0,47.75
1988-11-10 00:00:00+00:00,50.5,49.0
1988-11-11 00:00:00+00:00,49.0,47.5
1988-11-14 00:00:00+00:00,48.75,47.5
1988-11-15 00:00:00+00:00,48.5,46.5
1988-11-16 00:00:00+00:00,47.25,45.5
1988-11-17 00:00:00+00:00,46.75,45.75
1988-11-18 00:00:00+00:00,46.75,45.75
1988-11-21 00:00:00+00:00,46.25,45.25
1988-11-22 00:00:00+00:00,46.5,45.5
1988-11-23 00:00:00+00:00,47.0,46.0
1988-11-25 00:00:00+00:00,46.5,45.75
1988-11-28 00:00:00+00:00,47.5,46.25
1988-11-29 00:00:00+00:00,47.5,46.75
1988-11-30 00:00:00+00:00,47.75,47.25
1988-12-01 00:00:00+00:00,49.5,47.0
1988-12-02 00:00:00+00:00,50.25,48.5
1988-12-05 00:00:00+00:00,50.5,48.75
1988-12-06 00:00:00+00:00,49.75,49.0
1988-12-07 00:00:00+00:00,50.0,49.13
1988-12-08 00:00:00+00:00,49.5,48.75
1988-12-09 00:00:00+00:00,49.25,48.5
1988-12-12 00:00:00+00:00,49.0,47.38
1988-12-13 00:00:00+00:00,47.75,47.25
1988-12-14 00:00:00+00:00,48.75,47.5
1988-12-15 00:00:00+00:00,49.25,48.5
1988-12-16 00:00:00+00:00,50.25,48.75
1988-12-19 00:00:00+00:00,51.5,50.5
1988-12-20 00:00:00+00:00,52.5,51.0
1988-12-21 00:00:00+00:00,52.5,51.25
1988-12-22 00:00:00+00:00,53.0,51.75
1988-12-23 00:00:00+00:00,52.0,51.5
1988-12-27 00:00:00+00:00,52.5,51.75
1988-12-28 00:00:00+00:00,52.25,51.75
1988-12-29 00:00:00+00:00,53.5,52.0
1988-12-30 00:00:00+00:00,54.25,53.25
1989-01-03 00:00:00+00:00,53.75,52.75
1989-01-04 00:00:00+00:00,54.88,53.5
1989-01-05 00:00:00+00:00,54.75,53.25
1989-01-06 00:00:00+00:00,53.75,53.0
1989-01-09 00:00:00+00:00,53.25,52.13
1989-01-10 00:00:00+00:00,52.5,51.75
1989-01-11 00:00:00+00:00,52.5,51.5
1989-01-12 00:00:00+00:00,53.75,52.25
1989-01-13 00:00:00+00:00,53.25,52.5
1989-01-16 00:00:00+00:00,54.13,52.75
1989-01-17 00:00:00+00:00,52.88,51.25
1989-01-18 00:00:00+00:00,51.75,50.25
1989-01-19 00:00:00+00:00,53.75,52.25
1989-01-20 00:00:00+00:00,54.38,53.25
1989-01-23 00:00:00+00:00,54.0,52.88
1989-01-24 00:00:00+00:00,53.5,52.5
1989-01-25 00:00:00+00:00,53.25,52.5
1989-01-26 00:00:00+00:00,54.5,52.5
1989-01-27 00:00:00+00:00,56.5,53.75
1989-01-30 00:00:00+00:00,58.75,55.25
1989-01-31 00:00:00+00:00,60.25,58.5
1989-02-01 00:00:00+00:00,59.75,59.0
1989-02-02 00:00:00+00:00,63.0,59.25
1989-02-03 00:00:00+00:00,62.5,60.0
1989-02-06 00:00:00+00:00,61.0,59.75
1989-02-07 00:00:00+00:00,62.5,60.5
1989-02-08 00:00:00+00:00,64.0,61.5
1989-02-09 00:00:00+00:00,64.75,61.75
1989-02-10 00:00:00+00:00,63.5,61.63
1989-02-13 00:00:00+00:00,62.0,61.0
1989-02-14 00:00:00+00:00,62.25,60.0
1989-02-15 00:00:00+00:00,62.25,60.25
1989-02-16 00:00:00+00:00,63.5,61.25
1989-02-17 00:00:00+00:00,63.25,62.25
1989-02-21 00:00:00+00:00,62.75,61.5
1989-02-22 00:00:00+00:00,61.75,60.0
1989-02-23 00:00:00+00:00,60.75,59.25
1989-02-24 00:00:00+00:00,60.75,58.75
1989-02-27 00:00:00+00:00,60.25,58.5
1989-02-28 00:00:00+00:00,60.25,59.0
1989-03-01 00:00:00+00:00,60.25,59.25
1989-03-02 00:00:00+00:00,61.0,59.25
1989-03-03 00:00:00+00:00,62.0,60.5
1989-03-06 00:00:00+00:00,62.25,61.0
1989-03-07 00:00:00+00:00,60.0,53.25
1989-03-08 00:00:00+00:00,54.5,52.38
1989-03-09 00:00:00+00:00,52.75,51.5
1989-03-10 00:00:00+00:00,52.5,51.0
1989-03-13 00:00:00+00:00,52.75,51.75
1989-03-14 00:00:00+00:00,53.25,52.25
1989-03-15 00:00:00+00:00,52.75,50.25
1989-03-16 00:00:00+00:00,51.5,50.5
1989-03-17 00:00:00+00:00,50.5,46.0
1989-03-20 00:00:00+00:00,46.5,45.75
1989-03-21 00:00:00+00:00,50.0,46.25
1989-03-22 00:00:00+00:00,49.75,48.5
1989-03-23 00:00:00+00:00,50.25,48.75
1989-03-27 00:00:00+00:00,50.63,49.5
1989-03-28 00:00:00+00:00,50.5,49.25
1989-03-29 00:00:00+00:00,49.75,49.25
1989-03-30 00:00:00+00:00,50.0,49.13
1989-03-31 00:00:00+00:00,50.25,49.5
1989-04-03 00:00:00+00:00,50.75,49.63
1989-04-04 00:00:00+00:00,50.25,49.5
1989-04-05 00:00:00+00:00,50.5,49.75
1989-04-06 00:00:00+00:00,51.5,50.25
1989-04-07 00:00:00+00:00,51.75,51.0
1989-04-10 00:00:00+00:00,52.25,51.25
1989-04-11 00:00:00+00:00,52.0,50.38
1989-04-12 00:00:00+00:00,51.75,47.63
1989-04-13 00:00:00+00:00,50.38,47.5
1989-04-14 00:00:00+00:00,51.25,49.25
1989-04-17 00:00:00+00:00,52.38,50.75
1989-04-18 00:00:00+00:00,53.25,52.0
1989-04-19 00:00:00+00:00,55.75,54.5
1989-04-20 00:00:00+00:00,56.5,54.5
1989-04-21 00:00:00+00:00,56.0,55.0
1989-04-24 00:00:00+00:00,55.5,54.5
1989-04-25 00:00:00+00:00,55.75,54.5
1989-04-26 00:00:00+00:00,55.0,53.63
1989-04-27 00:00:00+00:00,54.88,54.0
1989-04-28 00:00:00+00:00,56.25,53.75
1989-05-01 00:00:00+00:00,56.0,54.25
1989-05-02 00:00:00+00:00,55.0,53.5
1989-05-03 00:00:00+00:00,54.75,54.0
1989-05-04 00:00:00+00:00,54.25,52.25
1989-05-05 00:00:00+00:00,53.25,51.75
1989-05-08 00:00:00+00:00,52.25,51.0
1989-05-09 00:00:00+00:00,53.5,51.5
1989-05-10 00:00:00+00:00,54.75,53.25
1989-05-11 00:00:00+00:00,54.25,53.5
1989-05-12 00:00:00+00:00,55.0,53.5
1989-05-15 00:00:00+00:00,55.0,54.0
1989-05-16 00:00:00+00:00,56.5,54.5
1989-05-17 00:00:00+00:00,58.0,56.38
1989-05-18 00:00:00+00:00,58.63,57.25
1989-05-19 00:00:00+00:00,59.5,58.13
1989-05-22 00:00:00+00:00,59.5,57.75
1989-05-23 00:00:00+00:00,59.0,56.25
1989-05-24 00:00:00+00:00,57.5,55.75
1989-05-25 00:00:00+00:00,58.5,57.0
1989-05-26 00:00:00+00:00,59.0,57.75
1989-05-30 00:00:00+00:00,59.63,58.5
1989-05-31 00:00:00+00:00,61.0,59.0
1989-06-01 00:00:00+00:00,60.75,59.75
1989-06-02 00:00:00+00:00,60.25,58.25
1989-06-05 00:00:00+00:00,58.5,56.5
1989-06-06 00:00:00+00:00,58.63,56.5
1989-06-07 00:00:00+00:00,60.0,58.75
1989-06-08 00:00:00+00:00,60.25,59.5
1989-06-09 00:00:00+00:00,60.13,59.25
1989-06-12 00:00:00+00:00,60.25,58.63
1989-06-13 00:00:00+00:00,58.5,57.25
1989-06-14 00:00:00+00:00,58.0,56.5
1989-06-15 00:00:00+00:00,57.75,56.25
1989-06-16 00:00:00+00:00,57.0,56.25
1989-06-19 00:00:00+00:00,57.0,55.5
1989-06-20 00:00:00+00:00,56.75,54.5
1989-06-21 00:00:00+00:00,56.0,53.25
1989-06-22 00:00:00+00:00,55.5,55.0
1989-06-23 00:00:00+00:00,56.0,55.25
1989-06-26 00:00:00+00:00,55.5,54.25
1989-06-27 00:00:00+00:00,55.25,53.75
1989-06-28 00:00:00+00:00,54.0,52.0
1989-06-29 00:00:00+00:00,52.88,51.25
1989-06-30 00:00:00+00:00,53.5,51.25
1989-07-03 00:00:00+00:00,54.25,53.13
1989-07-05 00:00:00+00:00,55.5,54.0
1989-07-06 00:00:00+00:00,56.0,52.38
1989-07-07 00:00:00+00:00,54.25,52.63
1989-07-10 00:00:00+00:00,55.0,53.5
1989-07-11 00:00:00+00:00,55.5,53.25
1989-07-12 00:00:00+00:00,53.5,52.0
1989-07-13 00:00:00+00:00,53.75,52.5
1989-07-14 00:00:00+00:00,53.5,51.75
1989-07-17 00:00:00+00:00,53.5,52.5
1989-07-18 00:00:00+00:00,54.25,53.25
1989-07-19 00:00:00+00:00,54.5,53.25
1989-07-20 00:00:00+00:00,55.25,53.5
1989-07-21 00:00:00+00:00,56.5,52.75
1989-07-24 00:00:00+00:00,55.75,54.25
1989-07-25 00:00:00+00:00,57.0,51.5
1989-07-26 00:00:00+00:00,53.25,52.0
1989-07-27 00:00:00+00:00,54.0,53.25
1989-07-28 00:00:00+00:00,54.5,53.25
1989-07-31 00:00:00+00:00,55.0,53.75
1989-08-01 00:00:00+00:00,55.25,54.0
1989-08-02 00:00:00+00:00,54.75,54.0
1989-08-03 00:00:00+00:00,55.25,54.25
1989-08-04 00:00:00+00:00,57.5,54.5
1989-08-07 00:00:00+00:00,58.0,57.0
1989-08-08 00:00:00+00:00,59.25,57.5
1989-08-09 00:00:00+00:00,60.0,58.75
1989-08-10 00:00:00+00:00,59.0,58.25
1989-08-11 00:00:00+00:00,59.5,57.75
1989-08-14 00:00:00+00:00,57.75,57.0
1989-08-15 00:00:00+00:00,58.0,56.63
1989-08-16 00:00:00+00:00,58.0,55.5
1989-08-17 00:00:00+00:00,56.75,55.25
1989-08-18 00:00:00+00:00,57.75,56.5
1989-08-21 00:00:00+00:00,57.88,56.0
1989-08-22 00:00:00+00:00,58.75,56.0
1989-08-23 00:00:00+00:00,59.63,58.0
1989-08-24 00:00:00+00:00,60.5,58.25
1989-08-25 00:00:00+00:00,59.25,57.75
1989-08-28 00:00:00+00:00,59.5,58.25
1989-08-29 00:00:00+00:00,60.0,58.38
1989-08-30 00:00:00+00:00,59.63,58.5
1989-08-31 00:00:00+00:00,59.75,58.75
1989-09-01 00:00:00+00:00,60.25,58.75
1989-09-05 00:00:00+00:00,61.0,59.63
1989-09-06 00:00:00+00:00,60.0,58.75
1989-09-07 00:00:00+00:00,59.25,58.0
1989-09-08 00:00:00+00:00,59.5,57.75
1989-09-11 00:00:00+00:00,59.5,58.5
1989-09-12 00:00:00+00:00,61.0,59.25
1989-09-13 00:00:00+00:00,63.5,60.5
1989-09-14 00:00:00+00:00,64.5,62.25
1989-09-15 00:00:00+00:00,64.5,62.5
1989-09-18 00:00:00+00:00,63.5,62.5
1989-09-19 00:00:00+00:00,64.0,62.5
1989-09-20 00:00:00+00:00,65.0,62.25
1989-09-21 00:00:00+00:00,66.75,64.5
1989-09-22 00:00:00+00:00,66.0,64.75
1989-09-25 00:00:00+00:00,68.0,65.5
1989-09-26 00:00:00+00:00,67.5,66.5
1989-09-27 00:00:00+00:00,67.37,65.75
1989-09-28 00:00:00+00:00,68.0,66.5
1989-09-29 00:00:00+00:00,69.5,67.75
1989-10-02 00:00:00+00:00,70.0,68.0
1989-10-03 00:00:00+00:00,70.5,68.87
1989-10-04 00:00:00+00:00,75.75,68.5
1989-10-05 00:00:00+00:00,82.25,75.25
1989-10-06 00:00:00+00:00,80.5,78.25
1989-10-09 00:00:00+00:00,82.0,79.0
1989-10-10 00:00:00+00:00,83.0,80.75
1989-10-11 00:00:00+00:00,80.5,79.0
1989-10-12 00:00:00+00:00,80.5,78.25
1989-10-13 00:00:00+00:00,78.0,73.0
1989-10-16 00:00:00+00:00,76.25,69.0
1989-10-17 00:00:00+00:00,81.5,74.25
1989-10-18 00:00:00+00:00,80.75,78.5
1989-10-19 00:00:00+00:00,86.0,80.25
1989-10-20 00:00:00+00:00,85.5,82.5
1989-10-23 00:00:00+00:00,85.75,82.5
1989-10-24 00:00:00+00:00,82.5,78.75
1989-10-25 00:00:00+00:00,82.75,79.25
1989-10-26 00:00:00+00:00,80.25,77.5
1989-10-27 00:00:00+00:00,78.0,76.25
1989-10-30 00:00:00+00:00,79.75,77.87
1989-10-31 00:00:00+00:00,82.0,80.0
1989-11-01 00:00:00+00:00,83.0,81.75
1989-11-02 00:00:00+00:00,80.87,76.0
1989-11-03 00:00:00+00:00,78.75,76.25
1989-11-06 00:00:00+00:00,79.75,76.5
1989-11-07 00:00:00+00:00,82.37,77.25
1989-11-08 00:00:00+00:00,84.5,82.0
1989-11-09 00:00:00+00:00,84.5,82.5
1989-11-10 00:00:00+00:00,85.0,83.75
1989-11-13 00:00:00+00:00,88.25,83.75
1989-11-14 00:00:00+00:00,89.25,86.0
1989-11-15 00:00:00+00:00,89.25,86.25
1989-11-16 00:00:00+00:00,89.25,86.25
1989-11-17 00:00:00+00:00,88.25,86.75
1989-11-20 00:00:00+00:00,86.75,84.5
1989-11-21 00:00:00+00:00,88.5,86.5
1989-11-22 00:00:00+00:00,88.5,87.5
1989-11-24 00:00:00+00:00,89.0,87.5
1989-11-27 00:00:00+00:00,87.75,85.75
1989-11-28 00:00:00+00:00,88.25,86.25
1989-11-29 00:00:00+00:00,88.0,84.25
1989-11-30 00:00:00+00:00,87.25,83.75
1989-12-01 00:00:00+00:00,87.75,84.87
1989-12-04 00:00:00+00:00,87.25,84.37
1989-12-05 00:00:00+00:00,87.25,86.0
1989-12-06 00:00:00+00:00,87.0,84.5
1989-12-07 00:00:00+00:00,86.25,84.0
1989-12-08 00:00:00+00:00,86.0,83.0
1989-12-11 00:00:00+00:00,84.75,82.0
1989-12-12 00:00:00+00:00,83.75,80.5
1989-12-13 00:00:00+00:00,82.5,79.25
1989-12-14 00:00:00+00:00,79.75,78.0
1989-12-15 00:00:00+00:00,78.5,75.0
1989-12-18 00:00:00+00:00,79.0,77.0
1989-12-19 00:00:00+00:00,80.5,77.75
1989-12-20 00:00:00+00:00,83.0,80.75
1989-12-21 00:00:00+00:00,83.5,81.25
1989-12-22 00:00:00+00:00,86.25,82.75
1989-12-26 00:00:00+00:00,86.37,84.75
1989-12-27 00:00:00+00:00,87.0,85.25
1989-12-28 00:00:00+00:00,85.75,83.0
1989-12-29 00:00:00+00:00,88.25,85.25
1990-01-02 00:00:00+00:00,88.75,86.12
1990-01-03 00:00:00+00:00,90.25,88.5
1990-01-04 00:00:00+00:00,92.0,88.75
1990-01-05 00:00:00+00:00,92.0,89.5
1990-01-08 00:00:00+00:00,91.0,88.5
1990-01-09 00:00:00+00:00,92.0,90.25
1990-01-10 00:00:00+00:00,91.25,88.12
1990-01-11 00:00:00+00:00,89.5,85.0
1990-01-12 00:00:00+00:00,87.25,84.0
1990-01-15 00:00:00+00:00,87.0,85.25
1990-01-16 00:00:00+00:00,89.25,84.5
1990-01-17 00:00:00+00:00,90.5,87.0
1990-01-18 00:00:00+00:00,95.0,89.5
1990-01-19 00:00:00+00:00,96.0,93.5
1990-01-22 00:00:00+00:00,94.0,90.5
1990-01-23 00:00:00+00:00,91.25,89.25
1990-01-24 00:00:00+00:00,90.75,87.12
1990-01-25 00:00:00+00:00,92.5,90.5
1990-01-26 00:00:00+00:00,91.25,90.0
1990-01-29 00:00:00+00:00,92.25,90.25
1990-01-30 00:00:00+00:00,92.5,90.0
1990-01-31 00:00:00+00:00,92.5,91.25
1990-02-01 00:00:00+00:00,94.25,92.5
1990-02-02 00:00:00+00:00,95.5,93.0
1990-02-05 00:00:00+00:00,94.25,93.25
1990-02-06 00:00:00+00:00,94.25,92.25
1990-02-07 00:00:00+00:00,94.75,93.0
1990-02-08 00:00:00+00:00,95.0,93.25
1990-02-09 00:00:00+00:00,94.75,94.0
1990-02-12 00:00:00+00:00,95.5,94.0
1990-02-13 00:00:00+00:00,95.25,94.5
1990-02-14 00:00:00+00:00,95.25,94.5
1990-02-15 00:00:00+00:00,98.0,95.0
1990-02-16 00:00:00+00:00,98.75,97.75
1990-02-20 00:00:00+00:00,100.5,97.0
1990-02-21 00:00:00+00:00,100.0,95.75
1990-02-22 00:00:00+00:00,98.25,96.25
1990-02-23 00:00:00+00:00,97.75,95.5
1990-02-26 00:00:00+00:00,100.0,97.25
1990-02-27 00:00:00+00:00,99.5,98.0
1990-02-28 00:00:00+00:00,99.75,98.0
1990-03-01 00:00:00+00:00,101.75,98.5
1990-03-02 00:00:00+00:00,104.37,100.12
1990-03-05 00:00:00+00:00,105.75,102.25
1990-03-06 00:00:00+00:00,105.0,102.5
1990-03-07 00:00:00+00:00,105.5,102.75
1990-03-08 00:00:00+00:00,107.25,101.75
1990-03-09 00:00:00+00:00,108.0,105.25
1990-03-12 00:00:00+00:00,108.75,106.0
1990-03-13 00:00:00+00:00,109.0,106.25
1990-03-14 00:00:00+00:00,108.75,106.0
1990-03-15 00:00:00+00:00,111.75,107.75
1990-03-16 00:00:00+00:00,115.25,111.75
1990-03-19 00:00:00+00:00,117.0,113.0
1990-03-20 00:00:00+00:00,116.75,112.5
1990-03-21 00:00:00+00:00,115.5,112.25
1990-03-22 00:00:00+00:00,113.75,110.25
1990-03-23 00:00:00+00:00,113.25,109.0
1990-03-26 00:00:00+00:00,112.5,110.37
1990-03-27 00:00:00+00:00,113.0,110.75
1990-03-28 00:00:00+00:00,112.25,108.5
1990-03-29 00:00:00+00:00,112.75,110.0
1990-03-30 00:00:00+00:00,111.0,109.25
1990-04-02 00:00:00+00:00,112.37,109.25
1990-04-03 00:00:00+00:00,116.25,112.5
1990-04-04 00:00:00+00:00,118.75,115.5
1990-04-05 00:00:00+00:00,117.12,114.5
1990-04-06 00:00:00+00:00,115.25,113.25
1990-04-09 00:00:00+00:00,115.25,113.75
1990-04-10 00:00:00+00:00,118.0,114.5
1990-04-11 00:00:00+00:00,121.0,118.25
1990-04-12 00:00:00+00:00,122.0,120.0
1990-04-16 00:00:00+00:00,61.75,60.13
1990-04-17 00:00:00+00:00,63.0,59.75
1990-04-18 00:00:00+00:00,61.75,58.75
1990-04-19 00:00:00+00:00,61.25,59.25
1990-04-20 00:00:00+00:00,60.5,58.75
1990-04-23 00:00:00+00:00,59.5,57.25
1990-04-24 00:00:00+00:00,59.75,56.5
1990-04-25 00:00:00+00:00,58.75,57.0
1990-04-26 00:00:00+00:00,58.75,57.25
1990-04-27 00:00:00+00:00,57.25,55.63
1990-04-30 00:00:00+00:00,58.0,55.75
1990-05-01 00:00:00+00:00,58.75,56.75
1990-05-02 00:00:00+00:00,58.5,57.25
1990-05-03 00:00:00+00:00,59.75,58.25
1990-05-04 00:00:00+00:00,61.75,59.0
1990-05-07 00:00:00+00:00,66.0,61.5
1990-05-08 00:00:00+00:00,63.5,62.25
1990-05-09 00:00:00+00:00,63.25,62.0
1990-05-10 00:00:00+00:00,65.0,62.75
1990-05-11 00:00:00+00:00,66.0,63.25
1990-05-14 00:00:00+00:00,66.5,65.5
1990-05-15 00:00:00+00:00,65.75,64.25
1990-05-16 00:00:00+00:00,64.75,63.5
1990-05-17 00:00:00+00:00,65.25,64.25
1990-05-18 00:00:00+00:00,69.25,64.5
1990-05-21 00:00:00+00:00,72.25,68.75
1990-05-22 00:00:00+00:00,72.25,69.0
1990-05-23 00:00:00+00:00,76.0,71.87
1990-05-24 00:00:00+00:00,78.75,76.0
1990-05-25 00:00:00+00:00,76.25,74.0
1990-05-29 00:00:00+00:00,75.5,74.0
1990-05-30 00:00:00+00:00,76.5,74.75
1990-05-31 00:00:00+00:00,75.5,72.5
1990-06-01 00:00:00+00:00,75.25,73.0
1990-06-04 00:00:00+00:00,77.25,74.0
1990-06-05 00:00:00+00:00,77.5,72.75
1990-06-06 00:00:00+00:00,74.5,72.5
1990-06-07 00:00:00+00:00,73.75,71.0
1990-06-08 00:00:00+00:00,73.75,71.5
1990-06-11 00:00:00+00:00,75.5,73.0
1990-06-12 00:00:00+00:00,76.0,74.5
1990-06-13 00:00:00+00:00,77.75,75.12
1990-06-14 00:00:00+00:00,76.75,74.25
1990-06-15 00:00:00+00:00,77.0,74.5
1990-06-18 00:00:00+00:00,76.25,74.5
1990-06-19 00:00:00+00:00,75.5,73.75
1990-06-20 00:00:00+00:00,77.75,75.0
1990-06-21 00:00:00+00:00,77.75,76.0
1990-06-22 00:00:00+00:00,77.75,75.5
1990-06-25 00:00:00+00:00,76.5,74.25
1990-06-26 00:00:00+00:00,75.62,74.5
1990-06-27 00:00:00+00:00,76.5,74.5
1990-06-28 00:00:00+00:00,77.25,76.12
1990-06-29 00:00:00+00:00,76.5,75.25
1990-07-02 00:00:00+00:00,76.0,73.62
1990-07-03 00:00:00+00:00,73.5,71.5
1990-07-05 00:00:00+00:00,72.5,70.75
1990-07-06 00:00:00+00:00,74.0,71.75
1990-07-09 00:00:00+00:00,74.75,73.25
1990-07-10 00:00:00+00:00,75.0,73.5
1990-07-11 00:00:00+00:00,75.75,73.25
1990-07-12 00:00:00+00:00,77.75,75.25
1990-07-13 00:00:00+00:00,80.5,77.5
1990-07-16 00:00:00+00:00,80.75,78.5
1990-07-17 00:00:00+00:00,79.5,77.0
1990-07-18 00:00:00+00:00,77.75,75.5
1990-07-19 00:00:00+00:00,76.75,73.75
1990-07-20 00:00:00+00:00,78.25,73.0
1990-07-23 00:00:00+00:00,74.0,71.25
1990-07-24 00:00:00+00:00,72.5,66.75
1990-07-25 00:00:00+00:00,71.75,68.75
1990-07-26 00:00:00+00:00,74.0,66.0
1990-07-27 00:00:00+00:00,70.0,67.75
1990-07-30 00:00:00+00:00,69.0,65.75
1990-07-31 00:00:00+00:00,68.62,66.0
1990-08-01 00:00:00+00:00,67.25,63.75
1990-08-02 00:00:00+00:00,66.75,64.25
1990-08-03 00:00:00+00:00,65.75,60.38
1990-08-06 00:00:00+00:00,62.0,58.5
1990-08-07 00:00:00+00:00,62.25,60.0
1990-08-08 00:00:00+00:00,64.0,62.0
1990-08-09 00:00:00+00:00,65.75,63.25
1990-08-10 00:00:00+00:00,65.75,62.75
1990-08-13 00:00:00+00:00,65.5,63.25
1990-08-14 00:00:00+00:00,65.87,63.75
1990-08-15 00:00:00+00:00,65.75,64.25
1990-08-16 00:00:00+00:00,64.5,61.75
1990-08-17 00:00:00+00:00,61.75,60.0
1990-08-20 00:00:00+00:00,60.5,55.5
1990-08-21 00:00:00+00:00,54.75,50.75
1990-08-22 00:00:00+00:00,55.5,53.38
1990-08-23 00:00:00+00:00,53.75,51.0
1990-08-24 00:00:00+00:00,57.75,52.25
1990-08-27 00:00:00+00:00,61.25,59.0
1990-08-28 00:00:00+00:00,63.25,60.0
1990-08-29 00:00:00+00:00,63.75,60.0
1990-08-30 00:00:00+00:00,62.38,60.0
1990-08-31 00:00:00+00:00,62.0,59.25
1990-09-04 00:00:00+00:00,62.5,60.75
1990-09-05 00:00:00+00:00,63.0,58.5
1990-09-06 00:00:00+00:00,58.5,56.25
1990-09-07 00:00:00+00:00,59.0,56.5
1990-09-10 00:00:00+00:00,60.0,55.75
1990-09-11 00:00:00+00:00,56.5,54.5
1990-09-12 00:00:00+00:00,57.75,55.75
1990-09-13 00:00:00+00:00,58.5,57.0
1990-09-14 00:00:00+00:00,60.25,56.38
1990-09-17 00:00:00+00:00,61.75,59.25
1990-09-18 00:00:00+00:00,62.38,59.75
1990-09-19 00:00:00+00:00,63.25,61.75
1990-09-20 00:00:00+00:00,62.0,59.75
1990-09-21 00:00:00+00:00,60.75,58.5
1990-09-24 00:00:00+00:00,60.0,57.5
1990-09-25 00:00:00+00:00,60.5,58.75
1990-09-26 00:00:00+00:00,60.75,59.5
1990-09-27 00:00:00+00:00,61.5,58.25
1990-09-28 00:00:00+00:00,63.5,58.0
1990-10-01 00:00:00+00:00,67.5,64.5
1990-10-02 00:00:00+00:00,68.5,65.5
1990-10-03 00:00:00+00:00,67.37,65.25
1990-10-04 00:00:00+00:00,65.75,64.0
1990-10-05 00:00:00+00:00,65.75,62.25
1990-10-08 00:00:00+00:00,66.5,64.5
1990-10-09 00:00:00+00:00,66.0,62.5
1990-10-10 00:00:00+00:00,62.25,59.0
1990-10-11 00:00:00+00:00,60.25,57.0
1990-10-12 00:00:00+00:00,58.75,54.0
1990-10-15 00:00:00+00:00,58.0,55.5
1990-10-16 00:00:00+00:00,57.63,54.0
1990-10-17 00:00:00+00:00,56.75,53.5
1990-10-18 00:00:00+00:00,61.5,56.75
1990-10-19 00:00:00+00:00,63.25,60.5
1990-10-22 00:00:00+00:00,64.75,61.75
1990-10-23 00:00:00+00:00,65.75,63.25
1990-10-24 00:00:00+00:00,65.5,63.25
1990-10-25 00:00:00+00:00,66.25,64.0
1990-10-26 00:00:00+00:00,64.5,63.25
1990-10-29 00:00:00+00:00,64.25,62.0
1990-10-30 00:00:00+00:00,64.25,62.0
1990-10-31 00:00:00+00:00,65.25,63.75
1990-11-01 00:00:00+00:00,64.25,62.75
1990-11-02 00:00:00+00:00,65.75,63.25
1990-11-05 00:00:00+00:00,66.0,64.75
1990-11-06 00:00:00+00:00,66.5,63.5
1990-11-07 00:00:00+00:00,64.75,63.5
1990-11-08 00:00:00+00:00,64.75,63.0
1990-11-09 00:00:00+00:00,65.5,64.5
1990-11-12 00:00:00+00:00,69.25,66.0
1990-11-13 00:00:00+00:00,69.5,67.75
1990-11-14 00:00:00+00:00,70.0,68.25
1990-11-15 00:00:00+00:00,69.25,67.25
1990-11-16 00:00:00+00:00,68.75,67.25
1990-11-19 00:00:00+00:00,69.75,68.0
1990-11-20 00:00:00+00:00,70.5,68.12
1990-11-21 00:00:00+00:00,69.0,67.0
1990-11-23 00:00:00+00:00,70.25,68.5
1990-11-26 00:00:00+00:00,70.5,67.75
1990-11-27 00:00:00+00:00,72.25,69.75
1990-11-28 00:00:00+00:00,72.75,70.25
1990-11-29 00:00:00+00:00,71.25,69.75
1990-11-30 00:00:00+00:00,74.25,70.5
1990-12-03 00:00:00+00:00,74.5,72.75
1990-12-04 00:00:00+00:00,75.25,73.0
1990-12-05 00:00:00+00:00,75.75,74.25
1990-12-06 00:00:00+00:00,76.75,74.0
1990-12-07 00:00:00+00:00,75.25,72.25
1990-12-10 00:00:00+00:00,75.37,72.75
1990-12-11 00:00:00+00:00,74.5,72.0
1990-12-12 00:00:00+00:00,72.75,70.5
1990-12-13 00:00:00+00:00,73.5,71.75
1990-12-14 00:00:00+00:00,74.25,72.5
1990-12-17 00:00:00+00:00,74.25,72.5
1990-12-18 00:00:00+00:00,75.75,74.25
1990-12-19 00:00:00+00:00,75.75,74.75
1990-12-20 00:00:00+00:00,76.0,74.0
1990-12-21 00:00:00+00:00,76.0,75.25
1990-12-24 00:00:00+00:00,75.5,74.75
1990-12-26 00:00:00+00:00,75.75,74.5
1990-12-27 00:00:00+00:00,75.25,74.5
1990-12-28 00:00:00+00:00,75.25,74.25
1990-12-31 00:00:00+00:00,75.25,74.5
1991-01-02 00:00:00+00:00,75.25,74.75
1991-01-03 00:00:00+00:00,76.0,74.75
1991-01-04 00:00:00+00:00,76.5,75.0
1991-01-07 00:00:00+00:00,77.75,74.75
1991-01-08 00:00:00+00:00,75.25,73.0
1991-01-09 00:00:00+00:00,75.75,73.5
1991-01-10 00:00:00+00:00,78.75,74.25
1991-01-11 00:00:00+00:00,79.0,76.75
1991-01-14 00:00:00+00:00,77.5,75.5
1991-01-15 00:00:00+00:00,79.5,76.75
1991-01-16 00:00:00+00:00,82.87,78.25
1991-01-17 00:00:00+00:00,86.25,83.75
1991-01-18 00:00:00+00:00,85.5,82.25
1991-01-21 00:00:00+00:00,90.0,84.62
1991-01-22 00:00:00+00:00,91.0,87.37
1991-01-23 00:00:00+00:00,90.25,88.25
1991-01-24 00:00:00+00:00,90.87,88.75
1991-01-25 00:00:00+00:00,91.0,89.0
1991-01-28 00:00:00+00:00,94.0,89.0
1991-01-29 00:00:00+00:00,94.37,90.0
1991-01-30 00:00:00+00:00,96.5,91.5
1991-01-31 00:00:00+00:00,99.5,96.0
1991-02-01 00:00:00+00:00,101.0,97.25
1991-02-04 00:00:00+00:00,100.75,98.0
1991-02-05 00:00:00+00:00,102.0,98.0
1991-02-06 00:00:00+00:00,106.5,100.5
1991-02-07 00:00:00+00:00,109.0,102.25
1991-02-08 00:00:00+00:00,104.75,101.75
1991-02-11 00:00:00+00:00,104.5,102.25
1991-02-12 00:00:00+00:00,104.75,102.5
1991-02-13 00:00:00+00:00,105.62,101.75
1991-02-14 00:00:00+00:00,105.5,99.0
1991-02-15 00:00:00+00:00,104.25,101.25
1991-02-19 00:00:00+00:00,103.5,101.5
1991-02-20 00:00:00+00:00,104.0,101.5
1991-02-21 00:00:00+00:00,103.5,100.0
1991-02-22 00:00:00+00:00,104.5,99.75
1991-02-25 00:00:00+00:00,104.0,101.5
1991-02-26 00:00:00+00:00,102.5,100.5
1991-02-27 00:00:00+00:00,105.75,101.25
1991-02-28 00:00:00+00:00,106.25,103.25
1991-03-01 00:00:00+00:00,106.25,102.0
1991-03-04 00:00:00+00:00,107.5,104.5
1991-03-05 00:00:00+00:00,112.5,107.0
1991-03-06 00:00:00+00:00,113.0,106.75
1991-03-07 00:00:00+00:00,107.5,103.5
1991-03-08 00:00:00+00:00,106.0,101.75
1991-03-11 00:00:00+00:00,102.5,97.75
1991-03-12 00:00:00+00:00,98.87,95.62
1991-03-13 00:00:00+00:00,101.12,96.0
1991-03-14 00:00:00+00:00,101.5,97.0
1991-03-15 00:00:00+00:00,98.75,96.25
1991-03-18 00:00:00+00:00,99.75,96.0
1991-03-19 00:00:00+00:00,101.0,96.75
1991-03-20 00:00:00+00:00,101.0,98.75
1991-03-21 00:00:00+00:00,100.75,94.0
1991-03-22 00:00:00+00:00,95.5,93.0
1991-03-25 00:00:00+00:00,98.75,94.0
1991-03-26 00:00:00+00:00,105.25,98.75
1991-03-27 00:00:00+00:00,109.25,105.0
1991-03-28 00:00:00+00:00,108.25,106.0
1991-04-01 00:00:00+00:00,107.75,104.5
1991-04-02 00:00:00+00:00,112.5,106.75
1991-04-03 00:00:00+00:00,116.75,112.75
1991-04-04 00:00:00+00:00,116.75,112.75
1991-04-05 00:00:00+00:00,114.25,109.0
1991-04-08 00:00:00+00:00,113.25,109.5
1991-04-09 00:00:00+00:00,113.25,109.75
1991-04-10 00:00:00+00:00,110.25,105.5
1991-04-11 00:00:00+00:00,111.5,108.0
1991-04-12 00:00:00+00:00,110.0,103.75
1991-04-15 00:00:00+00:00,114.25,105.0
1991-04-16 00:00:00+00:00,114.5,110.0
1991-04-17 00:00:00+00:00,117.5,111.12
1991-04-18 00:00:00+00:00,112.0,108.0
1991-04-19 00:00:00+00:00,109.5,105.0
1991-04-22 00:00:00+00:00,106.25,101.75
1991-04-23 00:00:00+00:00,103.0,100.5
1991-04-24 00:00:00+00:00,104.75,100.5
1991-04-25 00:00:00+00:00,103.75,100.5
1991-04-26 00:00:00+00:00,102.25,98.75
1991-04-29 00:00:00+00:00,101.5,97.75
1991-04-30 00:00:00+00:00,99.25,96.0
1991-05-01 00:00:00+00:00,100.75,97.0
1991-05-02 00:00:00+00:00,102.5,100.25
1991-05-03 00:00:00+00:00,101.25,99.75
1991-05-06 00:00:00+00:00,103.25,100.25
1991-05-07 00:00:00+00:00,103.75,101.25
1991-05-08 00:00:00+00:00,103.25,100.25
1991-05-09 00:00:00+00:00,106.0,102.75
1991-05-10 00:00:00+00:00,107.0,102.0
1991-05-13 00:00:00+00:00,103.75,101.25
1991-05-14 00:00:00+00:00,103.25,100.75
1991-05-15 00:00:00+00:00,100.5,96.62
1991-05-16 00:00:00+00:00,100.0,98.5
1991-05-17 00:00:00+00:00,99.5,98.0
1991-05-20 00:00:00+00:00,100.0,97.75
1991-05-21 00:00:00+00:00,103.25,99.5
1991-05-22 00:00:00+00:00,106.75,102.25
1991-05-23 00:00:00+00:00,109.75,107.0
1991-05-24 00:00:00+00:00,112.5,109.5
1991-05-28 00:00:00+00:00,111.75,110.0
1991-05-29 00:00:00+00:00,112.0,109.75
1991-05-30 00:00:00+00:00,111.75,109.0
1991-05-31 00:00:00+00:00,111.0,108.0
1991-06-03 00:00:00+00:00,112.25,109.0
1991-06-04 00:00:00+00:00,113.5,110.5
1991-06-05 00:00:00+00:00,114.25,112.0
1991-06-06 00:00:00+00:00,113.0,110.5
1991-06-07 00:00:00+00:00,110.25,108.75
1991-06-10 00:00:00+00:00,111.0,109.75
1991-06-11 00:00:00+00:00,113.0,110.5
1991-06-12 00:00:00+00:00,112.25,110.25
1991-06-13 00:00:00+00:00,112.25,110.5
1991-06-14 00:00:00+00:00,113.75,111.0
1991-06-17 00:00:00+00:00,114.75,112.5
1991-06-18 00:00:00+00:00,113.5,109.75
1991-06-19 00:00:00+00:00,109.75,103.0
1991-06-20 00:00:00+00:00,101.75,99.0
1991-06-21 00:00:00+00:00,103.0,101.25
1991-06-24 00:00:00+00:00,101.5,97.5
1991-06-25 00:00:00+00:00,100.25,98.0
1991-06-26 00:00:00+00:00,101.5,98.25
1991-06-27 00:00:00+00:00,68.25,66.75
1991-06-28 00:00:00+00:00,68.75,65.5
1991-07-01 00:00:00+00:00,71.62,67.75
1991-07-02 00:00:00+00:00,72.25,68.0
1991-07-03 00:00:00+00:00,65.0,61.75
1991-07-05 00:00:00+00:00,63.75,61.5
1991-07-08 00:00:00+00:00,67.25,60.5
1991-07-09 00:00:00+00:00,68.75,66.5
1991-07-10 00:00:00+00:00,68.75,65.0
1991-07-11 00:00:00+00:00,66.75,65.0
1991-07-12 00:00:00+00:00,68.5,66.0
1991-07-15 00:00:00+00:00,70.25,68.5
1991-07-16 00:00:00+00:00,70.0,67.5
1991-07-17 00:00:00+00:00,67.75,65.0
1991-07-18 00:00:00+00:00,69.25,66.75
1991-07-19 00:00:00+00:00,68.0,66.0
1991-07-22 00:00:00+00:00,68.75,66.5
1991-07-23 00:00:00+00:00,68.25,66.5
1991-07-24 00:00:00+00:00,67.25,65.0
1991-07-25 00:00:00+00:00,68.0,65.87
1991-07-26 00:00:00+00:00,71.75,66.75
1991-07-29 00:00:00+00:00,71.25,68.75
1991-07-30 00:00:00+00:00,73.0,69.75
1991-07-31 00:00:00+00:00,74.0,72.75
1991-08-01 00:00:00+00:00,74.0,73.0
1991-08-02 00:00:00+00:00,74.75,73.25
1991-08-05 00:00:00+00:00,73.25,71.75
1991-08-06 00:00:00+00:00,75.0,72.25
1991-08-07 00:00:00+00:00,76.5,74.5
1991-08-08 00:00:00+00:00,79.25,76.0
1991-08-09 00:00:00+00:00,82.0,78.25
1991-08-12 00:00:00+00:00,83.75,79.75
1991-08-13 00:00:00+00:00,83.75,82.25
1991-08-14 00:00:00+00:00,83.5,82.0
1991-08-15 00:00:00+00:00,83.25,81.0
1991-08-16 00:00:00+00:00,82.37,80.25
1991-08-19 00:00:00+00:00,81.25,77.0
1991-08-20 00:00:00+00:00,81.87,80.0
1991-08-21 00:00:00+00:00,84.5,81.75
1991-08-22 00:00:00+00:00,85.25,83.25
1991-08-23 00:00:00+00:00,86.5,84.0
1991-08-26 00:00:00+00:00,85.25,83.5
1991-08-27 00:00:00+00:00,85.0,84.0
1991-08-28 00:00:00+00:00,86.75,84.5
1991-08-29 00:00:00+00:00,86.5,85.0
1991-08-30 00:00:00+00:00,86.25,84.5
1991-09-03 00:00:00+00:00,85.0,82.5
1991-09-04 00:00:00+00:00,83.5,81.0
1991-09-05 00:00:00+00:00,83.0,80.0
1991-09-06 00:00:00+00:00,82.25,80.25
1991-09-09 00:00:00+00:00,81.5,80.25
1991-09-10 00:00:00+00:00,82.5,80.0
1991-09-11 00:00:00+00:00,82.25,80.5
1991-09-12 00:00:00+00:00,85.75,83.0
1991-09-13 00:00:00+00:00,85.75,82.5
1991-09-16 00:00:00+00:00,83.5,82.25
1991-09-17 00:00:00+00:00,84.75,82.0
1991-09-18 00:00:00+00:00,85.5,83.75
1991-09-19 00:00:00+00:00,87.25,84.75
1991-09-20 00:00:00+00:00,87.0,86.0
1991-09-23 00:00:00+00:00,86.5,84.5
1991-09-24 00:00:00+00:00,88.25,85.25
1991-09-25 00:00:00+00:00,88.37,86.5
1991-09-26 00:00:00+00:00,90.0,87.25
1991-09-27 00:00:00+00:00,89.5,87.75
1991-09-30 00:00:00+00:00,89.5,87.0
1991-10-01 00:00:00+00:00,89.25,88.0
1991-10-02 00:00:00+00:00,90.5,86.25
1991-10-03 00:00:00+00:00,88.25,86.25
1991-10-04 00:00:00+00:00,89.0,87.5
1991-10-07 00:00:00+00:00,88.87,86.75
1991-10-08 00:00:00+00:00,89.5,88.0
1991-10-09 00:00:00+00:00,91.25,89.25
1991-10-10 00:00:00+00:00,90.5,88.5
1991-10-11 00:00:00+00:00,91.0,87.75
1991-10-14 00:00:00+00:00,92.25,90.0
1991-10-15 00:00:00+00:00,92.25,90.75
1991-10-16 00:00:00+00:00,91.5,89.87
1991-10-17 00:00:00+00:00,90.75,88.5
1991-10-18 00:00:00+00:00,91.25,89.75
1991-10-21 00:00:00+00:00,91.5,89.75
1991-10-22 00:00:00+00:00,92.75,91.25
1991-10-23 00:00:00+00:00,92.0,89.75
1991-10-24 00:00:00+00:00,90.5,89.25
1991-10-25 00:00:00+00:00,90.75,89.25
1991-10-28 00:00:00+00:00,90.25,87.75
1991-10-29 00:00:00+00:00,90.75,89.75
1991-10-30 00:00:00+00:00,94.75,90.75
1991-10-31 00:00:00+00:00,95.25,93.25
1991-11-01 00:00:00+00:00,93.75,92.0
1991-11-04 00:00:00+00:00,92.5,90.75
1991-11-05 00:00:00+00:00,94.5,91.0
1991-11-06 00:00:00+00:00,95.5,93.25
1991-11-07 00:00:00+00:00,95.75,94.5
1991-11-08 00:00:00+00:00,96.75,95.0
1991-11-11 00:00:00+00:00,98.0,95.62
1991-11-12 00:00:00+00:00,100.75,98.0
1991-11-13 00:00:00+00:00,101.75,98.75
1991-11-14 00:00:00+00:00,101.5,98.75
1991-11-15 00:00:00+00:00,100.5,94.75
1991-11-18 00:00:00+00:00,97.75,95.0
1991-11-19 00:00:00+00:00,97.37,94.25
1991-11-20 00:00:00+00:00,97.5,96.0
1991-11-21 00:00:00+00:00,97.25,95.75
1991-11-22 00:00:00+00:00,97.5,95.25
1991-11-25 00:00:00+00:00,97.0,95.25
1991-11-26 00:00:00+00:00,96.25,92.75
1991-11-27 00:00:00+00:00,95.5,94.0
1991-11-29 00:00:00+00:00,97.75,94.75
1991-12-02 00:00:00+00:00,101.5,96.0
1991-12-03 00:00:00+00:00,102.75,99.5
1991-12-04 00:00:00+00:00,103.0,100.0
1991-12-05 00:00:00+00:00,102.25,100.75
1991-12-06 00:00:00+00:00,105.25,101.0
1991-12-09 00:00:00+00:00,103.75,101.25
1991-12-10 00:00:00+00:00,102.0,100.0
1991-12-11 00:00:00+00:00,102.75,99.5
1991-12-12 00:00:00+00:00,103.25,100.5
1991-12-13 00:00:00+00:00,102.75,101.5
1991-12-16 00:00:00+00:00,102.25,100.75
1991-12-17 00:00:00+00:00,103.5,100.25
1991-12-18 00:00:00+00:00,103.25,101.25
1991-12-19 00:00:00+00:00,103.25,101.25
1991-12-20 00:00:00+00:00,105.0,102.25
1991-12-23 00:00:00+00:00,106.75,102.5
1991-12-24 00:00:00+00:00,107.5,106.0
1991-12-26 00:00:00+00:00,108.25,105.75
1991-12-27 00:00:00+00:00,111.5,107.75
1991-12-30 00:00:00+00:00,111.25,109.5
1991-12-31 00:00:00+00:00,112.0,108.75
1992-01-02 00:00:00+00:00,114.75,109.5
1992-01-03 00:00:00+00:00,114.25,111.75
1992-01-06 00:00:00+00:00,117.75,112.37
1992-01-07 00:00:00+00:00,120.25,115.75
1992-01-08 00:00:00+00:00,125.75,118.75
1992-01-09 00:00:00+00:00,129.0,124.0
1992-01-10 00:00:00+00:00,127.75,124.0
1992-01-13 00:00:00+00:00,128.88,122.75
1992-01-14 00:00:00+00:00,128.5,126.0
1992-01-15 00:00:00+00:00,133.25,128.25
1992-01-16 00:00:00+00:00,132.0,127.5
1992-01-17 00:00:00+00:00,129.5,123.75
1992-01-20 00:00:00+00:00,127.25,122.5
1992-01-21 00:00:00+00:00,123.0,116.0
1992-01-22 00:00:00+00:00,125.5,119.0
1992-01-23 00:00:00+00:00,129.38,123.75
1992-01-24 00:00:00+00:00,125.5,124.0
1992-01-27 00:00:00+00:00,125.5,120.5
1992-01-28 00:00:00+00:00,121.75,116.0
1992-01-29 00:00:00+00:00,125.75,121.75
1992-01-30 00:00:00+00:00,124.75,121.5
1992-01-31 00:00:00+00:00,123.75,119.75
1992-02-03 00:00:00+00:00,125.5,117.5
1992-02-04 00:00:00+00:00,126.0,122.5
1992-02-05 00:00:00+00:00,128.5,123.5
1992-02-06 00:00:00+00:00,129.0,125.75
1992-02-07 00:00:00+00:00,127.5,124.0
1992-02-10 00:00:00+00:00,126.0,122.0
1992-02-11 00:00:00+00:00,124.75,121.5
1992-02-12 00:00:00+00:00,126.75,118.62
1992-02-13 00:00:00+00:00,126.5,121.5
1992-02-14 00:00:00+00:00,122.5,118.0
1992-02-18 00:00:00+00:00,122.25,118.0
1992-02-19 00:00:00+00:00,118.0,113.5
1992-02-20 00:00:00+00:00,119.25,115.75
1992-02-21 00:00:00+00:00,118.5,113.75
1992-02-24 00:00:00+00:00,116.5,113.0
1992-02-25 00:00:00+00:00,116.5,113.25
1992-02-26 00:00:00+00:00,122.0,116.0
1992-02-27 00:00:00+00:00,125.25,122.75
1992-02-28 00:00:00+00:00,126.5,122.25
1992-03-02 00:00:00+00:00,125.75,121.75
1992-03-03 00:00:00+00:00,125.25,122.5
1992-03-04 00:00:00+00:00,124.25,121.75
1992-03-05 00:00:00+00:00,123.25,119.25
1992-03-06 00:00:00+00:00,122.0,116.75
1992-03-09 00:00:00+00:00,120.5,118.25
1992-03-10 00:00:00+00:00,122.75,119.25
1992-03-11 00:00:00+00:00,123.25,119.25
1992-03-12 00:00:00+00:00,121.5,118.5
1992-03-13 00:00:00+00:00,123.0,120.5
1992-03-16 00:00:00+00:00,124.25,120.5
1992-03-17 00:00:00+00:00,128.75,124.75
1992-03-18 00:00:00+00:00,129.0,126.0
1992-03-19 00:00:00+00:00,130.25,126.25
1992-03-20 00:00:00+00:00,129.0,127.5
1992-03-23 00:00:00+00:00,129.25,127.75
1992-03-24 00:00:00+00:00,129.88,126.5
1992-03-25 00:00:00+00:00,129.25,127.0
1992-03-26 00:00:00+00:00,129.0,124.25
1992-03-27 00:00:00+00:00,125.0,119.5
1992-03-30 00:00:00+00:00,122.0,120.0
1992-03-31 00:00:00+00:00,122.0,117.75
1992-04-01 00:00:00+00:00,120.75,117.0
1992-04-02 00:00:00+00:00,121.5,116.75
1992-04-03 00:00:00+00:00,119.25,116.75
1992-04-06 00:00:00+00:00,121.62,117.75
1992-04-07 00:00:00+00:00,122.5,115.75
1992-04-08 00:00:00+00:00,117.5,113.25
1992-04-09 00:00:00+00:00,120.25,116.62
1992-04-10 00:00:00+00:00,122.0,114.0
1992-04-13 00:00:00+00:00,118.12,114.25
1992-04-14 00:00:00+00:00,120.25,116.5
1992-04-15 00:00:00+00:00,129.25,126.5
1992-04-16 00:00:00+00:00,129.0,127.0
1992-04-20 00:00:00+00:00,125.0,115.5
1992-04-21 00:00:00+00:00,118.5,115.5
1992-04-22 00:00:00+00:00,118.5,114.5
1992-04-23 00:00:00+00:00,119.0,112.25
1992-04-24 00:00:00+00:00,116.75,112.0
1992-04-27 00:00:00+00:00,116.5,112.5
1992-04-28 00:00:00+00:00,114.5,107.0
1992-04-29 00:00:00+00:00,111.5,108.25
1992-04-30 00:00:00+00:00,112.75,109.75
1992-05-01 00:00:00+00:00,114.0,110.25
1992-05-04 00:00:00+00:00,116.0,112.5
1992-05-05 00:00:00+00:00,117.5,113.25
1992-05-06 00:00:00+00:00,117.25,115.5
1992-05-07 00:00:00+00:00,116.5,114.25
1992-05-08 00:00:00+00:00,117.0,113.25
1992-05-11 00:00:00+00:00,115.25,113.25
1992-05-12 00:00:00+00:00,115.25,112.75
1992-05-13 00:00:00+00:00,114.25,111.0
1992-05-14 00:00:00+00:00,113.0,109.25
1992-05-15 00:00:00+00:00,111.5,109.5
1992-05-18 00:00:00+00:00,113.5,110.5
1992-05-19 00:00:00+00:00,114.5,113.25
1992-05-20 00:00:00+00:00,117.0,114.5
1992-05-21 00:00:00+00:00,117.0,115.25
1992-05-22 00:00:00+00:00,117.0,115.0
1992-05-26 00:00:00+00:00,117.0,115.0
1992-05-27 00:00:00+00:00,116.25,114.75
1992-05-28 00:00:00+00:00,119.5,114.5
1992-05-29 00:00:00+00:00,122.25,119.5
1992-06-01 00:00:00+00:00,124.25,120.0
1992-06-02 00:00:00+00:00,124.5,122.25
1992-06-03 00:00:00+00:00,124.25,122.5
1992-06-04 00:00:00+00:00,123.5,122.5
1992-06-05 00:00:00+00:00,123.0,120.75
1992-06-08 00:00:00+00:00,121.0,118.25
1992-06-09 00:00:00+00:00,119.0,114.0
1992-06-10 00:00:00+00:00,115.5,112.0
1992-06-11 00:00:00+00:00,115.25,107.5
1992-06-12 00:00:00+00:00,113.0,108.87
1992-06-15 00:00:00+00:00,78.0,75.0
1992-06-16 00:00:00+00:00,76.5,72.5
1992-06-17 00:00:00+00:00,73.25,71.5
1992-06-18 00:00:00+00:00,74.75,71.0
1992-06-19 00:00:00+00:00,74.25,72.75
1992-06-22 00:00:00+00:00,74.5,71.5
1992-06-23 00:00:00+00:00,75.75,72.75
1992-06-24 00:00:00+00:00,73.75,71.75
1992-06-25 00:00:00+00:00,72.25,66.5
1992-06-26 00:00:00+00:00,69.75,65.75
1992-06-29 00:00:00+00:00,72.75,68.25
1992-06-30 00:00:00+00:00,73.0,69.5
1992-07-01 00:00:00+00:00,72.75,69.5
1992-07-02 00:00:00+00:00,73.0,68.75
1992-07-06 00:00:00+00:00,70.25,67.75
1992-07-07 00:00:00+00:00,69.75,67.25
1992-07-08 00:00:00+00:00,69.0,65.5
1992-07-09 00:00:00+00:00,70.75,68.25
1992-07-10 00:00:00+00:00,70.0,67.62
1992-07-13 00:00:00+00:00,71.25,68.5
1992-07-14 00:00:00+00:00,71.5,70.25
1992-07-15 00:00:00+00:00,73.25,71.0
1992-07-16 00:00:00+00:00,72.25,70.75
1992-07-17 00:00:00+00:00,72.0,69.75
1992-07-20 00:00:00+00:00,70.25,68.5
1992-07-21 00:00:00+00:00,72.75,69.5
1992-07-22 00:00:00+00:00,71.75,69.5
1992-07-23 00:00:00+00:00,72.25,68.75
1992-07-24 00:00:00+00:00,73.75,71.0
1992-07-27 00:00:00+00:00,73.5,72.25
1992-07-28 00:00:00+00:00,74.5,72.75
1992-07-29 00:00:00+00:00,74.75,72.0
1992-07-30 00:00:00+00:00,74.5,73.0
1992-07-31 00:00:00+00:00,73.5,72.25
1992-08-03 00:00:00+00:00,74.25,72.0
1992-08-04 00:00:00+00:00,74.5,73.5
1992-08-05 00:00:00+00:00,73.75,71.25
1992-08-06 00:00:00+00:00,72.0,70.25
1992-08-07 00:00:00+00:00,73.75,70.5
1992-08-10 00:00:00+00:00,72.5,70.75
1992-08-11 00:00:00+00:00,71.87,70.0
1992-08-12 00:00:00+00:00,72.5,70.75
1992-08-13 00:00:00+00:00,71.75,70.5
1992-08-14 00:00:00+00:00,71.75,70.75
1992-08-17 00:00:00+00:00,71.0,69.5
1992-08-18 00:00:00+00:00,70.75,68.0
1992-08-19 00:00:00+00:00,70.5,68.75
1992-08-20 00:00:00+00:00,70.75,69.0
1992-08-21 00:00:00+00:00,70.87,69.0
1992-08-24 00:00:00+00:00,70.0,68.75
1992-08-25 00:00:00+00:00,70.75,68.5
1992-08-26 00:00:00+00:00,72.25,70.25
1992-08-27 00:00:00+00:00,74.0,72.0
1992-08-28 00:00:00+00:00,74.5,73.5
1992-08-31 00:00:00+00:00,75.0,73.5
1992-09-01 00:00:00+00:00,74.62,73.25
1992-09-02 00:00:00+00:00,75.75,73.75
1992-09-03 00:00:00+00:00,77.25,75.5
1992-09-04 00:00:00+00:00,76.5,75.5
1992-09-08 00:00:00+00:00,76.87,75.25
1992-09-09 00:00:00+00:00,78.37,76.5
1992-09-10 00:00:00+00:00,79.0,77.5
1992-09-11 00:00:00+00:00,79.25,78.0
1992-09-14 00:00:00+00:00,82.0,79.75
1992-09-15 00:00:00+00:00,81.75,80.0
1992-09-16 00:00:00+00:00,81.75,79.5
1992-09-17 00:00:00+00:00,81.5,80.25
1992-09-18 00:00:00+00:00,81.5,78.37
1992-09-21 00:00:00+00:00,79.5,78.25
1992-09-22 00:00:00+00:00,79.12,77.5
1992-09-23 00:00:00+00:00,79.75,77.5
1992-09-24 00:00:00+00:00,80.5,79.25
1992-09-25 00:00:00+00:00,80.37,76.0
1992-09-28 00:00:00+00:00,78.25,76.25
1992-09-29 00:00:00+00:00,79.0,77.0
1992-09-30 00:00:00+00:00,80.5,78.75
1992-10-01 00:00:00+00:00,81.0,79.5
1992-10-02 00:00:00+00:00,79.75,78.0
1992-10-05 00:00:00+00:00,81.75,75.75
1992-10-06 00:00:00+00:00,83.5,81.25
1992-10-07 00:00:00+00:00,84.25,81.0
1992-10-08 00:00:00+00:00,84.5,81.75
1992-10-09 00:00:00+00:00,83.5,81.5
1992-10-12 00:00:00+00:00,84.0,82.75
1992-10-13 00:00:00+00:00,85.37,83.25
1992-10-14 00:00:00+00:00,85.0,83.0
1992-10-15 00:00:00+00:00,84.75,82.75
1992-10-16 00:00:00+00:00,85.5,83.75
1992-10-19 00:00:00+00:00,88.25,85.0
1992-10-20 00:00:00+00:00,89.75,87.0
1992-10-21 00:00:00+00:00,90.0,87.75
1992-10-22 00:00:00+00:00,90.25,88.25
1992-10-23 00:00:00+00:00,90.25,88.25
1992-10-26 00:00:00+00:00,90.25,87.75
1992-10-27 00:00:00+00:00,90.25,87.5
1992-10-28 00:00:00+00:00,88.75,87.25
1992-10-29 00:00:00+00:00,90.0,88.5
1992-10-30 00:00:00+00:00,90.0,88.5
1992-11-02 00:00:00+00:00,90.0,87.75
1992-11-03 00:00:00+00:00,89.75,87.62
1992-11-04 00:00:00+00:00,89.75,88.0
1992-11-05 00:00:00+00:00,92.25,88.25
1992-11-06 00:00:00+00:00,93.25,91.25
1992-11-09 00:00:00+00:00,92.75,90.5
1992-11-10 00:00:00+00:00,93.25,91.5
1992-11-11 00:00:00+00:00,95.0,92.25
1992-11-12 00:00:00+00:00,94.25,92.0
1992-11-13 00:00:00+00:00,93.75,92.5
1992-11-16 00:00:00+00:00,93.5,92.25
1992-11-17 00:00:00+00:00,94.0,89.25
1992-11-18 00:00:00+00:00,92.5,89.87
1992-11-19 00:00:00+00:00,95.0,92.25
1992-11-20 00:00:00+00:00,95.0,93.75
1992-11-23 00:00:00+00:00,91.75,87.25
1992-11-24 00:00:00+00:00,92.75,89.25
1992-11-25 00:00:00+00:00,92.5,90.25
1992-11-27 00:00:00+00:00,92.5,91.0
1992-11-30 00:00:00+00:00,93.25,91.75
1992-12-01 00:00:00+00:00,93.5,92.0
1992-12-02 00:00:00+00:00,93.5,90.5
1992-12-03 00:00:00+00:00,92.5,90.5
1992-12-04 00:00:00+00:00,92.5,91.25
1992-12-07 00:00:00+00:00,93.5,91.0
1992-12-08 00:00:00+00:00,94.0,91.5
1992-12-09 00:00:00+00:00,93.25,91.25
1992-12-10 00:00:00+00:00,91.75,88.5
1992-12-11 00:00:00+00:00,89.0,85.75
1992-12-14 00:00:00+00:00,88.25,86.5
1992-12-15 00:00:00+00:00,87.75,85.5
1992-12-16 00:00:00+00:00,88.25,85.25
1992-12-17 00:00:00+00:00,90.25,87.0
1992-12-18 00:00:00+00:00,90.25,88.5
1992-12-21 00:00:00+00:00,92.0,89.25
1992-12-22 00:00:00+00:00,91.5,87.0
1992-12-23 00:00:00+00:00,88.25,86.0
1992-12-24 00:00:00+00:00,87.25,86.0
1992-12-28 00:00:00+00:00,87.75,86.0
1992-12-29 00:00:00+00:00,87.5,86.25
1992-12-30 00:00:00+00:00,87.0,85.25
1992-12-31 00:00:00+00:00,86.25,85.25
1993-01-04 00:00:00+00:00,85.75,84.5
1993-01-05 00:00:00+00:00,86.75,84.75
1993-01-06 00:00:00+00:00,89.25,86.75
1993-01-07 00:00:00+00:00,89.87,87.0
1993-01-08 00:00:00+00:00,88.25,86.25
1993-01-11 00:00:00+00:00,89.25,86.25
1993-01-12 00:00:00+00:00,91.25,88.75
1993-01-13 00:00:00+00:00,92.25,88.25
1993-01-14 00:00:00+00:00,94.0,90.5
1993-01-15 00:00:00+00:00,91.0,87.0
1993-01-18 00:00:00+00:00,89.75,88.25
1993-01-19 00:00:00+00:00,89.25,88.25
1993-01-20 00:00:00+00:00,89.0,87.75
1993-01-21 00:00:00+00:00,90.0,86.75
1993-01-22 00:00:00+00:00,90.25,88.75
1993-01-25 00:00:00+00:00,90.25,87.75
1993-01-26 00:00:00+00:00,90.0,87.5
1993-01-27 00:00:00+00:00,87.75,85.5
1993-01-28 00:00:00+00:00,87.12,84.75
1993-01-29 00:00:00+00:00,88.0,85.75
1993-02-01 00:00:00+00:00,88.0,85.5
1993-02-02 00:00:00+00:00,89.5,87.25
1993-02-03 00:00:00+00:00,90.25,88.0
1993-02-04 00:00:00+00:00,87.75,84.5
1993-02-05 00:00:00+00:00,89.5,82.25
1993-02-08 00:00:00+00:00,89.0,85.0
1993-02-09 00:00:00+00:00,87.25,83.5
1993-02-10 00:00:00+00:00,86.25,84.0
1993-02-11 00:00:00+00:00,86.5,84.75
1993-02-12 00:00:00+00:00,85.25,83.25
1993-02-16 00:00:00+00:00,83.75,79.75
1993-02-17 00:00:00+00:00,81.25,77.25
1993-02-18 00:00:00+00:00,82.75,79.0
1993-02-19 00:00:00+00:00,82.0,79.5
1993-02-22 00:00:00+00:00,81.0,76.75
1993-02-23 00:00:00+00:00,80.5,76.75
1993-02-24 00:00:00+00:00,84.0,78.75
1993-02-25 00:00:00+00:00,85.0,82.5
1993-02-26 00:00:00+00:00,85.0,83.0
1993-03-01 00:00:00+00:00,83.75,81.25
1993-03-02 00:00:00+00:00,84.75,81.25
1993-03-03 00:00:00+00:00,85.5,83.5
1993-03-04 00:00:00+00:00,84.75,81.75
1993-03-05 00:00:00+00:00,85.0,82.5
1993-03-08 00:00:00+00:00,84.5,82.0
1993-03-09 00:00:00+00:00,85.0,83.75
1993-03-10 00:00:00+00:00,85.75,83.5
1993-03-11 00:00:00+00:00,87.75,85.0
1993-03-12 00:00:00+00:00,89.25,85.25
1993-03-15 00:00:00+00:00,89.25,87.0
1993-03-16 00:00:00+00:00,88.75,87.0
1993-03-17 00:00:00+00:00,87.5,85.25
1993-03-18 00:00:00+00:00,86.75,85.0
1993-03-19 00:00:00+00:00,85.75,84.0
1993-03-22 00:00:00+00:00,84.0,82.5
1993-03-23 00:00:00+00:00,85.0,83.0
1993-03-24 00:00:00+00:00,86.75,83.0
1993-03-25 00:00:00+00:00,88.25,86.37
1993-03-26 00:00:00+00:00,88.25,86.0
1993-03-29 00:00:00+00:00,88.5,86.75
1993-03-30 00:00:00+00:00,91.25,87.25
1993-03-31 00:00:00+00:00,94.25,90.75
1993-04-01 00:00:00+00:00,94.75,92.5
1993-04-02 00:00:00+00:00,92.0,89.75
1993-04-05 00:00:00+00:00,92.25,88.0
1993-04-06 00:00:00+00:00,93.0,89.25
1993-04-07 00:00:00+00:00,90.5,89.25
1993-04-08 00:00:00+00:00,90.25,88.25
1993-04-12 00:00:00+00:00,91.25,88.5
1993-04-13 00:00:00+00:00,92.25,88.75
1993-04-14 00:00:00+00:00,90.25,87.75
1993-04-15 00:00:00+00:00,89.87,86.0
1993-04-16 00:00:00+00:00,87.75,85.5
1993-04-19 00:00:00+00:00,87.25,85.0
1993-04-20 00:00:00+00:00,87.5,85.0
1993-04-21 00:00:00+00:00,86.75,84.25
1993-04-22 00:00:00+00:00,85.0,82.87
1993-04-23 00:00:00+00:00,83.25,80.75
1993-04-26 00:00:00+00:00,82.5,79.75
1993-04-27 00:00:00+00:00,82.75,80.25
1993-04-28 00:00:00+00:00,86.0,82.75
1993-04-29 00:00:00+00:00,85.75,84.0
1993-04-30 00:00:00+00:00,86.75,85.0
1993-05-03 00:00:00+00:00,87.0,85.0
1993-05-04 00:00:00+00:00,88.5,86.5
1993-05-05 00:00:00+00:00,90.0,87.5
1993-05-06 00:00:00+00:00,89.75,86.75
1993-05-07 00:00:00+00:00,87.75,86.5
1993-05-10 00:00:00+00:00,90.0,88.0
1993-05-11 00:00:00+00:00,88.75,87.25
1993-05-12 00:00:00+00:00,88.0,85.75
1993-05-13 00:00:00+00:00,86.0,84.5
1993-05-14 00:00:00+00:00,86.75,84.75
1993-05-17 00:00:00+00:00,86.62,85.25
1993-05-18 00:00:00+00:00,88.75,86.5
1993-05-19 00:00:00+00:00,93.0,89.5
1993-05-20 00:00:00+00:00,95.25,92.0
1993-05-21 00:00:00+00:00,94.25,92.0
1993-05-24 00:00:00+00:00,94.0,92.0
1993-05-25 00:00:00+00:00,92.0,90.0
1993-05-26 00:00:00+00:00,95.25,91.25
1993-05-27 00:00:00+00:00,95.5,93.0
1993-05-28 00:00:00+00:00,93.75,91.75
1993-06-01 00:00:00+00:00,98.0,92.75
1993-06-02 00:00:00+00:00,97.5,95.25
1993-06-03 00:00:00+00:00,96.0,94.5
1993-06-04 00:00:00+00:00,94.5,93.5
1993-06-07 00:00:00+00:00,95.75,93.0
1993-06-08 00:00:00+00:00,93.25,90.75
1993-06-09 00:00:00+00:00,93.0,90.75
1993-06-10 00:00:00+00:00,92.5,89.5
1993-06-11 00:00:00+00:00,92.5,89.0
1993-06-14 00:00:00+00:00,92.25,90.25
1993-06-15 00:00:00+00:00,93.0,91.5
1993-06-16 00:00:00+00:00,93.25,89.25
1993-06-17 00:00:00+00:00,91.75,90.5
1993-06-18 00:00:00+00:00,91.25,87.0
1993-06-21 00:00:00+00:00,89.25,87.0
1993-06-22 00:00:00+00:00,89.75,87.25
1993-06-23 00:00:00+00:00,89.25,87.75
1993-06-24 00:00:00+00:00,89.5,87.25
1993-06-25 00:00:00+00:00,89.25,86.75
1993-06-28 00:00:00+00:00,90.25,88.5
1993-06-29 00:00:00+00:00,91.75,88.5
1993-06-30 00:00:00+00:00,90.25,87.25
1993-07-01 00:00:00+00:00,88.5,86.5
1993-07-02 00:00:00+00:00,87.5,86.5
1993-07-06 00:00:00+00:00,87.75,85.25
1993-07-07 00:00:00+00:00,84.25,81.25
1993-07-08 00:00:00+00:00,85.5,84.0
1993-07-09 00:00:00+00:00,85.0,83.5
1993-07-12 00:00:00+00:00,84.75,83.5
1993-07-13 00:00:00+00:00,84.0,82.5
1993-07-14 00:00:00+00:00,85.5,82.5
1993-07-15 00:00:00+00:00,84.25,82.75
1993-07-16 00:00:00+00:00,83.25,80.75
1993-07-19 00:00:00+00:00,80.25,78.0
1993-07-20 00:00:00+00:00,80.5,78.0
1993-07-21 00:00:00+00:00,79.0,76.75
1993-07-22 00:00:00+00:00,81.75,76.75
1993-07-23 00:00:00+00:00,78.25,76.75
1993-07-26 00:00:00+00:00,79.25,77.75
1993-07-27 00:00:00+00:00,78.75,75.5
1993-07-28 00:00:00+00:00,79.5,74.75
1993-07-29 00:00:00+00:00,80.75,77.5
1993-07-30 00:00:00+00:00,74.25,72.0
1993-08-02 00:00:00+00:00,75.75,72.25
1993-08-03 00:00:00+00:00,73.25,72.0
1993-08-04 00:00:00+00:00,73.75,71.75
1993-08-05 00:00:00+00:00,75.0,73.25
1993-08-06 00:00:00+00:00,75.87,72.75
1993-08-09 00:00:00+00:00,74.0,72.25
1993-08-10 00:00:00+00:00,73.25,70.37
1993-08-11 00:00:00+00:00,73.0,71.12
1993-08-12 00:00:00+00:00,74.5,72.25
1993-08-13 00:00:00+00:00,75.75,73.0
1993-08-16 00:00:00+00:00,78.25,75.5
1993-08-17 00:00:00+00:00,78.5,76.0
1993-08-18 00:00:00+00:00,79.25,76.5
1993-08-19 00:00:00+00:00,77.87,73.75
1993-08-20 00:00:00+00:00,76.75,73.25
1993-08-23 00:00:00+00:00,78.25,75.5
1993-08-24 00:00:00+00:00,77.0,75.75
1993-08-25 00:00:00+00:00,76.0,72.87
1993-08-26 00:00:00+00:00,73.75,71.5
1993-08-27 00:00:00+00:00,72.5,71.25
1993-08-30 00:00:00+00:00,73.25,71.75
1993-08-31 00:00:00+00:00,75.5,73.5
1993-09-01 00:00:00+00:00,77.25,75.0
1993-09-02 00:00:00+00:00,78.5,76.12
1993-09-03 00:00:00+00:00,76.75,75.25
1993-09-07 00:00:00+00:00,76.25,74.25
1993-09-08 00:00:00+00:00,74.75,73.25
1993-09-09 00:00:00+00:00,76.5,74.5
1993-09-10 00:00:00+00:00,78.25,76.25
1993-09-13 00:00:00+00:00,78.5,76.25
1993-09-14 00:00:00+00:00,76.25,74.25
1993-09-15 00:00:00+00:00,76.75,74.37
1993-09-16 00:00:00+00:00,77.25,75.75
1993-09-17 00:00:00+00:00,76.5,75.25
1993-09-20 00:00:00+00:00,77.75,75.0
1993-09-21 00:00:00+00:00,77.37,74.75
1993-09-22 00:00:00+00:00,78.0,75.25
1993-09-23 00:00:00+00:00,79.25,76.75
1993-09-24 00:00:00+00:00,80.75,78.5
1993-09-27 00:00:00+00:00,82.5,81.25
1993-09-28 00:00:00+00:00,84.25,82.25
1993-09-29 00:00:00+00:00,84.0,80.75
1993-09-30 00:00:00+00:00,83.25,82.25
1993-10-01 00:00:00+00:00,83.25,82.0
1993-10-04 00:00:00+00:00,84.0,82.5
1993-10-05 00:00:00+00:00,84.75,82.5
1993-10-06 00:00:00+00:00,85.5,83.0
1993-10-07 00:00:00+00:00,85.75,83.75
1993-10-08 00:00:00+00:00,84.75,82.25
1993-10-11 00:00:00+00:00,84.75,82.25
1993-10-12 00:00:00+00:00,85.25,82.25
1993-10-13 00:00:00+00:00,84.25,81.25
1993-10-14 00:00:00+00:00,84.0,82.0
1993-10-15 00:00:00+00:00,83.0,80.25
1993-10-18 00:00:00+00:00,83.25,80.75
1993-10-19 00:00:00+00:00,84.0,79.5
1993-10-20 00:00:00+00:00,81.75,79.25
1993-10-21 00:00:00+00:00,80.0,78.0
1993-10-22 00:00:00+00:00,80.75,79.25
1993-10-25 00:00:00+00:00,81.25,79.0
1993-10-26 00:00:00+00:00,80.75,79.25
1993-10-27 00:00:00+00:00,80.5,79.5
1993-10-28 00:00:00+00:00,80.5,78.75
1993-10-29 00:00:00+00:00,80.25,79.25
1993-11-01 00:00:00+00:00,81.5,79.75
1993-11-02 00:00:00+00:00,81.5,79.5
1993-11-03 00:00:00+00:00,80.5,77.75
1993-11-04 00:00:00+00:00,79.0,76.5
1993-11-05 00:00:00+00:00,79.0,76.0
1993-11-08 00:00:00+00:00,79.5,77.75
1993-11-09 00:00:00+00:00,80.0,78.0
1993-11-10 00:00:00+00:00,81.62,79.0
1993-11-11 00:00:00+00:00,82.5,81.0
1993-11-12 00:00:00+00:00,82.5,81.75
1993-11-15 00:00:00+00:00,82.0,80.5
1993-11-16 00:00:00+00:00,82.75,80.5
1993-11-17 00:00:00+00:00,83.0,80.75
1993-11-18 00:00:00+00:00,81.5,80.0
1993-11-19 00:00:00+00:00,80.25,79.5
1993-11-22 00:00:00+00:00,79.75,76.5
1993-11-23 00:00:00+00:00,78.5,77.25
1993-11-24 00:00:00+00:00,79.75,77.5
1993-11-26 00:00:00+00:00,79.25,78.75
1993-11-29 00:00:00+00:00,80.0,79.0
1993-11-30 00:00:00+00:00,80.5,78.25
1993-12-01 00:00:00+00:00,82.25,80.5
1993-12-02 00:00:00+00:00,83.0,81.75
1993-12-03 00:00:00+00:00,86.5,83.5
1993-12-06 00:00:00+00:00,85.5,84.0
1993-12-07 00:00:00+00:00,86.0,85.0
1993-12-08 00:00:00+00:00,83.75,82.25
1993-12-09 00:00:00+00:00,83.5,80.5
1993-12-10 00:00:00+00:00,82.25,80.75
1993-12-13 00:00:00+00:00,82.0,80.75
1993-12-14 00:00:00+00:00,81.5,79.25
1993-12-15 00:00:00+00:00,81.0,79.75
1993-12-16 00:00:00+00:00,81.0,79.75
1993-12-17 00:00:00+00:00,80.5,79.75
1993-12-20 00:00:00+00:00,82.0,80.5
1993-12-21 00:00:00+00:00,82.5,81.5
1993-12-22 00:00:00+00:00,82.5,81.0
1993-12-23 00:00:00+00:00,82.25,80.75
1993-12-27 00:00:00+00:00,81.25,79.75
1993-12-28 00:00:00+00:00,83.0,80.5
1993-12-29 00:00:00+00:00,83.5,80.5
1993-12-30 00:00:00+00:00,82.25,80.75
1993-12-31 00:00:00+00:00,81.5,80.25
1994-01-03 00:00:00+00:00,80.75,79.25
1994-01-04 00:00:00+00:00,80.75,79.25
1994-01-05 00:00:00+00:00,82.5,80.0
1994-01-06 00:00:00+00:00,84.75,82.5
1994-01-07 00:00:00+00:00,85.75,83.25
1994-01-10 00:00:00+00:00,86.5,85.0
1994-01-11 00:00:00+00:00,86.0,84.37
1994-01-12 00:00:00+00:00,85.75,83.75
1994-01-13 00:00:00+00:00,85.5,84.0
1994-01-14 00:00:00+00:00,86.0,84.75
1994-01-17 00:00:00+00:00,86.0,84.5
1994-01-18 00:00:00+00:00,85.5,84.0
1994-01-19 00:00:00+00:00,84.25,82.5
1994-01-20 00:00:00+00:00,86.37,83.25
1994-01-21 00:00:00+00:00,87.0,85.0
1994-01-24 00:00:00+00:00,87.0,85.0
1994-01-25 00:00:00+00:00,85.37,84.0
1994-01-26 00:00:00+00:00,85.0,84.0
1994-01-27 00:00:00+00:00,84.75,83.25
1994-01-28 00:00:00+00:00,85.5,84.25
1994-01-31 00:00:00+00:00,85.87,84.75
1994-02-01 00:00:00+00:00,85.75,84.5
1994-02-02 00:00:00+00:00,85.5,84.0
1994-02-03 00:00:00+00:00,84.5,83.5
1994-02-04 00:00:00+00:00,84.5,81.25
1994-02-07 00:00:00+00:00,81.25,79.5
1994-02-08 00:00:00+00:00,80.5,78.0
1994-02-09 00:00:00+00:00,80.25,78.0
1994-02-10 00:00:00+00:00,80.75,79.0
1994-02-11 00:00:00+00:00,79.5,78.0
1994-02-14 00:00:00+00:00,79.5,78.75
1994-02-15 00:00:00+00:00,80.25,79.25
1994-02-16 00:00:00+00:00,80.25,78.75
1994-02-17 00:00:00+00:00,79.5,78.0
1994-02-18 00:00:00+00:00,80.75,78.5
1994-02-22 00:00:00+00:00,80.25,78.5
1994-02-23 00:00:00+00:00,82.0,78.25
1994-02-24 00:00:00+00:00,80.75,79.25
1994-02-25 00:00:00+00:00,81.25,79.75
1994-02-28 00:00:00+00:00,83.0,81.0
1994-03-01 00:00:00+00:00,83.25,82.25
1994-03-02 00:00:00+00:00,83.0,81.0
1994-03-03 00:00:00+00:00,83.25,80.5
1994-03-04 00:00:00+00:00,81.5,80.5
1994-03-07 00:00:00+00:00,82.25,80.75
1994-03-08 00:00:00+00:00,81.25,79.75
1994-03-09 00:00:00+00:00,81.75,80.0
1994-03-10 00:00:00+00:00,82.25,80.5
1994-03-11 00:00:00+00:00,82.25,80.75
1994-03-14 00:00:00+00:00,84.25,82.25
1994-03-15 00:00:00+00:00,85.25,83.5
1994-03-16 00:00:00+00:00,85.25,84.5
1994-03-17 00:00:00+00:00,85.25,84.5
1994-03-18 00:00:00+00:00,85.0,83.5
1994-03-21 00:00:00+00:00,85.37,83.0
1994-03-22 00:00:00+00:00,85.75,82.25
1994-03-23 00:00:00+00:00,87.5,85.0
1994-03-24 00:00:00+00:00,87.25,85.0
1994-03-25 00:00:00+00:00,89.25,87.0
1994-03-28 00:00:00+00:00,88.0,83.75
1994-03-29 00:00:00+00:00,86.5,82.5
1994-03-30 00:00:00+00:00,85.0,82.5
1994-03-31 00:00:00+00:00,85.75,82.5
1994-04-04 00:00:00+00:00,85.75,82.0
1994-04-05 00:00:00+00:00,87.75,85.0
1994-04-06 00:00:00+00:00,89.25,87.25
1994-04-07 00:00:00+00:00,90.12,88.75
1994-04-08 00:00:00+00:00,90.0,86.75
1994-04-11 00:00:00+00:00,87.25,86.0
1994-04-12 00:00:00+00:00,86.75,84.0
1994-04-13 00:00:00+00:00,85.5,83.0
1994-04-14 00:00:00+00:00,85.25,83.75
1994-04-15 00:00:00+00:00,85.25,83.5
1994-04-18 00:00:00+00:00,85.75,82.25
1994-04-19 00:00:00+00:00,89.5,85.75
1994-04-20 00:00:00+00:00,89.62,87.0
1994-04-21 00:00:00+00:00,91.75,89.25
1994-04-22 00:00:00+00:00,92.75,90.75
1994-04-25 00:00:00+00:00,94.25,91.5
1994-04-26 00:00:00+00:00,95.25,94.0
1994-04-28 00:00:00+00:00,95.25,91.75
1994-04-29 00:00:00+00:00,93.5,91.25
1994-05-02 00:00:00+00:00,95.56,92.0
1994-05-03 00:00:00+00:00,95.5,93.25
1994-05-04 00:00:00+00:00,95.25,92.75
1994-05-05 00:00:00+00:00,96.25,94.0
1994-05-06 00:00:00+00:00,94.25,90.87
1994-05-09 00:00:00+00:00,93.62,91.62
1994-05-10 00:00:00+00:00,94.5,92.75
1994-05-11 00:00:00+00:00,94.25,92.75
1994-05-12 00:00:00+00:00,95.3,93.25
1994-05-13 00:00:00+00:00,97.5,94.5
1994-05-16 00:00:00+00:00,96.75,94.75
1994-05-17 00:00:00+00:00,95.25,93.5
1994-05-18 00:00:00+00:00,97.5,94.75
1994-05-19 00:00:00+00:00,99.0,97.0
1994-05-20 00:00:00+00:00,99.25,97.25
1994-05-23 00:00:00+00:00,51.0,48.5
1994-05-24 00:00:00+00:00,51.88,50.25
1994-05-25 00:00:00+00:00,52.75,50.25
1994-05-26 00:00:00+00:00,52.75,51.25
1994-05-27 00:00:00+00:00,52.75,51.25
1994-05-31 00:00:00+00:00,53.77,51.88
1994-06-01 00:00:00+00:00,53.5,52.38
1994-06-02 00:00:00+00:00,53.38,52.0
1994-06-03 00:00:00+00:00,53.5,52.25
1994-06-06 00:00:00+00:00,54.63,51.75
1994-06-07 00:00:00+00:00,54.25,53.5
1994-06-08 00:00:00+00:00,53.63,51.63
1994-06-09 00:00:00+00:00,52.56,51.75
1994-06-10 00:00:00+00:00,53.0,51.88
1994-06-13 00:00:00+00:00,53.38,51.88
1994-06-14 00:00:00+00:00,54.13,53.0
1994-06-15 00:00:00+00:00,54.63,53.25
1994-06-16 00:00:00+00:00,54.25,53.5
1994-06-17 00:00:00+00:00,53.63,52.88
1994-06-20 00:00:00+00:00,53.5,52.38
1994-06-21 00:00:00+00:00,53.38,52.0
1994-06-22 00:00:00+00:00,53.0,51.25
1994-06-23 00:00:00+00:00,52.25,50.0
1994-06-24 00:00:00+00:00,50.38,49.25
1994-06-27 00:00:00+00:00,52.13,49.38
1994-06-28 00:00:00+00:00,52.75,50.19
1994-06-29 00:00:00+00:00,51.88,50.88
1994-06-30 00:00:00+00:00,52.13,51.0
1994-07-01 00:00:00+00:00,51.75,49.86
1994-07-05 00:00:00+00:00,51.0,49.0
1994-07-06 00:00:00+00:00,49.0,47.75
1994-07-07 00:00:00+00:00,50.5,47.94
1994-07-08 00:00:00+00:00,50.88,49.13
1994-07-11 00:00:00+00:00,49.63,47.75
1994-07-12 00:00:00+00:00,48.25,46.88
1994-07-13 00:00:00+00:00,49.5,47.88
1994-07-14 00:00:00+00:00,49.63,48.38
1994-07-15 00:00:00+00:00,49.38,48.0
1994-07-18 00:00:00+00:00,51.75,49.5
1994-07-19 00:00:00+00:00,50.63,49.63
1994-07-20 00:00:00+00:00,50.0,47.88
1994-07-21 00:00:00+00:00,48.88,47.5
1994-07-22 00:00:00+00:00,50.75,47.25
1994-07-25 00:00:00+00:00,51.63,50.25
1994-07-26 00:00:00+00:00,51.25,49.75
1994-07-27 00:00:00+00:00,50.38,49.5
1994-07-28 00:00:00+00:00,50.25,49.25
1994-07-29 00:00:00+00:00,51.63,49.63
1994-08-01 00:00:00+00:00,53.63,51.5
1994-08-02 00:00:00+00:00,54.63,52.63
1994-08-03 00:00:00+00:00,54.0,53.13
1994-08-04 00:00:00+00:00,53.63,52.75
1994-08-05 00:00:00+00:00,52.88,52.25
1994-08-08 00:00:00+00:00,53.0,52.0
1994-08-09 00:00:00+00:00,53.88,52.75
1994-08-10 00:00:00+00:00,54.38,53.25
1994-08-11 00:00:00+00:00,56.0,53.88
1994-08-12 00:00:00+00:00,55.63,54.88
1994-08-15 00:00:00+00:00,55.5,54.38
1994-08-16 00:00:00+00:00,55.13,54.0
1994-08-17 00:00:00+00:00,56.25,55.13
1994-08-18 00:00:00+00:00,56.38,55.38
1994-08-19 00:00:00+00:00,56.0,54.75
1994-08-22 00:00:00+00:00,55.0,54.5
1994-08-23 00:00:00+00:00,56.38,54.5
1994-08-24 00:00:00+00:00,56.0,55.5
1994-08-25 00:00:00+00:00,56.75,55.75
1994-08-26 00:00:00+00:00,57.75,56.25
1994-08-29 00:00:00+00:00,58.13,57.0
1994-08-30 00:00:00+00:00,58.5,56.63
1994-08-31 00:00:00+00:00,59.25,57.75
1994-09-01 00:00:00+00:00,57.0,55.75
1994-09-02 00:00:00+00:00,56.5,55.75
1994-09-06 00:00:00+00:00,56.25,55.69
1994-09-07 00:00:00+00:00,57.81,56.13
1994-09-08 00:00:00+00:00,58.0,57.0
1994-09-09 00:00:00+00:00,57.88,55.88
1994-09-12 00:00:00+00:00,57.13,55.88
1994-09-13 00:00:00+00:00,57.88,56.38
1994-09-14 00:00:00+00:00,58.13,57.5
1994-09-15 00:00:00+00:00,58.25,57.38
1994-09-16 00:00:00+00:00,58.13,56.75
1994-09-19 00:00:00+00:00,57.25,56.63
1994-09-20 00:00:00+00:00,57.13,55.94
1994-09-21 00:00:00+00:00,57.38,55.0
1994-09-22 00:00:00+00:00,57.5,56.63
1994-09-23 00:00:00+00:00,57.5,56.0
1994-09-26 00:00:00+00:00,56.0,55.25
1994-09-27 00:00:00+00:00,56.5,54.88
1994-09-28 00:00:00+00:00,57.5,56.5
1994-09-29 00:00:00+00:00,57.25,56.38
1994-09-30 00:00:00+00:00,57.5,56.13
1994-10-03 00:00:00+00:00,56.38,55.5
1994-10-04 00:00:00+00:00,56.13,54.88
1994-10-05 00:00:00+00:00,55.88,54.13
1994-10-06 00:00:00+00:00,55.88,54.25
1994-10-07 00:00:00+00:00,54.88,53.88
1994-10-10 00:00:00+00:00,55.38,54.38
1994-10-11 00:00:00+00:00,56.63,55.13
1994-10-12 00:00:00+00:00,56.5,55.75
1994-10-13 00:00:00+00:00,57.75,56.63
1994-10-14 00:00:00+00:00,57.38,55.19
1994-10-17 00:00:00+00:00,56.25,55.0
1994-10-18 00:00:00+00:00,56.75,55.06
1994-10-19 00:00:00+00:00,58.0,56.25
1994-10-20 00:00:00+00:00,59.88,57.88
1994-10-21 00:00:00+00:00,59.63,58.38
1994-10-24 00:00:00+00:00,59.5,58.38
1994-10-25 00:00:00+00:00,59.75,58.38
1994-10-26 00:00:00+00:00,61.13,59.75
1994-10-27 00:00:00+00:00,61.63,60.75
1994-10-28 00:00:00+00:00,62.38,61.38
1994-10-31 00:00:00+00:00,63.75,62.0
1994-11-01 00:00:00+00:00,62.88,62.13
1994-11-02 00:00:00+00:00,64.12,62.5
1994-11-03 00:00:00+00:00,63.25,62.38
1994-11-04 00:00:00+00:00,63.13,61.31
1994-11-07 00:00:00+00:00,62.0,60.88
1994-11-08 00:00:00+00:00,63.88,61.69
1994-11-09 00:00:00+00:00,64.62,63.13
1994-11-10 00:00:00+00:00,64.37,63.5
1994-11-11 00:00:00+00:00,62.69,60.75
1994-11-14 00:00:00+00:00,64.5,62.75
1994-11-15 00:00:00+00:00,65.12,64.25
1994-11-16 00:00:00+00:00,64.87,64.5
1994-11-17 00:00:00+00:00,64.75,63.88
1994-11-18 00:00:00+00:00,64.75,64.0
1994-11-21 00:00:00+00:00,64.75,63.38
1994-11-22 00:00:00+00:00,63.88,61.88
1994-11-23 00:00:00+00:00,62.06,61.06
1994-11-25 00:00:00+00:00,62.38,61.63
1994-11-28 00:00:00+00:00,63.5,62.25
1994-11-29 00:00:00+00:00,64.37,63.5
1994-11-30 00:00:00+00:00,64.25,62.75
1994-12-01 00:00:00+00:00,63.41,62.5
1994-12-02 00:00:00+00:00,63.25,62.0
1994-12-05 00:00:00+00:00,64.25,63.13
1994-12-06 00:00:00+00:00,64.12,63.0
1994-12-07 00:00:00+00:00,63.88,63.0
1994-12-08 00:00:00+00:00,63.75,62.25
1994-12-09 00:00:00+00:00,63.25,62.25
1994-12-12 00:00:00+00:00,63.5,61.63
1994-12-13 00:00:00+00:00,63.5,62.25
1994-12-14 00:00:00+00:00,63.63,62.5
1994-12-15 00:00:00+00:00,64.12,63.0
1994-12-16 00:00:00+00:00,64.25,63.2
1994-12-19 00:00:00+00:00,63.63,62.5
1994-12-20 00:00:00+00:00,62.75,58.75
1994-12-21 00:00:00+00:00,61.63,60.13
1994-12-22 00:00:00+00:00,62.0,60.25
1994-12-23 00:00:00+00:00,61.38,60.38
1994-12-27 00:00:00+00:00,61.63,60.63
1994-12-28 00:00:00+00:00,61.0,60.0
1994-12-29 00:00:00+00:00,61.88,60.63
1994-12-30 00:00:00+00:00,61.88,61.13
1995-01-03 00:00:00+00:00,61.5,60.13
1995-01-04 00:00:00+00:00,60.75,59.5
1995-01-05 00:00:00+00:00,61.0,59.38
1995-01-06 00:00:00+00:00,61.25,59.75
1995-01-09 00:00:00+00:00,61.0,59.75
1995-01-10 00:00:00+00:00,61.5,60.5
1995-01-11 00:00:00+00:00,61.75,60.75
1995-01-12 00:00:00+00:00,62.13,61.0
1995-01-13 00:00:00+00:00,63.0,61.88
1995-01-16 00:00:00+00:00,64.5,63.0
1995-01-17 00:00:00+00:00,65.12,64.37
1995-01-18 00:00:00+00:00,65.25,64.25
1995-01-19 00:00:00+00:00,65.0,63.44
1995-01-20 00:00:00+00:00,63.5,61.25
1995-01-23 00:00:00+00:00,63.0,60.5
1995-01-24 00:00:00+00:00,63.13,62.0
1995-01-25 00:00:00+00:00,62.25,61.0
1995-01-26 00:00:00+00:00,61.0,59.75
1995-01-27 00:00:00+00:00,60.25,59.75
1995-01-30 00:00:00+00:00,60.13,58.88
1995-01-31 00:00:00+00:00,59.75,58.25
1995-02-01 00:00:00+00:00,60.75,58.98
1995-02-02 00:00:00+00:00,59.38,58.38
1995-02-03 00:00:00+00:00,60.5,59.25
1995-02-06 00:00:00+00:00,61.13,60.13
1995-02-07 00:00:00+00:00,61.13,60.63
1995-02-08 00:00:00+00:00,62.0,61.0
1995-02-09 00:00:00+00:00,62.5,61.75
1995-02-10 00:00:00+00:00,62.63,61.5
1995-02-13 00:00:00+00:00,62.75,61.63
1995-02-14 00:00:00+00:00,62.25,61.5
1995-02-15 00:00:00+00:00,61.38,59.63
1995-02-16 00:00:00+00:00,61.13,60.25
1995-02-17 00:00:00+00:00,60.88,60.25
1995-02-21 00:00:00+00:00,60.75,59.5
1995-02-22 00:00:00+00:00,62.0,59.63
1995-02-23 00:00:00+00:00,62.13,61.0
1995-02-24 00:00:00+00:00,61.88,61.25
1995-02-27 00:00:00+00:00,62.0,61.13
1995-02-28 00:00:00+00:00,63.25,61.75
1995-03-01 00:00:00+00:00,64.0,62.75
1995-03-02 00:00:00+00:00,63.75,63.13
1995-03-03 00:00:00+00:00,63.88,63.13
1995-03-06 00:00:00+00:00,64.37,62.88
1995-03-07 00:00:00+00:00,66.02,64.25
1995-03-08 00:00:00+00:00,68.62,65.75
1995-03-09 00:00:00+00:00,68.75,66.87
1995-03-10 00:00:00+00:00,68.75,66.5
1995-03-13 00:00:00+00:00,69.69,68.25
1995-03-14 00:00:00+00:00,72.0,69.25
1995-03-15 00:00:00+00:00,71.87,70.37
1995-03-16 00:00:00+00:00,70.5,69.62
1995-03-17 00:00:00+00:00,71.75,69.87
1995-03-20 00:00:00+00:00,71.5,70.0
1995-03-21 00:00:00+00:00,71.5,70.37
1995-03-22 00:00:00+00:00,71.0,69.87
1995-03-23 00:00:00+00:00,73.25,71.25
1995-03-24 00:00:00+00:00,74.12,73.12
1995-03-27 00:00:00+00:00,73.87,72.62
1995-03-28 00:00:00+00:00,74.0,72.87
1995-03-29 00:00:00+00:00,74.0,72.06
1995-03-30 00:00:00+00:00,72.75,70.37
1995-03-31 00:00:00+00:00,72.12,70.5
1995-04-03 00:00:00+00:00,71.37,69.5
1995-04-04 00:00:00+00:00,71.5,69.75
1995-04-05 00:00:00+00:00,70.62,68.75
1995-04-06 00:00:00+00:00,70.87,69.44
1995-04-07 00:00:00+00:00,70.75,69.5
1995-04-10 00:00:00+00:00,71.25,69.37
1995-04-11 00:00:00+00:00,72.14,71.12
1995-04-12 00:00:00+00:00,73.25,70.75
1995-04-13 00:00:00+00:00,72.5,71.12
1995-04-17 00:00:00+00:00,78.12,75.5
1995-04-18 00:00:00+00:00,77.5,76.0
1995-04-19 00:00:00+00:00,77.0,75.5
1995-04-20 00:00:00+00:00,76.87,74.0
1995-04-21 00:00:00+00:00,75.87,74.87
1995-04-24 00:00:00+00:00,77.77,75.12
1995-04-25 00:00:00+00:00,80.12,77.62
1995-04-26 00:00:00+00:00,80.25,79.12
1995-04-27 00:00:00+00:00,80.5,76.37
1995-04-28 00:00:00+00:00,82.12,78.62
1995-05-01 00:00:00+00:00,83.75,81.75
1995-05-02 00:00:00+00:00,82.25,79.5
1995-05-03 00:00:00+00:00,81.0,80.25
1995-05-04 00:00:00+00:00,83.25,81.0
1995-05-05 00:00:00+00:00,81.62,79.87
1995-05-08 00:00:00+00:00,80.37,79.12
1995-05-09 00:00:00+00:00,80.37,79.12
1995-05-10 00:00:00+00:00,80.37,78.87
1995-05-11 00:00:00+00:00,81.5,79.0
1995-05-12 00:00:00+00:00,82.25,80.37
1995-05-15 00:00:00+00:00,82.0,79.87
1995-05-16 00:00:00+00:00,85.02,81.5
1995-05-17 00:00:00+00:00,86.87,85.12
1995-05-18 00:00:00+00:00,86.75,84.62
1995-05-19 00:00:00+00:00,85.5,84.0
1995-05-22 00:00:00+00:00,87.5,84.0
1995-05-23 00:00:00+00:00,88.5,86.03
1995-05-24 00:00:00+00:00,89.5,87.0
1995-05-25 00:00:00+00:00,89.37,87.12
1995-05-26 00:00:00+00:00,89.25,87.0
1995-05-30 00:00:00+00:00,88.37,82.62
1995-05-31 00:00:00+00:00,84.75,81.0
1995-06-01 00:00:00+00:00,85.62,83.87
1995-06-02 00:00:00+00:00,84.12,82.62
1995-06-05 00:00:00+00:00,85.37,81.75
1995-06-06 00:00:00+00:00,86.02,83.12
1995-06-07 00:00:00+00:00,84.75,82.12
1995-06-08 00:00:00+00:00,84.62,83.62
1995-06-09 00:00:00+00:00,85.87,82.62
1995-06-12 00:00:00+00:00,84.75,83.25
1995-06-13 00:00:00+00:00,84.75,83.37
1995-06-14 00:00:00+00:00,84.12,82.75
1995-06-15 00:00:00+00:00,85.0,83.87
1995-06-16 00:00:00+00:00,87.5,84.87
1995-06-19 00:00:00+00:00,89.89,86.87
1995-06-20 00:00:00+00:00,91.37,89.75
1995-06-21 00:00:00+00:00,92.37,90.0
1995-06-22 00:00:00+00:00,92.0,90.62
1995-06-23 00:00:00+00:00,92.19,90.25
1995-06-26 00:00:00+00:00,91.12,89.5
1995-06-27 00:00:00+00:00,90.5,86.75
1995-06-28 00:00:00+00:00,89.0,84.87
1995-06-29 00:00:00+00:00,89.75,88.0
1995-06-30 00:00:00+00:00,91.0,89.62
1995-07-03 00:00:00+00:00,91.12,90.37
1995-07-05 00:00:00+00:00,92.0,90.37
1995-07-06 00:00:00+00:00,93.0,90.37
1995-07-07 00:00:00+00:00,95.62,92.75
1995-07-10 00:00:00+00:00,99.75,95.75
1995-07-11 00:00:00+00:00,99.12,96.5
1995-07-12 00:00:00+00:00,100.0,96.75
1995-07-13 00:00:00+00:00,101.5,98.12
1995-07-14 00:00:00+00:00,103.62,98.0
1995-07-17 00:00:00+00:00,109.25,106.5
1995-07-18 00:00:00+00:00,107.12,101.25
1995-07-19 00:00:00+00:00,98.75,88.5
1995-07-20 00:00:00+00:00,97.37,94.0
1995-07-21 00:00:00+00:00,96.0,91.75
1995-07-24 00:00:00+00:00,93.75,92.12
1995-07-25 00:00:00+00:00,97.62,95.0
1995-07-26 00:00:00+00:00,98.12,94.87
1995-07-27 00:00:00+00:00,97.62,96.25
1995-07-28 00:00:00+00:00,96.0,92.0
1995-07-31 00:00:00+00:00,93.5,90.0
1995-08-01 00:00:00+00:00,90.89,87.87
1995-08-02 00:00:00+00:00,92.62,88.0
1995-08-03 00:00:00+00:00,91.37,87.5
1995-08-04 00:00:00+00:00,93.87,91.25
1995-08-07 00:00:00+00:00,95.5,91.75
1995-08-08 00:00:00+00:00,94.87,93.37
1995-08-09 00:00:00+00:00,98.12,96.0
1995-08-10 00:00:00+00:00,97.12,93.87
1995-08-11 00:00:00+00:00,96.62,92.12
1995-08-14 00:00:00+00:00,99.25,95.75
1995-08-15 00:00:00+00:00,99.37,96.87
1995-08-16 00:00:00+00:00,98.87,97.12
1995-08-17 00:00:00+00:00,100.75,98.64
1995-08-18 00:00:00+00:00,99.75,97.0
1995-08-21 00:00:00+00:00,98.25,94.37
1995-08-22 00:00:00+00:00,99.37,94.37
1995-08-23 00:00:00+00:00,100.5,97.5
1995-08-24 00:00:00+00:00,98.12,95.5
1995-08-25 00:00:00+00:00,96.75,94.37
1995-08-28 00:00:00+00:00,94.37,89.87
1995-08-29 00:00:00+00:00,91.87,87.0
1995-08-30 00:00:00+00:00,93.75,91.5
1995-08-31 00:00:00+00:00,94.0,91.5
1995-09-01 00:00:00+00:00,92.0,89.37
1995-09-05 00:00:00+00:00,95.12,90.25
1995-09-06 00:00:00+00:00,96.5,93.0
1995-09-07 00:00:00+00:00,96.62,93.25
1995-09-08 00:00:00+00:00,95.62,93.25
1995-09-11 00:00:00+00:00,97.87,95.0
1995-09-12 00:00:00+00:00,97.75,95.62
1995-09-13 00:00:00+00:00,97.0,95.12
1995-09-14 00:00:00+00:00,96.5,94.75
1995-09-15 00:00:00+00:00,95.37,92.5
1995-09-18 00:00:00+00:00,93.37,90.87
1995-09-19 00:00:00+00:00,94.5,91.5
1995-09-20 00:00:00+00:00,94.62,92.62
1995-09-21 00:00:00+00:00,93.06,90.5
1995-09-22 00:00:00+00:00,90.75,89.0
1995-09-25 00:00:00+00:00,90.62,88.5
1995-09-26 00:00:00+00:00,91.87,88.12
1995-09-27 00:00:00+00:00,88.75,83.37
1995-09-28 00:00:00+00:00,91.5,88.87
1995-09-29 00:00:00+00:00,92.75,90.06
1995-10-02 00:00:00+00:00,90.87,88.12
1995-10-03 00:00:00+00:00,89.25,87.25
1995-10-04 00:00:00+00:00,88.12,85.5
1995-10-05 00:00:00+00:00,87.5,85.0
1995-10-06 00:00:00+00:00,89.0,85.5
1995-10-09 00:00:00+00:00,85.75,82.75
1995-10-10 00:00:00+00:00,84.12,80.37
1995-10-11 00:00:00+00:00,87.37,85.0
1995-10-12 00:00:00+00:00,88.12,86.62
1995-10-13 00:00:00+00:00,88.75,86.0
1995-10-16 00:00:00+00:00,87.37,85.5
1995-10-17 00:00:00+00:00,91.5,86.75
1995-10-18 00:00:00+00:00,98.62,94.87
1995-10-19 00:00:00+00:00,97.0,94.75
1995-10-20 00:00:00+00:00,96.87,94.87
1995-10-23 00:00:00+00:00,97.12,94.5
1995-10-24 00:00:00+00:00,98.12,96.37
1995-10-25 00:00:00+00:00,97.75,95.87
1995-10-26 00:00:00+00:00,98.12,95.37
1995-10-27 00:00:00+00:00,100.14,97.37
1995-10-30 00:00:00+00:00,103.37,98.5
1995-10-31 00:00:00+00:00,103.37,99.75
1995-11-01 00:00:00+00:00,101.0,98.25
1995-11-02 00:00:00+00:00,100.37,98.25
1995-11-03 00:00:00+00:00,100.12,98.75
1995-11-06 00:00:00+00:00,98.87,96.87
1995-11-07 00:00:00+00:00,97.37,92.87
1995-11-08 00:00:00+00:00,95.5,93.37
1995-11-09 00:00:00+00:00,99.02,96.0
1995-11-10 00:00:00+00:00,99.0,96.61
1995-11-13 00:00:00+00:00,97.25,96.06
1995-11-14 00:00:00+00:00,96.0,93.87
1995-11-15 00:00:00+00:00,94.62,91.87
1995-11-16 00:00:00+00:00,91.84,89.62
1995-11-17 00:00:00+00:00,90.62,87.37
1995-11-20 00:00:00+00:00,89.37,85.75
1995-11-21 00:00:00+00:00,88.75,84.25
1995-11-22 00:00:00+00:00,89.5,87.25
1995-11-24 00:00:00+00:00,88.25,87.37
1995-11-27 00:00:00+00:00,89.5,87.14
1995-11-28 00:00:00+00:00,91.5,86.5
1995-11-29 00:00:00+00:00,92.5,89.25
1995-11-30 00:00:00+00:00,89.75,86.87
1995-12-01 00:00:00+00:00,87.87,85.87
1995-12-04 00:00:00+00:00,89.62,85.25
1995-12-05 00:00:00+00:00,88.12,85.12
1995-12-06 00:00:00+00:00,91.0,86.0
1995-12-07 00:00:00+00:00,92.0,88.86
1995-12-08 00:00:00+00:00,94.62,92.23
1995-12-11 00:00:00+00:00,94.75,93.0
1995-12-12 00:00:00+00:00,93.12,91.12
1995-12-13 00:00:00+00:00,92.12,90.5
1995-12-14 00:00:00+00:00,93.5,88.62
1995-12-15 00:00:00+00:00,89.75,87.25
1995-12-18 00:00:00+00:00,89.0,85.37
1995-12-19 00:00:00+00:00,91.02,87.37
1995-12-20 00:00:00+00:00,91.37,87.0
1995-12-21 00:00:00+00:00,90.0,87.37
1995-12-22 00:00:00+00:00,90.87,89.12
1995-12-26 00:00:00+00:00,91.25,89.87
1995-12-27 00:00:00+00:00,90.62,88.37
1995-12-28 00:00:00+00:00,88.5,87.25
1995-12-29 00:00:00+00:00,88.75,86.25
1996-01-02 00:00:00+00:00,89.75,87.37
1996-01-03 00:00:00+00:00,90.12,86.75
1996-01-04 00:00:00+00:00,87.5,84.87
1996-01-05 00:00:00+00:00,87.62,86.12
1996-01-08 00:00:00+00:00,87.62,86.12
1996-01-09 00:00:00+00:00,86.0,79.87
1996-01-10 00:00:00+00:00,83.25,80.48
1996-01-11 00:00:00+00:00,86.87,83.12
1996-01-12 00:00:00+00:00,86.87,83.87
1996-01-15 00:00:00+00:00,85.87,81.87
1996-01-16 00:00:00+00:00,86.48,83.25
1996-01-17 00:00:00+00:00,87.5,84.62
1996-01-18 00:00:00+00:00,88.87,85.0
1996-01-19 00:00:00+00:00,93.25,89.62
1996-01-22 00:00:00+00:00,92.75,90.87
1996-01-23 00:00:00+00:00,91.75,89.25
1996-01-24 00:00:00+00:00,92.5,89.5
1996-01-25 00:00:00+00:00,91.62,89.0
1996-01-26 00:00:00+00:00,90.87,89.0
1996-01-29 00:00:00+00:00,91.25,89.36
1996-01-30 00:00:00+00:00,91.37,90.62
1996-01-31 00:00:00+00:00,92.62,90.12
1996-02-01 00:00:00+00:00,94.25,92.0
1996-02-02 00:00:00+00:00,94.12,92.12
1996-02-05 00:00:00+00:00,97.25,92.75
1996-02-06 00:00:00+00:00,97.5,95.62
1996-02-07 00:00:00+00:00,97.12,95.48
1996-02-08 00:00:00+00:00,99.5,95.5
1996-02-09 00:00:00+00:00,100.25,98.5
1996-02-12 00:00:00+00:00,101.12,99.12
1996-02-13 00:00:00+00:00,100.25,97.5
1996-02-14 00:00:00+00:00,100.12,98.37
1996-02-15 00:00:00+00:00,99.12,97.75
1996-02-16 00:00:00+00:00,99.25,97.87
1996-02-20 00:00:00+00:00,98.5,96.87
1996-02-21 00:00:00+00:00,100.12,97.5
1996-02-22 00:00:00+00:00,102.62,100.0
1996-02-23 00:00:00+00:00,103.62,101.87
1996-02-26 00:00:00+00:00,103.25,100.5
1996-02-27 00:00:00+00:00,100.81,99.73
1996-02-28 00:00:00+00:00,102.0,99.87
1996-02-29 00:00:00+00:00,100.12,98.56
1996-03-01 00:00:00+00:00,98.62,94.62
1996-03-04 00:00:00+00:00,97.37,95.5
1996-03-05 00:00:00+00:00,98.27,95.75
1996-03-06 00:00:00+00:00,98.87,97.0
1996-03-07 00:00:00+00:00,97.62,96.62
1996-03-08 00:00:00+00:00,97.5,94.75
1996-03-11 00:00:00+00:00,96.62,95.12
1996-03-12 00:00:00+00:00,96.62,94.75
1996-03-13 00:00:00+00:00,101.0,97.75
1996-03-14 00:00:00+00:00,101.87,99.62
1996-03-15 00:00:00+00:00,103.12,99.62
1996-03-18 00:00:00+00:00,105.87,102.37
1996-03-19 00:00:00+00:00,107.06,104.75
1996-03-20 00:00:00+00:00,106.62,103.73
1996-03-21 00:00:00+00:00,104.37,100.5
1996-03-22 00:00:00+00:00,101.44,99.75
1996-03-25 00:00:00+00:00,102.37,98.81
1996-03-26 00:00:00+00:00,102.87,98.75
1996-03-27 00:00:00+00:00,104.0,101.12
1996-03-28 00:00:00+00:00,103.5,101.12
1996-03-29 00:00:00+00:00,104.12,102.12
1996-04-01 00:00:00+00:00,103.5,102.12
1996-04-02 00:00:00+00:00,105.0,102.62
1996-04-03 00:00:00+00:00,105.12,103.37
1996-04-04 00:00:00+00:00,104.87,103.5
1996-04-08 00:00:00+00:00,103.87,101.87
1996-04-09 00:00:00+00:00,104.0,101.5
1996-04-10 00:00:00+00:00,103.0,101.25
1996-04-11 00:00:00+00:00,102.37,99.62
1996-04-12 00:00:00+00:00,101.62,100.5
1996-04-15 00:00:00+00:00,103.62,101.0
1996-04-16 00:00:00+00:00,105.5,104.0
1996-04-17 00:00:00+00:00,106.0,104.31
1996-04-18 00:00:00+00:00,109.25,105.5
1996-04-19 00:00:00+00:00,112.12,109.5
1996-04-22 00:00:00+00:00,113.37,110.25
1996-04-23 00:00:00+00:00,113.25,111.37
1996-04-24 00:00:00+00:00,113.12,111.25
1996-04-25 00:00:00+00:00,113.75,110.25
1996-04-26 00:00:00+00:00,113.87,112.37
1996-04-29 00:00:00+00:00,113.5,112.0
1996-04-30 00:00:00+00:00,113.25,111.87
1996-05-01 00:00:00+00:00,115.25,112.62
1996-05-02 00:00:00+00:00,115.25,111.12
1996-05-03 00:00:00+00:00,114.5,110.12
1996-05-06 00:00:00+00:00,112.37,109.62
1996-05-07 00:00:00+00:00,113.5,111.62
1996-05-08 00:00:00+00:00,114.37,110.75
1996-05-09 00:00:00+00:00,115.12,113.25
1996-05-10 00:00:00+00:00,115.14,114.12
1996-05-13 00:00:00+00:00,118.87,115.0
1996-05-14 00:00:00+00:00,120.0,118.23
1996-05-15 00:00:00+00:00,119.75,117.37
1996-05-16 00:00:00+00:00,117.37,115.62
1996-05-17 00:00:00+00:00,118.0,116.37
1996-05-20 00:00:00+00:00,117.87,116.62
1996-05-21 00:00:00+00:00,116.87,115.12
1996-05-22 00:00:00+00:00,117.25,114.62
1996-05-23 00:00:00+00:00,119.12,116.87
1996-05-24 00:00:00+00:00,119.0,118.25
1996-05-28 00:00:00+00:00,119.14,117.12
1996-05-29 00:00:00+00:00,118.25,116.62
1996-05-30 00:00:00+00:00,118.25,116.62
1996-05-31 00:00:00+00:00,119.37,118.0
1996-06-03 00:00:00+00:00,119.5,118.12
1996-06-04 00:00:00+00:00,118.87,116.25
1996-06-05 00:00:00+00:00,121.25,117.87
1996-06-06 00:00:00+00:00,123.0,119.75
1996-06-07 00:00:00+00:00,121.25,117.62
1996-06-10 00:00:00+00:00,121.25,119.98
1996-06-11 00:00:00+00:00,123.25,120.62
1996-06-12 00:00:00+00:00,125.37,122.75
1996-06-13 00:00:00+00:00,125.87,123.75
1996-06-14 00:00:00+00:00,125.0,122.87
1996-06-17 00:00:00+00:00,125.0,122.37
1996-06-18 00:00:00+00:00,124.5,122.0
1996-06-19 00:00:00+00:00,123.12,121.37
1996-06-20 00:00:00+00:00,122.48,119.0
1996-06-21 00:00:00+00:00,124.12,121.5
1996-06-24 00:00:00+00:00,125.12,123.0
1996-06-25 00:00:00+00:00,124.25,121.37
1996-06-26 00:00:00+00:00,122.0,119.0
1996-06-27 00:00:00+00:00,121.0,119.0
1996-06-28 00:00:00+00:00,121.0,119.12
1996-07-01 00:00:00+00:00,122.5,120.12
1996-07-02 00:00:00+00:00,122.62,121.25
1996-07-03 00:00:00+00:00,122.87,120.62
1996-07-05 00:00:00+00:00,120.12,118.37
1996-07-08 00:00:00+00:00,120.75,118.12
1996-07-09 00:00:00+00:00,121.37,120.0
1996-07-10 00:00:00+00:00,120.0,118.12
1996-07-11 00:00:00+00:00,118.37,113.75
1996-07-12 00:00:00+00:00,115.19,110.48
1996-07-15 00:00:00+00:00,113.75,109.87
1996-07-16 00:00:00+00:00,115.62,107.5
1996-07-17 00:00:00+00:00,118.12,115.62
1996-07-18 00:00:00+00:00,120.0,115.87
1996-07-19 00:00:00+00:00,121.62,117.75
1996-07-22 00:00:00+00:00,121.5,117.87
1996-07-23 00:00:00+00:00,120.0,110.25
1996-07-24 00:00:00+00:00,115.75,109.5
1996-07-25 00:00:00+00:00,118.75,115.12
1996-07-26 00:00:00+00:00,119.5,118.25
1996-07-29 00:00:00+00:00,119.87,116.75
1996-07-30 00:00:00+00:00,118.75,116.12
1996-07-31 00:00:00+00:00,119.62,117.62
1996-08-01 00:00:00+00:00,120.87,117.37
1996-08-02 00:00:00+00:00,123.87,120.62
1996-08-05 00:00:00+00:00,123.75,121.25
1996-08-06 00:00:00+00:00,124.12,120.87
1996-08-07 00:00:00+00:00,125.12,122.87
1996-08-08 00:00:00+00:00,125.87,123.75
1996-08-09 00:00:00+00:00,125.5,123.87
1996-08-12 00:00:00+00:00,126.12,124.0
1996-08-13 00:00:00+00:00,125.87,123.37
1996-08-14 00:00:00+00:00,125.12,123.75
1996-08-15 00:00:00+00:00,125.75,124.37
1996-08-16 00:00:00+00:00,125.25,123.75
1996-08-19 00:00:00+00:00,124.12,122.25
1996-08-20 00:00:00+00:00,124.12,123.25
1996-08-21 00:00:00+00:00,123.5,121.75
1996-08-22 00:00:00+00:00,125.12,123.5
1996-08-23 00:00:00+00:00,125.0,123.25
1996-08-26 00:00:00+00:00,123.75,122.75
1996-08-27 00:00:00+00:00,124.75,123.0
1996-08-28 00:00:00+00:00,125.75,124.87
1996-08-29 00:00:00+00:00,125.25,123.62
1996-08-30 00:00:00+00:00,124.25,122.5
1996-09-03 00:00:00+00:00,123.37,120.62
1996-09-04 00:00:00+00:00,123.62,122.94
1996-09-05 00:00:00+00:00,122.75,121.5
1996-09-06 00:00:00+00:00,122.75,121.62
1996-09-09 00:00:00+00:00,125.0,122.25
1996-09-10 00:00:00+00:00,125.12,123.62
1996-09-11 00:00:00+00:00,125.5,123.62
1996-09-12 00:00:00+00:00,129.5,125.19
1996-09-13 00:00:00+00:00,131.38,128.88
1996-09-16 00:00:00+00:00,133.13,131.0
1996-09-17 00:00:00+00:00,134.63,132.25
1996-09-18 00:00:00+00:00,137.88,133.25
1996-09-19 00:00:00+00:00,138.25,135.75
1996-09-20 00:00:00+00:00,138.63,135.88
1996-09-23 00:00:00+00:00,138.13,136.25
1996-09-24 00:00:00+00:00,138.38,136.13
1996-09-25 00:00:00+00:00,137.88,135.38
1996-09-26 00:00:00+00:00,136.13,131.75
1996-09-27 00:00:00+00:00,135.25,131.25
1996-09-30 00:00:00+00:00,134.88,131.75
1996-10-01 00:00:00+00:00,133.88,130.88
1996-10-02 00:00:00+00:00,135.75,132.38
1996-10-03 00:00:00+00:00,135.13,133.63
1996-10-04 00:00:00+00:00,136.63,134.25
1996-10-07 00:00:00+00:00,138.13,135.88
1996-10-08 00:00:00+00:00,137.75,135.0
1996-10-09 00:00:00+00:00,136.13,133.25
1996-10-10 00:00:00+00:00,136.13,133.38
1996-10-11 00:00:00+00:00,137.25,134.25
1996-10-14 00:00:00+00:00,138.13,136.38
1996-10-15 00:00:00+00:00,139.13,137.38
1996-10-16 00:00:00+00:00,138.94,137.0
1996-10-17 00:00:00+00:00,139.0,135.5
1996-10-18 00:00:00+00:00,135.0,133.56
1996-10-21 00:00:00+00:00,136.0,133.5
1996-10-22 00:00:00+00:00,133.38,131.25
1996-10-23 00:00:00+00:00,134.75,131.75
1996-10-24 00:00:00+00:00,137.38,133.88
1996-10-25 00:00:00+00:00,137.88,136.13
1996-10-28 00:00:00+00:00,137.63,136.25
1996-10-29 00:00:00+00:00,137.38,134.88
1996-10-30 00:00:00+00:00,137.0,134.88
1996-10-31 00:00:00+00:00,137.38,136.13
1996-11-01 00:00:00+00:00,138.75,136.5
1996-11-04 00:00:00+00:00,138.38,136.75
1996-11-05 00:00:00+00:00,141.5,138.31
1996-11-06 00:00:00+00:00,144.5,141.0
1996-11-07 00:00:00+00:00,146.13,143.13
1996-11-08 00:00:00+00:00,143.5,141.5
1996-11-11 00:00:00+00:00,144.75,143.0
1996-11-12 00:00:00+00:00,145.88,141.5
1996-11-13 00:00:00+00:00,145.75,143.13
1996-11-14 00:00:00+00:00,149.63,145.25
1996-11-15 00:00:00+00:00,150.88,147.38
1996-11-18 00:00:00+00:00,151.75,148.63
1996-11-19 00:00:00+00:00,155.88,150.25
1996-11-20 00:00:00+00:00,158.0,153.25
1996-11-21 00:00:00+00:00,154.63,150.0
1996-11-22 00:00:00+00:00,152.5,149.38
1996-11-25 00:00:00+00:00,153.63,150.5
1996-11-26 00:00:00+00:00,155.38,152.38
1996-11-27 00:00:00+00:00,155.75,153.75
1996-11-29 00:00:00+00:00,157.13,155.5
1996-12-02 00:00:00+00:00,157.75,155.25
1996-12-03 00:00:00+00:00,159.5,154.63
1996-12-04 00:00:00+00:00,155.25,152.13
1996-12-05 00:00:00+00:00,155.38,151.88
1996-12-06 00:00:00+00:00,154.5,148.27
1996-12-09 00:00:00+00:00,81.87,78.0
1996-12-10 00:00:00+00:00,84.56,81.75
1996-12-11 00:00:00+00:00,83.62,80.12
1996-12-12 00:00:00+00:00,85.25,81.0
1996-12-13 00:00:00+00:00,82.0,79.23
1996-12-16 00:00:00+00:00,80.75,76.5
1996-12-17 00:00:00+00:00,80.12,76.37
1996-12-18 00:00:00+00:00,82.75,80.0
1996-12-19 00:00:00+00:00,85.12,83.0
1996-12-20 00:00:00+00:00,85.62,83.37
1996-12-23 00:00:00+00:00,84.75,82.87
1996-12-24 00:00:00+00:00,85.12,83.12
1996-12-26 00:00:00+00:00,86.12,85.12
1996-12-27 00:00:00+00:00,85.75,84.02
1996-12-30 00:00:00+00:00,85.62,83.5
1996-12-31 00:00:00+00:00,84.25,82.5
1997-01-02 00:00:00+00:00,83.12,80.75
1997-01-03 00:00:00+00:00,84.75,82.0
1997-01-06 00:00:00+00:00,85.25,83.12
1997-01-07 00:00:00+00:00,85.12,83.37
1997-01-08 00:00:00+00:00,85.23,83.12
1997-01-09 00:00:00+00:00,83.75,82.25
1997-01-10 00:00:00+00:00,84.37,81.62
1997-01-13 00:00:00+00:00,85.5,83.5
1997-01-14 00:00:00+00:00,86.62,84.25
1997-01-15 00:00:00+00:00,86.25,84.37
1997-01-16 00:00:00+00:00,87.12,85.0
1997-01-17 00:00:00+00:00,87.75,85.5
1997-01-20 00:00:00+00:00,92.87,86.62
1997-01-21 00:00:00+00:00,95.06,89.62
1997-01-22 00:00:00+00:00,98.5,94.62
1997-01-23 00:00:00+00:00,99.75,94.5
1997-01-24 00:00:00+00:00,97.75,94.37
1997-01-27 00:00:00+00:00,97.39,95.5
1997-01-28 00:00:00+00:00,98.75,94.75
1997-01-29 00:00:00+00:00,97.37,95.75
1997-01-30 00:00:00+00:00,101.25,98.0
1997-01-31 00:00:00+00:00,103.25,100.87
1997-02-03 00:00:00+00:00,103.39,101.12
1997-02-04 00:00:00+00:00,103.25,100.5
1997-02-05 00:00:00+00:00,103.5,96.87
1997-02-06 00:00:00+00:00,98.37,96.0
1997-02-07 00:00:00+00:00,100.5,97.5
1997-02-10 00:00:00+00:00,101.5,97.62
1997-02-11 00:00:00+00:00,98.62,95.12
1997-02-12 00:00:00+00:00,100.0,97.5
1997-02-13 00:00:00+00:00,101.12,99.37
1997-02-14 00:00:00+00:00,100.5,97.62
1997-02-18 00:00:00+00:00,97.87,96.25
1997-02-19 00:00:00+00:00,98.12,96.5
1997-02-20 00:00:00+00:00,97.5,95.12
1997-02-21 00:00:00+00:00,95.37,94.0
1997-02-24 00:00:00+00:00,100.25,94.0
1997-02-25 00:00:00+00:00,101.02,98.87
1997-02-26 00:00:00+00:00,100.37,98.37
1997-02-27 00:00:00+00:00,100.25,96.0
1997-02-28 00:00:00+00:00,98.37,95.44
1997-03-03 00:00:00+00:00,100.12,96.62
1997-03-04 00:00:00+00:00,100.12,98.62
1997-03-05 00:00:00+00:00,101.0,99.25
1997-03-06 00:00:00+00:00,100.87,97.73
1997-03-07 00:00:00+00:00,99.5,96.5
1997-03-10 00:00:00+00:00,100.12,95.94
1997-03-11 00:00:00+00:00,100.56,98.37
1997-03-12 00:00:00+00:00,99.5,97.75
1997-03-13 00:00:00+00:00,100.12,98.0
1997-03-14 00:00:00+00:00,100.25,98.87
1997-03-17 00:00:00+00:00,100.75,98.0
1997-03-18 00:00:00+00:00,100.81,98.87
1997-03-19 00:00:00+00:00,98.25,94.94
1997-03-20 00:00:00+00:00,97.75,95.37
1997-03-21 00:00:00+00:00,97.12,92.87
1997-03-24 00:00:00+00:00,93.5,87.62
1997-03-25 00:00:00+00:00,91.37,88.87
1997-03-26 00:00:00+00:00,94.62,90.62
1997-03-27 00:00:00+00:00,96.12,91.0
1997-03-31 00:00:00+00:00,94.5,91.25
1997-04-01 00:00:00+00:00,93.75,89.75
1997-04-02 00:00:00+00:00,93.62,91.0
1997-04-03 00:00:00+00:00,95.37,90.62
1997-04-04 00:00:00+00:00,96.75,93.75
1997-04-07 00:00:00+00:00,97.62,95.0
1997-04-08 00:00:00+00:00,98.25,95.5
1997-04-09 00:00:00+00:00,99.25,97.75
1997-04-10 00:00:00+00:00,97.75,95.5
1997-04-11 00:00:00+00:00,97.25,94.94
1997-04-14 00:00:00+00:00,97.37,93.37
1997-04-15 00:00:00+00:00,99.0,95.87
1997-04-16 00:00:00+00:00,98.5,96.25
1997-04-17 00:00:00+00:00,100.0,97.5
1997-04-18 00:00:00+00:00,107.62,103.0
1997-04-21 00:00:00+00:00,111.87,106.12
1997-04-22 00:00:00+00:00,110.81,107.5
1997-04-23 00:00:00+00:00,115.75,110.37
1997-04-24 00:00:00+00:00,117.87,112.75
1997-04-25 00:00:00+00:00,115.37,113.25
1997-04-28 00:00:00+00:00,115.06,111.62
1997-04-29 00:00:00+00:00,119.12,116.5
1997-04-30 00:00:00+00:00,122.62,118.37
1997-05-01 00:00:00+00:00,123.25,119.25
1997-05-02 00:00:00+00:00,123.5,118.94
1997-05-05 00:00:00+00:00,120.75,115.5
1997-05-06 00:00:00+00:00,119.75,116.37
1997-05-07 00:00:00+00:00,119.0,115.12
1997-05-08 00:00:00+00:00,118.12,115.12
1997-05-09 00:00:00+00:00,118.5,115.75
1997-05-12 00:00:00+00:00,118.5,117.0
1997-05-13 00:00:00+00:00,119.25,116.87
1997-05-14 00:00:00+00:00,118.62,115.62
1997-05-15 00:00:00+00:00,117.87,115.87
1997-05-16 00:00:00+00:00,117.0,114.87
1997-05-19 00:00:00+00:00,117.12,115.12
1997-05-20 00:00:00+00:00,119.25,115.25
1997-05-21 00:00:00+00:00,122.94,119.75
1997-05-22 00:00:00+00:00,121.62,119.75
1997-05-23 00:00:00+00:00,123.0,120.87
1997-05-27 00:00:00+00:00,127.37,122.37
1997-05-28 00:00:00+00:00,127.25,124.87
1997-05-29 00:00:00+00:00,129.06,125.0
1997-05-30 00:00:00+00:00,125.62,117.5
1997-06-02 00:00:00+00:00,125.5,123.12
1997-06-03 00:00:00+00:00,123.5,120.62
1997-06-04 00:00:00+00:00,122.25,118.25
1997-06-05 00:00:00+00:00,121.5,119.5
1997-06-06 00:00:00+00:00,124.31,121.0
1997-06-09 00:00:00+00:00,126.12,122.5
1997-06-10 00:00:00+00:00,127.06,123.75
1997-06-11 00:00:00+00:00,127.37,123.56
1997-06-12 00:00:00+00:00,128.13,125.37
1997-06-13 00:00:00+00:00,130.06,126.56
1997-06-16 00:00:00+00:00,131.38,128.88
1997-06-17 00:00:00+00:00,134.94,130.88
1997-06-18 00:00:00+00:00,133.5,130.06
1997-06-19 00:00:00+00:00,130.75,128.0
1997-06-20 00:00:00+00:00,131.38,128.5
1997-06-23 00:00:00+00:00,131.5,128.0
1997-06-24 00:00:00+00:00,132.13,128.38
1997-06-25 00:00:00+00:00,133.25,129.81
1997-06-26 00:00:00+00:00,130.81,127.87
1997-06-27 00:00:00+00:00,130.0,127.25
1997-06-30 00:00:00+00:00,128.75,126.19
1997-07-01 00:00:00+00:00,126.87,123.25
1997-07-02 00:00:00+00:00,128.5,124.06
1997-07-03 00:00:00+00:00,130.06,128.5
1997-07-07 00:00:00+00:00,131.75,129.38
1997-07-08 00:00:00+00:00,131.31,128.94
1997-07-09 00:00:00+00:00,132.63,129.5
1997-07-10 00:00:00+00:00,131.25,128.88
1997-07-11 00:00:00+00:00,131.06,128.44
1997-07-14 00:00:00+00:00,136.0,130.5
1997-07-15 00:00:00+00:00,139.25,136.63
1997-07-16 00:00:00+00:00,149.5,140.0
1997-07-17 00:00:00+00:00,150.75,146.5
1997-07-18 00:00:00+00:00,147.38,140.0
1997-07-21 00:00:00+00:00,141.0,133.75
1997-07-22 00:00:00+00:00,144.81,136.75
1997-07-23 00:00:00+00:00,146.88,141.0
1997-07-24 00:00:00+00:00,140.38,135.63
1997-07-25 00:00:00+00:00,142.25,137.25
1997-07-28 00:00:00+00:00,139.38,135.75
1997-07-29 00:00:00+00:00,140.06,136.13
1997-07-30 00:00:00+00:00,142.0,139.63
1997-07-31 00:00:00+00:00,142.13,140.88
1997-08-01 00:00:00+00:00,141.81,139.19
1997-08-04 00:00:00+00:00,142.0,139.44
1997-08-05 00:00:00+00:00,144.38,142.0
1997-08-06 00:00:00+00:00,144.63,142.25
1997-08-07 00:00:00+00:00,144.38,142.0
1997-08-08 00:00:00+00:00,143.13,140.0
1997-08-11 00:00:00+00:00,140.25,136.38
1997-08-12 00:00:00+00:00,139.75,135.81
1997-08-13 00:00:00+00:00,138.25,134.75
1997-08-14 00:00:00+00:00,136.75,134.13
1997-08-15 00:00:00+00:00,136.0,132.75
1997-08-18 00:00:00+00:00,133.88,131.0
1997-08-19 00:00:00+00:00,139.0,134.63
1997-08-20 00:00:00+00:00,140.69,137.0
1997-08-21 00:00:00+00:00,142.38,137.5
1997-08-22 00:00:00+00:00,137.5,134.13
1997-08-25 00:00:00+00:00,139.0,135.63
1997-08-26 00:00:00+00:00,136.88,134.75
1997-08-27 00:00:00+00:00,135.31,133.0
1997-08-28 00:00:00+00:00,133.75,132.0
1997-08-29 00:00:00+00:00,133.88,131.75
1997-09-02 00:00:00+00:00,137.5,133.0
1997-09-03 00:00:00+00:00,138.88,136.19
1997-09-04 00:00:00+00:00,138.5,135.75
1997-09-05 00:00:00+00:00,139.69,136.25
1997-09-08 00:00:00+00:00,139.81,137.75
1997-09-09 00:00:00+00:00,140.25,138.38
1997-09-10 00:00:00+00:00,139.13,135.06
1997-09-11 00:00:00+00:00,137.38,132.88
1997-09-12 00:00:00+00:00,138.38,135.63
1997-09-15 00:00:00+00:00,137.25,130.63
1997-09-16 00:00:00+00:00,137.0,131.0
1997-09-17 00:00:00+00:00,136.75,132.63
1997-09-18 00:00:00+00:00,135.13,131.44
1997-09-19 00:00:00+00:00,135.25,132.0
1997-09-22 00:00:00+00:00,135.88,133.19
1997-09-23 00:00:00+00:00,135.5,133.13
1997-09-24 00:00:00+00:00,136.06,132.13
1997-09-25 00:00:00+00:00,134.13,132.06
1997-09-26 00:00:00+00:00,133.75,131.63
1997-09-29 00:00:00+00:00,134.75,132.88
1997-09-30 00:00:00+00:00,135.75,132.25
1997-10-01 00:00:00+00:00,134.5,131.38
1997-10-02 00:00:00+00:00,134.63,132.75
1997-10-03 00:00:00+00:00,136.25,133.38
1997-10-06 00:00:00+00:00,136.25,134.25
1997-10-07 00:00:00+00:00,137.69,134.63
1997-10-08 00:00:00+00:00,139.06,136.25
1997-10-09 00:00:00+00:00,139.63,138.13
1997-10-10 00:00:00+00:00,138.75,136.25
1997-10-13 00:00:00+00:00,137.88,136.56
1997-10-14 00:00:00+00:00,137.38,135.38
1997-10-15 00:00:00+00:00,136.0,134.88
1997-10-16 00:00:00+00:00,136.63,132.25
1997-10-17 00:00:00+00:00,134.63,130.38
1997-10-20 00:00:00+00:00,135.25,127.5
1997-10-21 00:00:00+00:00,139.23,135.31
1997-10-22 00:00:00+00:00,138.5,135.38
1997-10-23 00:00:00+00:00,137.25,132.0
1997-10-24 00:00:00+00:00,137.25,133.25
1997-10-27 00:00:00+00:00,136.25,128.63
1997-10-28 00:00:00+00:00,135.0,123.5
1997-10-29 00:00:00+00:00,135.06,130.13
1997-10-30 00:00:00+00:00,131.38,128.5
1997-10-31 00:00:00+00:00,131.5,129.63
1997-11-03 00:00:00+00:00,134.25,131.31
1997-11-04 00:00:00+00:00,134.94,133.19
1997-11-05 00:00:00+00:00,134.63,132.5
1997-11-06 00:00:00+00:00,133.5,131.75
1997-11-07 00:00:00+00:00,132.0,129.88
1997-11-10 00:00:00+00:00,132.5,129.75
1997-11-11 00:00:00+00:00,131.44,129.38
1997-11-12 00:00:00+00:00,131.0,129.0
1997-11-13 00:00:00+00:00,131.63,129.19
1997-11-14 00:00:00+00:00,133.88,131.38
1997-11-17 00:00:00+00:00,135.81,133.44
1997-11-18 00:00:00+00:00,135.5,133.75
1997-11-19 00:00:00+00:00,135.13,133.38
1997-11-20 00:00:00+00:00,137.13,134.88
1997-11-21 00:00:00+00:00,138.0,136.38
1997-11-24 00:00:00+00:00,138.13,135.5
1997-11-25 00:00:00+00:00,139.25,135.75
1997-11-26 00:00:00+00:00,141.88,138.25
1997-11-28 00:00:00+00:00,142.25,141.13
1997-12-01 00:00:00+00:00,144.0,141.63
1997-12-02 00:00:00+00:00,144.88,142.0
1997-12-03 00:00:00+00:00,145.06,141.0
1997-12-04 00:00:00+00:00,145.88,142.25
1997-12-05 00:00:00+00:00,144.75,142.13
1997-12-08 00:00:00+00:00,146.63,143.13
1997-12-09 00:00:00+00:00,145.38,143.5
1997-12-10 00:00:00+00:00,143.25,141.0
1997-12-11 00:00:00+00:00,141.0,138.88
1997-12-12 00:00:00+00:00,138.5,136.0
1997-12-15 00:00:00+00:00,137.0,133.0
1997-12-16 00:00:00+00:00,140.38,135.0
1997-12-17 00:00:00+00:00,140.38,135.5
1997-12-18 00:00:00+00:00,134.75,130.38
1997-12-19 00:00:00+00:00,130.19,126.25
1997-12-22 00:00:00+00:00,130.0,125.87
1997-12-23 00:00:00+00:00,128.25,123.0
1997-12-24 00:00:00+00:00,123.87,118.0
1997-12-26 00:00:00+00:00,120.75,118.75
1997-12-29 00:00:00+00:00,126.75,122.12
1997-12-30 00:00:00+00:00,131.0,126.25
1997-12-31 00:00:00+00:00,131.5,129.0
1998-01-02 00:00:00+00:00,131.5,129.5
1998-01-05 00:00:00+00:00,133.63,127.87
1998-01-06 00:00:00+00:00,133.0,129.25
1998-01-07 00:00:00+00:00,131.19,127.5
1998-01-08 00:00:00+00:00,132.13,127.5
1998-01-09 00:00:00+00:00,131.5,125.87
1998-01-12 00:00:00+00:00,130.0,124.37
1998-01-13 00:00:00+00:00,132.25,128.13
1998-01-14 00:00:00+00:00,132.5,129.25
1998-01-15 00:00:00+00:00,133.0,129.88
1998-01-16 00:00:00+00:00,135.38,132.31
1998-01-20 00:00:00+00:00,138.0,134.0
1998-01-21 00:00:00+00:00,138.44,135.63
1998-01-22 00:00:00+00:00,139.88,135.31
1998-01-23 00:00:00+00:00,139.44,136.7
1998-01-26 00:00:00+00:00,141.88,138.45
1998-01-27 00:00:00+00:00,145.88,141.56
1998-01-28 00:00:00+00:00,149.5,145.5
1998-01-29 00:00:00+00:00,150.13,147.5
1998-01-30 00:00:00+00:00,150.0,147.63
1998-02-02 00:00:00+00:00,155.13,150.5
1998-02-03 00:00:00+00:00,156.13,153.81
1998-02-04 00:00:00+00:00,158.0,155.06
1998-02-05 00:00:00+00:00,158.75,154.75
1998-02-06 00:00:00+00:00,158.25,155.13
1998-02-09 00:00:00+00:00,158.88,155.63
1998-02-10 00:00:00+00:00,159.5,156.75
1998-02-11 00:00:00+00:00,160.06,157.06
1998-02-12 00:00:00+00:00,158.94,156.44
1998-02-13 00:00:00+00:00,158.75,157.38
1998-02-17 00:00:00+00:00,158.5,153.88
1998-02-18 00:00:00+00:00,156.0,153.75
1998-02-19 00:00:00+00:00,156.06,154.25
1998-02-20 00:00:00+00:00,155.75,152.88
1998-02-23 00:00:00+00:00,81.69,79.37
1998-02-24 00:00:00+00:00,84.94,81.87
1998-02-25 00:00:00+00:00,85.0,83.06
1998-02-26 00:00:00+00:00,85.69,84.44
1998-02-27 00:00:00+00:00,86.0,84.56
1998-03-02 00:00:00+00:00,85.87,83.06
1998-03-03 00:00:00+00:00,84.56,82.56
1998-03-04 00:00:00+00:00,83.81,81.56
1998-03-05 00:00:00+00:00,81.44,79.25
1998-03-06 00:00:00+00:00,82.75,80.25
1998-03-09 00:00:00+00:00,82.5,79.5
1998-03-10 00:00:00+00:00,81.5,79.94
1998-03-11 00:00:00+00:00,82.0,79.75
1998-03-12 00:00:00+00:00,82.62,80.81
1998-03-13 00:00:00+00:00,83.0,81.56
1998-03-16 00:00:00+00:00,82.75,81.37
1998-03-17 00:00:00+00:00,81.69,79.69
1998-03-18 00:00:00+00:00,81.81,79.87
1998-03-19 00:00:00+00:00,82.31,81.25
1998-03-20 00:00:00+00:00,83.0,80.5
1998-03-23 00:00:00+00:00,84.62,81.06
1998-03-24 00:00:00+00:00,85.06,83.44
1998-03-25 00:00:00+00:00,90.94,87.25
1998-03-26 00:00:00+00:00,89.56,87.5
1998-03-27 00:00:00+00:00,89.37,87.56
1998-03-30 00:00:00+00:00,88.62,87.12
1998-03-31 00:00:00+00:00,89.75,88.5
1998-04-01 00:00:00+00:00,90.62,88.5
1998-04-02 00:00:00+00:00,91.94,89.87
1998-04-03 00:00:00+00:00,93.06,91.5
1998-04-06 00:00:00+00:00,92.62,89.06
1998-04-07 00:00:00+00:00,90.62,86.75
1998-04-08 00:00:00+00:00,89.0,86.62
1998-04-09 00:00:00+00:00,89.62,87.5
1998-04-13 00:00:00+00:00,89.0,86.75
1998-04-14 00:00:00+00:00,89.56,87.5
1998-04-15 00:00:00+00:00,91.37,88.87
1998-04-16 00:00:00+00:00,92.06,90.19
1998-04-17 00:00:00+00:00,92.25,90.31
1998-04-20 00:00:00+00:00,95.0,92.19
1998-04-21 00:00:00+00:00,95.0,93.12
1998-04-22 00:00:00+00:00,99.12,95.62
1998-04-23 00:00:00+00:00,97.37,94.14
1998-04-24 00:00:00+00:00,94.75,91.87
1998-04-27 00:00:00+00:00,90.53,88.5
1998-04-28 00:00:00+00:00,92.25,89.02
1998-04-29 00:00:00+00:00,91.5,89.62
1998-04-30 00:00:00+00:00,91.62,89.69
1998-05-01 00:00:00+00:00,90.5,88.12
1998-05-04 00:00:00+00:00,89.87,87.94
1998-05-05 00:00:00+00:00,89.56,87.0
1998-05-06 00:00:00+00:00,87.5,86.0
1998-05-07 00:00:00+00:00,86.25,83.19
1998-05-08 00:00:00+00:00,86.12,81.87
1998-05-11 00:00:00+00:00,86.19,84.06
1998-05-12 00:00:00+00:00,85.75,83.25
1998-05-13 00:00:00+00:00,88.75,86.5
1998-05-14 00:00:00+00:00,91.0,85.81
1998-05-15 00:00:00+00:00,90.19,88.75
1998-05-18 00:00:00+00:00,86.5,84.5
1998-05-19 00:00:00+00:00,86.94,85.56
1998-05-20 00:00:00+00:00,86.87,85.37
1998-05-21 00:00:00+00:00,87.37,85.5
1998-05-22 00:00:00+00:00,86.75,85.44
1998-05-26 00:00:00+00:00,86.19,83.5
1998-05-27 00:00:00+00:00,86.12,82.87
1998-05-28 00:00:00+00:00,86.37,85.06
1998-05-29 00:00:00+00:00,86.5,84.75
1998-06-01 00:00:00+00:00,84.61,83.12
1998-06-02 00:00:00+00:00,85.94,83.87
1998-06-03 00:00:00+00:00,86.44,84.12
1998-06-04 00:00:00+00:00,86.12,83.62
1998-06-05 00:00:00+00:00,86.5,84.75
1998-06-08 00:00:00+00:00,86.31,85.0
1998-06-09 00:00:00+00:00,87.56,85.25
1998-06-10 00:00:00+00:00,88.37,85.87
1998-06-11 00:00:00+00:00,87.12,85.12
1998-06-12 00:00:00+00:00,86.12,84.0
1998-06-15 00:00:00+00:00,87.31,84.56
1998-06-16 00:00:00+00:00,89.94,85.5
1998-06-17 00:00:00+00:00,92.37,89.75
1998-06-18 00:00:00+00:00,91.75,90.37
1998-06-19 00:00:00+00:00,94.75,92.5
1998-06-22 00:00:00+00:00,95.94,93.69
1998-06-23 00:00:00+00:00,100.87,95.25
1998-06-24 00:00:00+00:00,105.12,99.94
1998-06-25 00:00:00+00:00,106.87,101.37
1998-06-26 00:00:00+00:00,104.62,102.0
1998-06-29 00:00:00+00:00,107.69,105.25
1998-06-30 00:00:00+00:00,108.56,104.62
1998-07-01 00:00:00+00:00,110.12,107.19
1998-07-02 00:00:00+00:00,109.12,107.12
1998-07-06 00:00:00+00:00,108.06,105.37
1998-07-07 00:00:00+00:00,108.56,106.5
1998-07-08 00:00:00+00:00,110.12,106.75
1998-07-09 00:00:00+00:00,112.0,109.75
1998-07-10 00:00:00+00:00,113.25,109.87
1998-07-13 00:00:00+00:00,118.25,113.62
1998-07-14 00:00:00+00:00,118.75,115.5
1998-07-15 00:00:00+00:00,118.0,115.62
1998-07-16 00:00:00+00:00,118.87,116.62
1998-07-17 00:00:00+00:00,119.62,115.94
1998-07-20 00:00:00+00:00,119.5,116.81
1998-07-21 00:00:00+00:00,119.0,112.5
1998-07-22 00:00:00+00:00,117.25,111.87
1998-07-23 00:00:00+00:00,117.5,113.0
1998-07-24 00:00:00+00:00,115.62,112.5
1998-07-27 00:00:00+00:00,116.75,110.69
1998-07-28 00:00:00+00:00,116.87,112.0
1998-07-29 00:00:00+00:00,114.25,110.06
1998-07-30 00:00:00+00:00,113.62,110.75
1998-07-31 00:00:00+00:00,113.52,109.94
1998-08-03 00:00:00+00:00,110.87,107.37
1998-08-04 00:00:00+00:00,109.62,104.19
1998-08-05 00:00:00+00:00,106.25,101.5
1998-08-06 00:00:00+00:00,106.94,103.62
1998-08-07 00:00:00+00:00,107.5,105.06
1998-08-10 00:00:00+00:00,106.31,104.44
1998-08-11 00:00:00+00:00,104.37,102.0
1998-08-12 00:00:00+00:00,105.19,103.0
1998-08-13 00:00:00+00:00,106.0,103.75
1998-08-14 00:00:00+00:00,105.06,103.5
1998-08-17 00:00:00+00:00,107.37,103.0
1998-08-18 00:00:00+00:00,111.81,107.37
1998-08-19 00:00:00+00:00,112.75,110.25
1998-08-20 00:00:00+00:00,112.75,109.69
1998-08-21 00:00:00+00:00,111.87,108.75
1998-08-24 00:00:00+00:00,112.0,110.0
1998-08-25 00:00:00+00:00,113.69,111.12
1998-08-26 00:00:00+00:00,113.75,110.87
1998-08-27 00:00:00+00:00,112.75,108.5
1998-08-28 00:00:00+00:00,109.62,104.75
1998-08-31 00:00:00+00:00,106.5,95.75
1998-09-01 00:00:00+00:00,101.75,94.5
1998-09-02 00:00:00+00:00,104.25,100.25
1998-09-03 00:00:00+00:00,100.75,98.37
1998-09-04 00:00:00+00:00,100.25,96.12
1998-09-08 00:00:00+00:00,102.06,99.06
1998-09-09 00:00:00+00:00,104.44,101.62
1998-09-10 00:00:00+00:00,101.12,98.69
1998-09-11 00:00:00+00:00,104.62,100.12
1998-09-14 00:00:00+00:00,107.06,104.87
1998-09-15 00:00:00+00:00,108.44,105.12
1998-09-16 00:00:00+00:00,108.5,106.12
1998-09-17 00:00:00+00:00,106.5,104.81
1998-09-18 00:00:00+00:00,106.25,104.31
1998-09-21 00:00:00+00:00,108.06,102.37
1998-09-22 00:00:00+00:00,109.87,106.75
1998-09-23 00:00:00+00:00,113.87,108.5
1998-09-24 00:00:00+00:00,114.62,109.0
1998-09-25 00:00:00+00:00,113.12,108.62
1998-09-28 00:00:00+00:00,114.37,109.75
1998-09-29 00:00:00+00:00,114.0,111.37
1998-09-30 00:00:00+00:00,113.56,110.03
1998-10-01 00:00:00+00:00,109.5,104.0
1998-10-02 00:00:00+00:00,105.19,101.0
1998-10-05 00:00:00+00:00,102.87,96.5
1998-10-06 00:00:00+00:00,103.62,97.37
1998-10-07 00:00:00+00:00,99.75,93.37
1998-10-08 00:00:00+00:00,91.87,87.75
1998-10-09 00:00:00+00:00,97.0,92.25
1998-10-12 00:00:00+00:00,101.0,98.5
1998-10-13 00:00:00+00:00,99.75,95.75
1998-10-14 00:00:00+00:00,101.37,95.87
1998-10-15 00:00:00+00:00,105.62,99.62
1998-10-16 00:00:00+00:00,106.5,104.0
1998-10-19 00:00:00+00:00,104.19,101.12
1998-10-20 00:00:00+00:00,103.37,99.62
1998-10-21 00:00:00+00:00,106.87,103.06
1998-10-22 00:00:00+00:00,110.12,105.25
1998-10-23 00:00:00+00:00,110.0,106.19
1998-10-26 00:00:00+00:00,108.0,105.69
1998-10-27 00:00:00+00:00,107.87,105.0
1998-10-28 00:00:00+00:00,106.62,104.87
1998-10-29 00:00:00+00:00,107.5,105.44
1998-10-30 00:00:00+00:00,108.19,105.12
1998-11-02 00:00:00+00:00,106.87,105.0
1998-11-03 00:00:00+00:00,106.56,104.75
1998-11-04 00:00:00+00:00,107.31,104.87
1998-11-05 00:00:00+00:00,107.62,105.25
1998-11-06 00:00:00+00:00,109.75,105.94
1998-11-09 00:00:00+00:00,111.37,108.81
1998-11-10 00:00:00+00:00,113.44,110.06
1998-11-11 00:00:00+00:00,114.75,110.87
1998-11-12 00:00:00+00:00,111.12,108.5
1998-11-13 00:00:00+00:00,110.5,108.37
1998-11-16 00:00:00+00:00,111.75,107.5
1998-11-17 00:00:00+00:00,112.37,108.94
1998-11-18 00:00:00+00:00,111.06,109.12
1998-11-19 00:00:00+00:00,112.5,109.06
1998-11-20 00:00:00+00:00,113.75,111.25
1998-11-23 00:00:00+00:00,120.19,112.5
1998-11-24 00:00:00+00:00,125.06,118.62
1998-11-25 00:00:00+00:00,124.37,120.75
1998-11-27 00:00:00+00:00,128.13,124.31
1998-11-30 00:00:00+00:00,130.27,121.94
1998-12-01 00:00:00+00:00,129.75,120.12
1998-12-02 00:00:00+00:00,129.75,125.5
1998-12-03 00:00:00+00:00,128.94,122.0
1998-12-04 00:00:00+00:00,127.37,124.0
1998-12-07 00:00:00+00:00,133.75,126.75
1998-12-08 00:00:00+00:00,134.25,129.75
1998-12-09 00:00:00+00:00,133.81,130.0
1998-12-10 00:00:00+00:00,134.63,131.38
1998-12-11 00:00:00+00:00,134.69,130.75
1998-12-14 00:00:00+00:00,133.75,127.69
1998-12-15 00:00:00+00:00,132.0,129.25
1998-12-16 00:00:00+00:00,135.13,129.13
1998-12-17 00:00:00+00:00,134.88,132.25
1998-12-18 00:00:00+00:00,138.25,134.13
1998-12-21 00:00:00+00:00,142.19,137.75
1998-12-22 00:00:00+00:00,140.5,137.38
1998-12-23 00:00:00+00:00,143.81,139.38
1998-12-24 00:00:00+00:00,144.0,141.5
1998-12-28 00:00:00+00:00,143.63,141.5
1998-12-29 00:00:00+00:00,142.56,139.63
1998-12-30 00:00:00+00:00,143.36,138.88
1998-12-31 00:00:00+00:00,140.0,138.0
1999-01-04 00:00:00+00:00,145.25,139.38
1999-01-05 00:00:00+00:00,148.0,141.44
1999-01-06 00:00:00+00:00,151.5,146.75
1999-01-07 00:00:00+00:00,150.63,148.25
1999-01-08 00:00:00+00:00,152.5,147.0
1999-01-11 00:00:00+00:00,150.94,144.25
1999-01-12 00:00:00+00:00,148.13,141.0
1999-01-13 00:00:00+00:00,147.75,136.0
1999-01-14 00:00:00+00:00,145.56,141.5
1999-01-15 00:00:00+00:00,150.0,141.38
1999-01-19 00:00:00+00:00,158.38,150.88
1999-01-20 00:00:00+00:00,167.75,162.48
1999-01-21 00:00:00+00:00,163.31,157.75
1999-01-22 00:00:00+00:00,160.23,155.25
1999-01-25 00:00:00+00:00,163.31,159.13
1999-01-26 00:00:00+00:00,171.75,164.5
1999-01-27 00:00:00+00:00,174.44,168.5
1999-01-28 00:00:00+00:00,174.06,169.81
1999-01-29 00:00:00+00:00,175.13,170.88
1999-02-01 00:00:00+00:00,175.94,170.81
1999-02-02 00:00:00+00:00,172.56,166.25
1999-02-03 00:00:00+00:00,169.88,166.0
1999-02-04 00:00:00+00:00,168.38,158.88
1999-02-05 00:00:00+00:00,161.63,154.88
1999-02-08 00:00:00+00:00,165.56,161.63
1999-02-09 00:00:00+00:00,166.75,159.75
1999-02-10 00:00:00+00:00,164.38,158.63
1999-02-11 00:00:00+00:00,163.88,160.38
1999-02-12 00:00:00+00:00,163.69,157.13
1999-02-16 00:00:00+00:00,159.88,154.56
1999-02-17 00:00:00+00:00,154.13,148.5
1999-02-18 00:00:00+00:00,151.38,143.98
1999-02-19 00:00:00+00:00,149.25,145.75
1999-02-22 00:00:00+00:00,149.0,144.75
1999-02-23 00:00:00+00:00,155.63,150.5
1999-02-24 00:00:00+00:00,159.38,152.75
1999-02-25 00:00:00+00:00,153.75,149.63
1999-02-26 00:00:00+00:00,152.5,149.5
1999-03-01 00:00:00+00:00,152.56,149.5
1999-03-02 00:00:00+00:00,154.13,147.63
1999-03-03 00:00:00+00:00,150.69,147.06
1999-03-04 00:00:00+00:00,153.5,148.13
1999-03-05 00:00:00+00:00,155.38,153.13
1999-03-08 00:00:00+00:00,159.23,155.0
1999-03-09 00:00:00+00:00,164.75,159.75
1999-03-10 00:00:00+00:00,162.5,159.19
1999-03-11 00:00:00+00:00,164.56,159.31
1999-03-12 00:00:00+00:00,162.75,156.81
1999-03-15 00:00:00+00:00,166.0,157.88
1999-03-16 00:00:00+00:00,170.0,164.25
1999-03-17 00:00:00+00:00,169.44,166.75
1999-03-18 00:00:00+00:00,172.56,166.19
1999-03-19 00:00:00+00:00,174.13,169.88
1999-03-22 00:00:00+00:00,174.94,172.0
1999-03-23 00:00:00+00:00,174.13,166.25
1999-03-24 00:00:00+00:00,171.81,163.13
1999-03-25 00:00:00+00:00,180.06,172.5
1999-03-26 00:00:00+00:00,180.38,175.75
1999-03-29 00:00:00+00:00,92.62,87.87
1999-03-30 00:00:00+00:00,93.5,92.25
1999-03-31 00:00:00+00:00,94.62,89.12
1999-04-01 00:00:00+00:00,92.87,90.27
1999-04-05 00:00:00+00:00,95.02,93.5
1999-04-06 00:00:00+00:00,95.62,93.25
1999-04-07 00:00:00+00:00,95.0,91.25
1999-04-08 00:00:00+00:00,94.62,91.0
1999-04-09 00:00:00+00:00,95.0,93.0
1999-04-12 00:00:00+00:00,93.62,91.37
1999-04-13 00:00:00+00:00,93.12,89.19
1999-04-14 00:00:00+00:00,91.12,85.87
1999-04-15 00:00:00+00:00,89.87,83.87
1999-04-16 00:00:00+00:00,89.12,85.87
1999-04-19 00:00:00+00:00,88.12,80.37
1999-04-20 00:00:00+00:00,84.0,80.0
1999-04-21 00:00:00+00:00,82.5,80.0
1999-04-22 00:00:00+00:00,85.25,83.37
1999-04-23 00:00:00+00:00,87.0,83.0
1999-04-26 00:00:00+00:00,88.94,86.75
1999-04-27 00:00:00+00:00,88.75,83.94
1999-04-28 00:00:00+00:00,86.5,81.72
1999-04-29 00:00:00+00:00,83.69,80.41
1999-04-30 00:00:00+00:00,83.75,79.87
1999-05-03 00:00:00+00:00,81.5,78.56
1999-05-04 00:00:00+00:00,81.81,77.75
1999-05-05 00:00:00+00:00,79.87,76.44
1999-05-06 00:00:00+00:00,81.12,77.5
1999-05-07 00:00:00+00:00,80.37,78.0
1999-05-10 00:00:00+00:00,80.5,78.25
1999-05-11 00:00:00+00:00,81.02,79.44
1999-05-12 00:00:00+00:00,81.0,79.25
1999-05-13 00:00:00+00:00,81.75,79.12
1999-05-14 00:00:00+00:00,79.94,76.62
1999-05-17 00:00:00+00:00,79.56,77.0
1999-05-18 00:00:00+00:00,80.25,77.94
1999-05-19 00:00:00+00:00,79.87,77.25
1999-05-20 00:00:00+00:00,80.0,78.37
1999-05-21 00:00:00+00:00,79.0,77.0
1999-05-24 00:00:00+00:00,77.87,76.06
1999-05-25 00:00:00+00:00,79.25,76.12
1999-05-26 00:00:00+00:00,78.5,75.5
1999-05-27 00:00:00+00:00,79.44,77.5
1999-05-28 00:00:00+00:00,80.87,78.12
1999-06-01 00:00:00+00:00,80.75,78.44
1999-06-02 00:00:00+00:00,78.62,76.25
1999-06-03 00:00:00+00:00,78.94,76.12
1999-06-04 00:00:00+00:00,79.69,76.75
1999-06-07 00:00:00+00:00,81.06,79.19
1999-06-08 00:00:00+00:00,82.12,79.0
1999-06-09 00:00:00+00:00,82.62,80.0
1999-06-10 00:00:00+00:00,82.31,79.06
1999-06-11 00:00:00+00:00,80.5,77.56
1999-06-14 00:00:00+00:00,79.69,77.44
1999-06-15 00:00:00+00:00,78.87,76.69
1999-06-16 00:00:00+00:00,81.62,78.94
1999-06-17 00:00:00+00:00,83.0,80.5
1999-06-18 00:00:00+00:00,85.0,82.12
1999-06-21 00:00:00+00:00,89.0,84.87
1999-06-22 00:00:00+00:00,88.44,86.25
1999-06-23 00:00:00+00:00,87.37,85.06
1999-06-24 00:00:00+00:00,86.25,84.0
1999-06-25 00:00:00+00:00,86.44,84.37
1999-06-28 00:00:00+00:00,86.81,84.94
1999-06-29 00:00:00+00:00,88.06,86.0
1999-06-30 00:00:00+00:00,90.25,86.75
1999-07-01 00:00:00+00:00,91.5,88.37
1999-07-02 00:00:00+00:00,92.12,90.31
1999-07-06 00:00:00+00:00,92.94,89.25
1999-07-07 00:00:00+00:00,92.31,89.87
1999-07-08 00:00:00+00:00,93.0,90.69
1999-07-09 00:00:00+00:00,93.31,92.25
1999-07-12 00:00:00+00:00,94.75,92.37
1999-07-13 00:00:00+00:00,94.06,92.81
1999-07-14 00:00:00+00:00,95.0,92.5
1999-07-15 00:00:00+00:00,95.25,93.75
1999-07-16 00:00:00+00:00,99.87,95.0
1999-07-19 00:00:00+00:00,100.75,97.81
1999-07-20 00:00:00+00:00,96.75,92.31
1999-07-21 00:00:00+00:00,95.31,93.0
1999-07-22 00:00:00+00:00,94.5,90.0
1999-07-23 00:00:00+00:00,91.75,89.69
1999-07-26 00:00:00+00:00,89.81,87.62
1999-07-27 00:00:00+00:00,89.75,88.0
1999-07-28 00:00:00+00:00,90.5,88.37
1999-07-29 00:00:00+00:00,88.81,86.31
1999-07-30 00:00:00+00:00,88.62,85.5
1999-08-02 00:00:00+00:00,86.94,84.37
1999-08-03 00:00:00+00:00,86.06,84.37
1999-08-04 00:00:00+00:00,87.19,84.75
1999-08-05 00:00:00+00:00,86.37,84.75
1999-08-06 00:00:00+00:00,86.44,84.94
1999-08-09 00:00:00+00:00,85.81,83.69
1999-08-10 00:00:00+00:00,84.06,81.62
1999-08-11 00:00:00+00:00,84.69,82.31
1999-08-12 00:00:00+00:00,84.19,81.62
1999-08-13 00:00:00+00:00,85.62,82.75
1999-08-16 00:00:00+00:00,85.89,82.31
1999-08-17 00:00:00+00:00,85.5,82.94
1999-08-18 00:00:00+00:00,86.19,84.06
1999-08-19 00:00:00+00:00,85.12,83.12
1999-08-20 00:00:00+00:00,84.78,83.06
1999-08-23 00:00:00+00:00,86.62,83.87
1999-08-24 00:00:00+00:00,93.5,87.06
1999-08-25 00:00:00+00:00,96.0,93.19
1999-08-26 00:00:00+00:00,96.37,93.69
1999-08-27 00:00:00+00:00,95.12,92.37
1999-08-30 00:00:00+00:00,93.44,91.56
1999-08-31 00:00:00+00:00,93.12,90.12
1999-09-01 00:00:00+00:00,93.44,91.62
1999-09-02 00:00:00+00:00,92.56,90.69
1999-09-03 00:00:00+00:00,96.44,93.5
1999-09-07 00:00:00+00:00,96.69,93.75
1999-09-08 00:00:00+00:00,94.69,92.06
1999-09-09 00:00:00+00:00,94.14,91.8
1999-09-10 00:00:00+00:00,95.31,94.0
1999-09-13 00:00:00+00:00,94.81,93.37
1999-09-14 00:00:00+00:00,95.56,93.62
1999-09-15 00:00:00+00:00,95.75,92.37
1999-09-16 00:00:00+00:00,94.06,90.62
1999-09-17 00:00:00+00:00,96.5,93.81
1999-09-20 00:00:00+00:00,97.87,95.0
1999-09-21 00:00:00+00:00,96.56,94.12
1999-09-22 00:00:00+00:00,96.62,93.69
1999-09-23 00:00:00+00:00,96.87,90.02
1999-09-24 00:00:00+00:00,91.37,88.87
1999-09-27 00:00:00+00:00,92.94,90.87
1999-09-28 00:00:00+00:00,92.69,89.06
1999-09-29 00:00:00+00:00,92.12,89.12
1999-09-30 00:00:00+00:00,91.69,88.81
1999-10-01 00:00:00+00:00,90.62,88.31
1999-10-04 00:00:00+00:00,92.62,90.25
1999-10-05 00:00:00+00:00,93.87,89.5
1999-10-06 00:00:00+00:00,94.0,92.06
1999-10-07 00:00:00+00:00,95.06,92.69
1999-10-08 00:00:00+00:00,95.19,92.12
1999-10-11 00:00:00+00:00,95.0,94.12
1999-10-12 00:00:00+00:00,94.31,92.37
1999-10-13 00:00:00+00:00,93.12,90.31
1999-10-14 00:00:00+00:00,92.23,89.69
1999-10-15 00:00:00+00:00,89.81,87.31
1999-10-18 00:00:00+00:00,88.0,85.06
1999-10-19 00:00:00+00:00,89.25,85.25
1999-10-20 00:00:00+00:00,92.37,90.25
1999-10-21 00:00:00+00:00,93.12,90.5
1999-10-22 00:00:00+00:00,93.87,91.75
1999-10-25 00:00:00+00:00,93.56,91.12
1999-10-26 00:00:00+00:00,95.25,92.27
1999-10-27 00:00:00+00:00,91.62,89.69
1999-10-28 00:00:00+00:00,90.87,89.31
1999-10-29 00:00:00+00:00,94.0,91.25
1999-11-01 00:00:00+00:00,94.19,92.12
1999-11-02 00:00:00+00:00,94.5,91.94
1999-11-03 00:00:00+00:00,93.5,91.5
1999-11-04 00:00:00+00:00,92.75,90.31
1999-11-05 00:00:00+00:00,92.87,90.5
1999-11-08 00:00:00+00:00,90.75,84.37
1999-11-09 00:00:00+00:00,89.87,86.44
1999-11-10 00:00:00+00:00,89.12,86.44
1999-11-11 00:00:00+00:00,90.44,88.25
1999-11-12 00:00:00+00:00,90.0,87.06
1999-11-15 00:00:00+00:00,88.5,86.94
1999-11-16 00:00:00+00:00,87.75,85.87
1999-11-17 00:00:00+00:00,87.06,85.0
1999-11-18 00:00:00+00:00,85.81,84.5
1999-11-19 00:00:00+00:00,86.56,84.37
1999-11-22 00:00:00+00:00,90.37,88.44
1999-11-23 00:00:00+00:00,91.37,88.37
1999-11-24 00:00:00+00:00,92.25,89.5
1999-11-26 00:00:00+00:00,93.37,91.0
1999-11-29 00:00:00+00:00,92.06,89.5
1999-11-30 00:00:00+00:00,92.87,89.56
1999-12-01 00:00:00+00:00,93.94,90.87
1999-12-02 00:00:00+00:00,95.25,92.87
1999-12-03 00:00:00+00:00,97.12,95.73
1999-12-06 00:00:00+00:00,97.19,94.75
1999-12-07 00:00:00+00:00,94.87,92.87
1999-12-08 00:00:00+00:00,94.31,91.69
1999-12-09 00:00:00+00:00,93.31,91.44
1999-12-10 00:00:00+00:00,94.12,92.25
1999-12-13 00:00:00+00:00,96.94,92.75
1999-12-14 00:00:00+00:00,101.12,95.31
1999-12-15 00:00:00+00:00,108.75,98.5
1999-12-16 00:00:00+00:00,115.0,108.94
1999-12-17 00:00:00+00:00,117.12,113.62
1999-12-20 00:00:00+00:00,115.0,111.19
1999-12-21 00:00:00+00:00,116.62,110.62
1999-12-22 00:00:00+00:00,118.0,115.12
1999-12-23 00:00:00+00:00,119.25,116.75
1999-12-27 00:00:00+00:00,119.25,116.12
1999-12-28 00:00:00+00:00,118.81,117.06
1999-12-29 00:00:00+00:00,118.37,116.81
1999-12-30 00:00:00+00:00,119.94,117.12
1999-12-31 00:00:00+00:00,117.75,116.25
2000-01-03 00:00:00+00:00,118.62,112.0
2000-01-04 00:00:00+00:00,117.12,112.25
2000-01-05 00:00:00+00:00,116.37,109.37
2000-01-06 00:00:00+00:00,113.87,108.37
2000-01-07 00:00:00+00:00,112.25,107.31
2000-01-10 00:00:00+00:00,113.69,111.37
2000-01-11 00:00:00+00:00,114.25,108.69
2000-01-12 00:00:00+00:00,108.87,104.44
2000-01-13 00:00:00+00:00,108.62,101.5
2000-01-14 00:00:00+00:00,113.94,105.75
2000-01-18 00:00:00+00:00,116.5,111.75
2000-01-19 00:00:00+00:00,111.5,106.0
2000-01-20 00:00:00+00:00,109.69,105.87
2000-01-21 00:00:00+00:00,107.25,103.25
2000-01-24 00:00:00+00:00,105.69,100.81
2000-01-25 00:00:00+00:00,103.87,99.56
2000-01-26 00:00:00+00:00,103.5,99.12
2000-01-27 00:00:00+00:00,101.19,97.25
2000-01-28 00:00:00+00:00,100.25,97.25
2000-01-31 00:00:00+00:00,98.19,94.87
2000-02-01 00:00:00+00:00,103.25,97.69
2000-02-02 00:00:00+00:00,103.94,100.5
2000-02-03 00:00:00+00:00,104.19,100.12
2000-02-04 00:00:00+00:00,108.0,104.14
2000-02-07 00:00:00+00:00,106.87,104.25
2000-02-08 00:00:00+00:00,110.0,106.44
2000-02-09 00:00:00+00:00,109.44,103.87
2000-02-10 00:00:00+00:00,106.56,102.5
2000-02-11 00:00:00+00:00,104.87,99.12
2000-02-14 00:00:00+00:00,101.75,99.06
2000-02-15 00:00:00+00:00,100.0,98.12
2000-02-16 00:00:00+00:00,100.19,97.12
2000-02-17 00:00:00+00:00,99.69,97.14
2000-02-18 00:00:00+00:00,100.06,94.87
2000-02-22 00:00:00+00:00,97.12,92.81
2000-02-23 00:00:00+00:00,95.75,92.06
2000-02-24 00:00:00+00:00,95.87,92.0
2000-02-25 00:00:00+00:00,94.7,90.5
2000-02-28 00:00:00+00:00,92.12,88.12
2000-02-29 00:00:00+00:00,91.75,88.87
2000-03-01 00:00:00+00:00,94.09,88.94
2000-03-02 00:00:00+00:00,95.37,91.12
2000-03-03 00:00:00+00:00,98.87,93.87
2000-03-06 00:00:00+00:00,97.37,90.12
2000-03-07 00:00:00+00:00,97.5,91.94
2000-03-08 00:00:00+00:00,96.19,91.0
2000-03-09 00:00:00+00:00,100.0,95.0
2000-03-10 00:00:00+00:00,102.5,99.5
2000-03-13 00:00:00+00:00,100.25,97.5
2000-03-14 00:00:00+00:00,99.25,95.12
2000-03-15 00:00:00+00:00,96.62,93.69
2000-03-16 00:00:00+00:00,96.69,93.25
2000-03-17 00:00:00+00:00,99.5,94.5
2000-03-20 00:00:00+00:00,99.75,96.5
2000-03-21 00:00:00+00:00,103.12,96.5
2000-03-22 00:00:00+00:00,105.62,101.12
2000-03-23 00:00:00+00:00,112.87,106.62
2000-03-24 00:00:00+00:00,115.0,109.56
2000-03-27 00:00:00+00:00,108.25,103.94
2000-03-28 00:00:00+00:00,107.44,102.37
2000-03-29 00:00:00+00:00,108.94,105.12
2000-03-30 00:00:00+00:00,108.62,102.5
2000-03-31 00:00:00+00:00,108.25,104.12
2000-04-03 00:00:00+00:00,96.5,90.0
2000-04-04 00:00:00+00:00,92.0,84.94
2000-04-05 00:00:00+00:00,88.5,85.87
2000-04-06 00:00:00+00:00,88.0,85.27
2000-04-07 00:00:00+00:00,89.37,85.0
2000-04-10 00:00:00+00:00,88.62,86.0
2000-04-11 00:00:00+00:00,86.06,83.5
2000-04-12 00:00:00+00:00,82.25,78.75
2000-04-13 00:00:00+00:00,82.25,79.0
2000-04-14 00:00:00+00:00,79.5,73.25
2000-04-17 00:00:00+00:00,76.0,73.0
2000-04-18 00:00:00+00:00,81.94,75.87
2000-04-19 00:00:00+00:00,81.5,78.12
2000-04-20 00:00:00+00:00,79.87,77.5
2000-04-24 00:00:00+00:00,68.0,65.0
2000-04-25 00:00:00+00:00,69.5,67.62
2000-04-26 00:00:00+00:00,71.12,67.37
2000-04-27 00:00:00+00:00,69.94,67.37
2000-04-28 00:00:00+00:00,71.0,68.25
2000-05-01 00:00:00+00:00,74.0,71.69
2000-05-02 00:00:00+00:00,73.5,69.5
2000-05-03 00:00:00+00:00,70.81,68.81
2000-05-04 00:00:00+00:00,71.25,69.31
2000-05-05 00:00:00+00:00,71.81,69.87
2000-05-08 00:00:00+00:00,71.37,69.69
2000-05-09 00:00:00+00:00,70.44,67.5
2000-05-10 00:00:00+00:00,67.87,65.75
2000-05-11 00:00:00+00:00,68.12,65.75
2000-05-12 00:00:00+00:00,69.75,68.25
2000-05-15 00:00:00+00:00,69.44,68.0
2000-05-16 00:00:00+00:00,70.62,69.06
2000-05-17 00:00:00+00:00,69.12,67.25
2000-05-18 00:00:00+00:00,68.06,65.87
2000-05-19 00:00:00+00:00,65.94,64.5
2000-05-22 00:00:00+00:00,65.25,62.44
2000-05-23 00:00:00+00:00,65.56,63.06
2000-05-24 00:00:00+00:00,66.56,63.0
2000-05-25 00:00:00+00:00,64.75,61.13
2000-05-26 00:00:00+00:00,62.63,60.38
2000-05-30 00:00:00+00:00,64.12,62.0
2000-05-31 00:00:00+00:00,63.7,62.06
2000-06-01 00:00:00+00:00,66.0,63.81
2000-06-02 00:00:00+00:00,66.75,65.0
2000-06-05 00:00:00+00:00,68.37,66.0
2000-06-06 00:00:00+00:00,69.87,67.81
2000-06-07 00:00:00+00:00,70.75,67.12
2000-06-08 00:00:00+00:00,72.12,68.25
2000-06-09 00:00:00+00:00,69.69,68.31
2000-06-12 00:00:00+00:00,69.0,66.37
2000-06-13 00:00:00+00:00,68.0,66.12
2000-06-14 00:00:00+00:00,71.0,69.5
2000-06-15 00:00:00+00:00,72.69,70.62
2000-06-16 00:00:00+00:00,73.12,71.5
2000-06-19 00:00:00+00:00,73.81,72.0
2000-06-20 00:00:00+00:00,75.25,73.75
2000-06-21 00:00:00+00:00,82.19,76.94
2000-06-22 00:00:00+00:00,82.0,79.31
2000-06-23 00:00:00+00:00,80.06,77.0
2000-06-26 00:00:00+00:00,80.12,77.5
2000-06-27 00:00:00+00:00,80.12,78.37
2000-06-28 00:00:00+00:00,80.06,78.62
2000-06-29 00:00:00+00:00,78.94,77.06
2000-06-30 00:00:00+00:00,80.0,76.69
2000-07-03 00:00:00+00:00,80.06,79.37
2000-07-05 00:00:00+00:00,79.87,78.25
2000-07-06 00:00:00+00:00,81.69,78.5
2000-07-07 00:00:00+00:00,82.87,80.56
2000-07-10 00:00:00+00:00,81.31,79.37
2000-07-11 00:00:00+00:00,80.5,78.5
2000-07-12 00:00:00+00:00,81.0,77.19
2000-07-13 00:00:00+00:00,80.0,77.37
2000-07-14 00:00:00+00:00,79.75,78.44
2000-07-17 00:00:00+00:00,79.56,77.5
2000-07-18 00:00:00+00:00,79.5,77.44
2000-07-19 00:00:00+00:00,77.5,72.81
2000-07-20 00:00:00+00:00,75.25,73.12
2000-07-21 00:00:00+00:00,75.0,71.87
2000-07-24 00:00:00+00:00,72.12,70.0
2000-07-25 00:00:00+00:00,71.0,68.37
2000-07-26 00:00:00+00:00,69.5,67.25
2000-07-27 00:00:00+00:00,70.12,67.5
2000-07-28 00:00:00+00:00,71.81,69.62
2000-07-31 00:00:00+00:00,71.12,69.25
2000-08-01 00:00:00+00:00,70.06,68.19
2000-08-02 00:00:00+00:00,70.44,68.5
2000-08-03 00:00:00+00:00,70.37,68.12
2000-08-04 00:00:00+00:00,69.87,68.19
2000-08-07 00:00:00+00:00,71.12,69.75
2000-08-08 00:00:00+00:00,74.69,70.0
2000-08-09 00:00:00+00:00,74.87,73.12
2000-08-10 00:00:00+00:00,74.06,71.75
2000-08-11 00:00:00+00:00,72.69,71.62
2000-08-14 00:00:00+00:00,73.37,71.37
2000-08-15 00:00:00+00:00,73.0,71.5
2000-08-16 00:00:00+00:00,72.25,70.56
2000-08-17 00:00:00+00:00,72.0,70.56
2000-08-18 00:00:00+00:00,71.44,70.0
2000-08-21 00:00:00+00:00,70.81,70.06
2000-08-22 00:00:00+00:00,72.44,70.22
2000-08-23 00:00:00+00:00,71.12,70.37
2000-08-24 00:00:00+00:00,71.19,69.94
2000-08-25 00:00:00+00:00,71.69,70.56
2000-08-28 00:00:00+00:00,72.12,70.12
2000-08-29 00:00:00+00:00,72.75,70.87
2000-08-30 00:00:00+00:00,70.94,69.69
2000-08-31 00:00:00+00:00,72.0,69.69
2000-09-01 00:00:00+00:00,70.62,69.69
2000-09-05 00:00:00+00:00,70.69,69.81
2000-09-06 00:00:00+00:00,70.69,69.31
2000-09-07 00:00:00+00:00,72.06,69.44
2000-09-08 00:00:00+00:00,70.87,69.19
2000-09-11 00:00:00+00:00,69.69,68.06
2000-09-12 00:00:00+00:00,69.31,67.62
2000-09-13 00:00:00+00:00,68.75,67.19
2000-09-14 00:00:00+00:00,68.75,65.69
2000-09-15 00:00:00+00:00,65.62,63.31
2000-09-18 00:00:00+00:00,64.62,62.19
2000-09-19 00:00:00+00:00,65.75,63.38
2000-09-20 00:00:00+00:00,65.0,63.19
2000-09-21 00:00:00+00:00,65.12,63.56
2000-09-22 00:00:00+00:00,63.5,61.0
2000-09-25 00:00:00+00:00,63.5,60.44
2000-09-26 00:00:00+00:00,65.87,60.44
2000-09-27 00:00:00+00:00,63.56,59.81
2000-09-28 00:00:00+00:00,61.88,60.63
2000-09-29 00:00:00+00:00,61.31,58.63
2000-10-02 00:00:00+00:00,60.81,58.25
2000-10-03 00:00:00+00:00,59.81,56.5
2000-10-04 00:00:00+00:00,56.56,54.5
2000-10-05 00:00:00+00:00,57.25,55.25
2000-10-06 00:00:00+00:00,56.75,54.75
2000-10-09 00:00:00+00:00,55.75,53.0
2000-10-10 00:00:00+00:00,55.56,53.81
2000-10-11 00:00:00+00:00,56.94,54.0
2000-10-12 00:00:00+00:00,56.88,53.81
2000-10-13 00:00:00+00:00,54.88,52.13
2000-10-16 00:00:00+00:00,53.81,49.56
2000-10-17 00:00:00+00:00,52.44,50.25
2000-10-18 00:00:00+00:00,53.25,48.44
2000-10-19 00:00:00+00:00,62.19,58.0
2000-10-20 00:00:00+00:00,66.12,61.13
2000-10-23 00:00:00+00:00,66.25,60.69
2000-10-24 00:00:00+00:00,62.94,60.19
2000-10-25 00:00:00+00:00,63.44,60.44
2000-10-26 00:00:00+00:00,65.06,60.81
2000-10-27 00:00:00+00:00,69.19,64.62
2000-10-30 00:00:00+00:00,70.12,67.37
2000-10-31 00:00:00+00:00,69.5,68.0
2000-11-01 00:00:00+00:00,70.06,68.44
2000-11-02 00:00:00+00:00,70.84,69.62
2000-11-03 00:00:00+00:00,69.62,68.06
2000-11-06 00:00:00+00:00,70.12,68.25
2000-11-07 00:00:00+00:00,71.87,69.5
2000-11-08 00:00:00+00:00,72.37,68.0
2000-11-09 00:00:00+00:00,71.31,68.44
2000-11-10 00:00:00+00:00,70.31,66.81
2000-11-13 00:00:00+00:00,68.12,64.41
2000-11-14 00:00:00+00:00,69.81,67.31
2000-11-15 00:00:00+00:00,70.87,68.69
2000-11-16 00:00:00+00:00,71.5,68.94
2000-11-17 00:00:00+00:00,70.0,67.8
2000-11-20 00:00:00+00:00,68.5,65.56
2000-11-21 00:00:00+00:00,69.25,67.37
2000-11-22 00:00:00+00:00,69.5,66.0
2000-11-24 00:00:00+00:00,70.44,68.5
2000-11-27 00:00:00+00:00,72.25,70.62
2000-11-28 00:00:00+00:00,69.75,66.81
2000-11-29 00:00:00+00:00,67.12,63.25
2000-11-30 00:00:00+00:00,62.06,57.0
2000-12-01 00:00:00+00:00,60.63,56.06
2000-12-04 00:00:00+00:00,59.0,55.19
2000-12-05 00:00:00+00:00,60.5,58.25
2000-12-06 00:00:00+00:00,60.06,56.06
2000-12-07 00:00:00+00:00,54.0,52.25
2000-12-08 00:00:00+00:00,55.88,53.44
2000-12-11 00:00:00+00:00,58.75,55.0
2000-12-12 00:00:00+00:00,60.0,56.75
2000-12-13 00:00:00+00:00,60.5,56.81
2000-12-14 00:00:00+00:00,58.73,55.38
2000-12-15 00:00:00+00:00,52.0,47.75
2000-12-18 00:00:00+00:00,50.0,47.0
2000-12-19 00:00:00+00:00,48.0,44.5
2000-12-20 00:00:00+00:00,44.0,41.38
2000-12-21 00:00:00+00:00,45.13,40.31
2000-12-22 00:00:00+00:00,47.13,44.75
2000-12-26 00:00:00+00:00,48.56,45.88
2000-12-27 00:00:00+00:00,46.81,45.0
2000-12-28 00:00:00+00:00,46.25,43.88
2000-12-29 00:00:00+00:00,45.81,43.0
2001-01-02 00:00:00+00:00,45.0,42.88
2001-01-03 00:00:00+00:00,48.88,43.13
2001-01-04 00:00:00+00:00,50.5,46.88
2001-01-05 00:00:00+00:00,49.88,47.56
2001-01-08 00:00:00+00:00,49.75,46.69
2001-01-09 00:00:00+00:00,52.63,49.75
2001-01-10 00:00:00+00:00,53.81,50.75
2001-01-11 00:00:00+00:00,55.75,52.31
2001-01-12 00:00:00+00:00,55.0,52.5
2001-01-16 00:00:00+00:00,53.5,51.13
2001-01-17 00:00:00+00:00,54.88,52.56
2001-01-18 00:00:00+00:00,56.19,52.63
2001-01-19 00:00:00+00:00,61.44,58.88
2001-01-22 00:00:00+00:00,61.0,59.0
2001-01-23 00:00:00+00:00,60.94,58.94
2001-01-24 00:00:00+00:00,63.44,60.75
2001-01-25 00:00:00+00:00,64.0,61.56
2001-01-26 00:00:00+00:00,64.31,61.0
2001-01-29 00:00:00+00:00,64.62,63.5
2001-01-30 00:00:00+00:00,64.75,62.88
2001-01-31 00:00:00+00:00,63.75,61.0
2001-02-01 00:00:00+00:00,62.63,60.38
2001-02-02 00:00:00+00:00,63.38,60.75
2001-02-05 00:00:00+00:00,62.06,60.25
2001-02-06 00:00:00+00:00,63.81,61.69
2001-02-07 00:00:00+00:00,65.06,61.81
2001-02-08 00:00:00+00:00,64.5,62.0
2001-02-09 00:00:00+00:00,61.56,58.5
2001-02-12 00:00:00+00:00,59.44,57.19
2001-02-13 00:00:00+00:00,61.06,58.13
2001-02-14 00:00:00+00:00,59.0,56.38
2001-02-15 00:00:00+00:00,60.19,57.88
2001-02-16 00:00:00+00:00,58.25,56.13
2001-02-20 00:00:00+00:00,58.25,55.38
2001-02-21 00:00:00+00:00,58.06,55.19
2001-02-22 00:00:00+00:00,56.81,53.88
2001-02-23 00:00:00+00:00,57.5,54.31
2001-02-26 00:00:00+00:00,59.94,57.38
2001-02-27 00:00:00+00:00,61.19,58.67
2001-02-28 00:00:00+00:00,60.08,58.19
2001-03-01 00:00:00+00:00,59.5,56.25
2001-03-02 00:00:00+00:00,58.13,56.44
2001-03-05 00:00:00+00:00,58.63,56.56
2001-03-06 00:00:00+00:00,60.0,58.38
2001-03-07 00:00:00+00:00,61.13,59.31
2001-03-08 00:00:00+00:00,60.59,58.44
2001-03-09 00:00:00+00:00,58.19,54.88
2001-03-12 00:00:00+00:00,55.0,51.63
2001-03-13 00:00:00+00:00,54.75,52.0
2001-03-14 00:00:00+00:00,55.25,52.19
2001-03-15 00:00:00+00:00,56.08,53.5
2001-03-16 00:00:00+00:00,55.13,52.48
2001-03-19 00:00:00+00:00,55.5,53.13
2001-03-20 00:00:00+00:00,56.13,52.63
2001-03-21 00:00:00+00:00,53.25,49.75
2001-03-22 00:00:00+00:00,54.06,50.5
2001-03-23 00:00:00+00:00,57.0,54.38
2001-03-26 00:00:00+00:00,57.5,55.56
2001-03-27 00:00:00+00:00,58.56,55.88
2001-03-28 00:00:00+00:00,57.94,55.38
2001-03-29 00:00:00+00:00,57.19,54.56
2001-03-30 00:00:00+00:00,56.19,53.88
2001-04-02 00:00:00+00:00,56.94,54.63
2001-04-03 00:00:00+00:00,55.31,52.75
2001-04-04 00:00:00+00:00,55.0,51.06
2001-04-05 00:00:00+00:00,57.38,53.5
2001-04-06 00:00:00+00:00,57.19,55.06
2001-04-09 00:00:00+00:00,57.42,55.66
2001-04-10 00:00:00+00:00,60.09,57.78
2001-04-11 00:00:00+00:00,61.5,59.7
2001-04-12 00:00:00+00:00,62.31,59.35
2001-04-16 00:00:00+00:00,61.58,60.12
2001-04-17 00:00:00+00:00,62.11,60.04
2001-04-18 00:00:00+00:00,66.31,63.0
2001-04-19 00:00:00+00:00,69.0,65.75
2001-04-20 00:00:00+00:00,71.1,68.5
2001-04-23 00:00:00+00:00,68.47,66.9
2001-04-24 00:00:00+00:00,69.93,67.14
2001-04-25 00:00:00+00:00,69.79,67.25
2001-04-26 00:00:00+00:00,71.0,68.25
2001-04-27 00:00:00+00:00,69.68,66.21
2001-04-30 00:00:00+00:00,69.06,67.68
2001-05-01 00:00:00+00:00,70.3,67.6
2001-05-02 00:00:00+00:00,71.15,69.35
2001-05-03 00:00:00+00:00,70.18,68.14
2001-05-04 00:00:00+00:00,71.05,67.96
2001-05-07 00:00:00+00:00,72.15,70.7
2001-05-08 00:00:00+00:00,72.1,70.75
2001-05-09 00:00:00+00:00,71.3,69.86
2001-05-10 00:00:00+00:00,71.24,69.96
2001-05-11 00:00:00+00:00,70.0,68.65
2001-05-14 00:00:00+00:00,69.2,68.3
2001-05-15 00:00:00+00:00,69.3,68.0
2001-05-16 00:00:00+00:00,69.88,67.33
2001-05-17 00:00:00+00:00,70.14,67.55
2001-05-18 00:00:00+00:00,69.2,67.25
2001-05-21 00:00:00+00:00,69.99,67.75
2001-05-22 00:00:00+00:00,70.35,69.18
2001-05-23 00:00:00+00:00,71.6,69.51
2001-05-24 00:00:00+00:00,71.78,69.27
2001-05-25 00:00:00+00:00,71.9,70.36
2001-05-29 00:00:00+00:00,71.75,70.05
2001-05-30 00:00:00+00:00,70.58,68.65
2001-05-31 00:00:00+00:00,70.38,68.4
2001-06-01 00:00:00+00:00,70.7,68.7
2001-06-04 00:00:00+00:00,71.02,69.8
2001-06-05 00:00:00+00:00,73.08,70.5
2001-06-06 00:00:00+00:00,73.48,71.55
2001-06-07 00:00:00+00:00,73.73,72.08
2001-06-08 00:00:00+00:00,73.75,72.05
2001-06-11 00:00:00+00:00,72.85,71.51
2001-06-12 00:00:00+00:00,72.41,70.81
2001-06-13 00:00:00+00:00,72.3,70.64
2001-06-14 00:00:00+00:00,70.55,68.4
2001-06-15 00:00:00+00:00,68.3,66.4
2001-06-18 00:00:00+00:00,67.96,66.01
2001-06-19 00:00:00+00:00,68.85,66.85
2001-06-20 00:00:00+00:00,69.59,67.1
2001-06-21 00:00:00+00:00,70.55,68.92
2001-06-22 00:00:00+00:00,70.61,68.58
2001-06-25 00:00:00+00:00,69.81,67.77
2001-06-26 00:00:00+00:00,70.21,67.7
2001-06-27 00:00:00+00:00,71.53,69.36
2001-06-28 00:00:00+00:00,76.15,70.53
2001-06-29 00:00:00+00:00,73.41,71.4
2001-07-02 00:00:00+00:00,73.15,70.15
2001-07-03 00:00:00+00:00,70.8,69.93
2001-07-05 00:00:00+00:00,70.72,68.44
2001-07-06 00:00:00+00:00,68.4,65.67
2001-07-09 00:00:00+00:00,66.91,65.04
2001-07-10 00:00:00+00:00,66.25,64.35
2001-07-11 00:00:00+00:00,66.75,64.2
2001-07-12 00:00:00+00:00,72.05,70.33
2001-07-13 00:00:00+00:00,72.0,70.94
2001-07-16 00:00:00+00:00,72.16,70.15
2001-07-17 00:00:00+00:00,72.01,70.14
2001-07-18 00:00:00+00:00,71.5,69.87
2001-07-19 00:00:00+00:00,73.0,71.22
2001-07-20 00:00:00+00:00,69.4,67.94
2001-07-23 00:00:00+00:00,69.24,66.35
2001-07-24 00:00:00+00:00,67.99,65.7
2001-07-25 00:00:00+00:00,67.52,65.61
2001-07-26 00:00:00+00:00,67.32,65.5
2001-07-27 00:00:00+00:00,66.25,65.05
2001-07-30 00:00:00+00:00,66.88,65.54
2001-07-31 00:00:00+00:00,67.39,65.85
2001-08-01 00:00:00+00:00,66.81,65.76
2001-08-02 00:00:00+00:00,67.54,66.26
2001-08-03 00:00:00+00:00,67.36,66.0
2001-08-06 00:00:00+00:00,67.12,65.68
2001-08-07 00:00:00+00:00,67.05,65.99
2001-08-08 00:00:00+00:00,67.24,64.49
2001-08-09 00:00:00+00:00,65.55,64.3
2001-08-10 00:00:00+00:00,65.86,62.9
2001-08-13 00:00:00+00:00,65.99,64.75
2001-08-14 00:00:00+00:00,66.09,64.45
2001-08-15 00:00:00+00:00,65.05,63.2
2001-08-16 00:00:00+00:00,64.71,62.7
2001-08-17 00:00:00+00:00,64.13,61.5
2001-08-20 00:00:00+00:00,62.75,61.1
2001-08-21 00:00:00+00:00,63.2,60.71
2001-08-22 00:00:00+00:00,61.15,59.08
2001-08-23 00:00:00+00:00,61.53,59.0
2001-08-24 00:00:00+00:00,62.28,59.23
2001-08-27 00:00:00+00:00,63.36,61.57
2001-08-28 00:00:00+00:00,62.95,60.58
2001-08-29 00:00:00+00:00,61.3,59.54
2001-08-30 00:00:00+00:00,59.66,56.52
2001-08-31 00:00:00+00:00,58.06,56.3
2001-09-04 00:00:00+00:00,59.08,56.07
2001-09-05 00:00:00+00:00,58.39,55.39
2001-09-06 00:00:00+00:00,58.39,55.9
2001-09-07 00:00:00+00:00,57.36,55.31
2001-09-10 00:00:00+00:00,57.95,54.7
2001-09-17 00:00:00+00:00,55.1,52.8
2001-09-18 00:00:00+00:00,55.0,53.17
2001-09-19 00:00:00+00:00,54.7,50.6
2001-09-20 00:00:00+00:00,52.61,50.67
2001-09-21 00:00:00+00:00,50.6,47.5
2001-09-24 00:00:00+00:00,52.45,49.87
2001-09-25 00:00:00+00:00,53.0,50.16
2001-09-26 00:00:00+00:00,51.8,49.55
2001-09-27 00:00:00+00:00,50.68,48.0
2001-09-28 00:00:00+00:00,51.59,48.98
2001-10-01 00:00:00+00:00,52.5,50.41
2001-10-02 00:00:00+00:00,53.55,51.56
2001-10-03 00:00:00+00:00,56.93,52.4
2001-10-04 00:00:00+00:00,58.4,56.21
2001-10-05 00:00:00+00:00,58.0,54.94
2001-10-08 00:00:00+00:00,58.65,56.74
2001-10-09 00:00:00+00:00,57.57,54.19
2001-10-10 00:00:00+00:00,55.75,53.0
2001-10-11 00:00:00+00:00,56.84,54.59
2001-10-12 00:00:00+00:00,56.64,54.55
2001-10-15 00:00:00+00:00,58.5,55.85
2001-10-16 00:00:00+00:00,58.91,57.21
2001-10-17 00:00:00+00:00,59.3,55.98
2001-10-18 00:00:00+00:00,57.58,55.5
2001-10-19 00:00:00+00:00,58.01,55.63
2001-10-22 00:00:00+00:00,60.18,57.47
2001-10-23 00:00:00+00:00,61.44,59.4
2001-10-24 00:00:00+00:00,61.62,59.62
2001-10-25 00:00:00+00:00,62.6,59.57
2001-10-26 00:00:00+00:00,63.63,62.08
2001-10-29 00:00:00+00:00,62.2,59.54
2001-10-30 00:00:00+00:00,59.54,58.19
2001-10-31 00:00:00+00:00,60.73,58.1
2001-11-01 00:00:00+00:00,62.25,59.6
2001-11-02 00:00:00+00:00,63.02,60.51
2001-11-05 00:00:00+00:00,64.03,61.75
2001-11-06 00:00:00+00:00,64.94,62.16
2001-11-07 00:00:00+00:00,65.05,64.03
2001-11-08 00:00:00+00:00,66.06,63.66
2001-11-09 00:00:00+00:00,65.65,63.91
2001-11-12 00:00:00+00:00,66.44,63.65
2001-11-13 00:00:00+00:00,67.95,66.6
2001-11-14 00:00:00+00:00,68.34,65.79
2001-11-15 00:00:00+00:00,67.05,65.45
2001-11-16 00:00:00+00:00,66.61,64.95
2001-11-19 00:00:00+00:00,66.97,65.7
2001-11-20 00:00:00+00:00,67.8,65.03
2001-11-21 00:00:00+00:00,64.6,63.48
2001-11-23 00:00:00+00:00,64.81,63.62
2001-11-26 00:00:00+00:00,65.71,64.4
2001-11-27 00:00:00+00:00,65.07,62.75
2001-11-28 00:00:00+00:00,64.12,62.73
2001-11-29 00:00:00+00:00,64.9,62.95
2001-11-30 00:00:00+00:00,65.08,63.93
2001-12-03 00:00:00+00:00,65.23,63.8
2001-12-04 00:00:00+00:00,66.08,64.1
2001-12-05 00:00:00+00:00,68.17,65.2
2001-12-06 00:00:00+00:00,69.0,67.55
2001-12-07 00:00:00+00:00,68.84,66.55
2001-12-10 00:00:00+00:00,68.45,66.86
2001-12-11 00:00:00+00:00,68.13,67.07
2001-12-12 00:00:00+00:00,67.98,66.25
2001-12-13 00:00:00+00:00,68.24,66.07
2001-12-14 00:00:00+00:00,67.95,65.93
2001-12-17 00:00:00+00:00,69.11,67.16
2001-12-18 00:00:00+00:00,69.4,68.6
2001-12-19 00:00:00+00:00,69.89,68.45
2001-12-20 00:00:00+00:00,69.25,66.62
2001-12-21 00:00:00+00:00,68.02,67.0
2001-12-24 00:00:00+00:00,68.03,67.2
2001-12-26 00:00:00+00:00,69.07,67.39
2001-12-27 00:00:00+00:00,68.71,67.26
2001-12-28 00:00:00+00:00,68.85,67.7
2001-12-31 00:00:00+00:00,68.48,66.25
2002-01-02 00:00:00+00:00,67.11,65.51
2002-01-03 00:00:00+00:00,69.25,67.09
2002-01-04 00:00:00+00:00,69.91,68.67
2002-01-07 00:00:00+00:00,70.02,68.35
2002-01-08 00:00:00+00:00,69.86,68.0
2002-01-09 00:00:00+00:00,70.62,68.55
2002-01-10 00:00:00+00:00,69.8,68.13
2002-01-11 00:00:00+00:00,70.32,68.1
2002-01-14 00:00:00+00:00,69.04,67.74
2002-01-15 00:00:00+00:00,69.62,68.5
2002-01-16 00:00:00+00:00,69.84,67.85
2002-01-17 00:00:00+00:00,70.0,68.4
2002-01-18 00:00:00+00:00,67.85,65.42
2002-01-22 00:00:00+00:00,66.63,64.25
2002-01-23 00:00:00+00:00,64.71,63.24
2002-01-24 00:00:00+00:00,65.18,63.8
2002-01-25 00:00:00+00:00,64.85,63.51
2002-01-28 00:00:00+00:00,64.4,62.91
2002-01-29 00:00:00+00:00,64.5,61.99
2002-01-30 00:00:00+00:00,62.9,61.33
2002-01-31 00:00:00+00:00,63.81,62.12
2002-02-01 00:00:00+00:00,64.5,62.47
2002-02-04 00:00:00+00:00,62.69,60.75
2002-02-05 00:00:00+00:00,62.23,60.5
2002-02-06 00:00:00+00:00,61.89,60.25
2002-02-07 00:00:00+00:00,61.61,59.75
2002-02-08 00:00:00+00:00,60.66,58.83
2002-02-11 00:00:00+00:00,61.24,59.59
2002-02-12 00:00:00+00:00,60.85,60.02
2002-02-13 00:00:00+00:00,61.88,59.95
2002-02-14 00:00:00+00:00,62.99,61.32
2002-02-15 00:00:00+00:00,62.06,60.2
2002-02-19 00:00:00+00:00,60.14,58.6
2002-02-20 00:00:00+00:00,60.36,58.8
2002-02-21 00:00:00+00:00,60.27,58.01
2002-02-22 00:00:00+00:00,58.75,57.15
2002-02-25 00:00:00+00:00,59.89,57.89
2002-02-26 00:00:00+00:00,60.0,57.9
2002-02-27 00:00:00+00:00,60.15,57.99
2002-02-28 00:00:00+00:00,59.7,58.14
2002-03-01 00:00:00+00:00,61.42,58.85
2002-03-04 00:00:00+00:00,63.5,60.87
2002-03-05 00:00:00+00:00,63.88,62.34
2002-03-06 00:00:00+00:00,63.7,62.19
2002-03-07 00:00:00+00:00,63.88,61.86
2002-03-08 00:00:00+00:00,64.7,63.17
2002-03-11 00:00:00+00:00,65.0,63.0
2002-03-12 00:00:00+00:00,62.8,61.67
2002-03-13 00:00:00+00:00,63.02,61.95
2002-03-14 00:00:00+00:00,62.24,61.05
2002-03-15 00:00:00+00:00,62.51,60.97
2002-03-18 00:00:00+00:00,62.99,61.2
2002-03-19 00:00:00+00:00,63.0,61.5
2002-03-20 00:00:00+00:00,62.02,60.1
2002-03-21 00:00:00+00:00,61.59,59.83
2002-03-22 00:00:00+00:00,61.14,60.22
2002-03-25 00:00:00+00:00,60.78,59.15
2002-03-26 00:00:00+00:00,60.92,58.31
2002-03-27 00:00:00+00:00,59.88,58.59
2002-03-28 00:00:00+00:00,60.65,59.66
2002-04-01 00:00:00+00:00,60.4,59.2
2002-04-02 00:00:00+00:00,59.09,57.11
2002-04-03 00:00:00+00:00,57.61,55.5
2002-04-04 00:00:00+00:00,56.97,55.42
2002-04-05 00:00:00+00:00,57.3,55.84
2002-04-08 00:00:00+00:00,57.31,54.26
2002-04-09 00:00:00+00:00,57.43,54.8
2002-04-10 00:00:00+00:00,57.11,55.06
2002-04-11 00:00:00+00:00,56.45,54.5
2002-04-12 00:00:00+00:00,56.26,54.86
2002-04-15 00:00:00+00:00,56.75,55.4
2002-04-16 00:00:00+00:00,58.1,56.36
2002-04-17 00:00:00+00:00,58.28,56.42
2002-04-18 00:00:00+00:00,57.31,52.68
2002-04-19 00:00:00+00:00,57.98,56.86
2002-04-22 00:00:00+00:00,56.7,55.0
2002-04-23 00:00:00+00:00,55.82,53.3
2002-04-24 00:00:00+00:00,54.43,53.0
2002-04-25 00:00:00+00:00,54.45,52.88
2002-04-26 00:00:00+00:00,54.45,51.46
2002-04-29 00:00:00+00:00,52.91,51.44
2002-04-30 00:00:00+00:00,53.3,51.92
2002-05-01 00:00:00+00:00,53.19,50.66
2002-05-02 00:00:00+00:00,54.07,51.15
2002-05-03 00:00:00+00:00,51.68,49.51
2002-05-06 00:00:00+00:00,50.54,48.37
2002-05-07 00:00:00+00:00,50.29,48.35
2002-05-08 00:00:00+00:00,54.97,51.22
2002-05-09 00:00:00+00:00,55.0,51.9
2002-05-10 00:00:00+00:00,52.67,49.99
2002-05-13 00:00:00+00:00,52.91,49.75
2002-05-14 00:00:00+00:00,55.1,53.98
2002-05-15 00:00:00+00:00,56.44,53.86
2002-05-16 00:00:00+00:00,56.03,54.65
2002-05-17 00:00:00+00:00,56.4,55.27
2002-05-20 00:00:00+00:00,55.55,53.5
2002-05-21 00:00:00+00:00,54.6,52.13
2002-05-22 00:00:00+00:00,53.72,51.85
2002-05-23 00:00:00+00:00,54.84,53.01
2002-05-24 00:00:00+00:00,54.52,53.04
2002-05-28 00:00:00+00:00,53.69,51.75
2002-05-29 00:00:00+00:00,52.72,51.55
2002-05-30 00:00:00+00:00,53.36,51.43
2002-05-31 00:00:00+00:00,53.42,50.88
2002-06-03 00:00:00+00:00,51.64,49.17
2002-06-04 00:00:00+00:00,51.23,49.24
2002-06-05 00:00:00+00:00,51.75,50.33
2002-06-06 00:00:00+00:00,52.14,50.0
2002-06-07 00:00:00+00:00,52.6,49.86
2002-06-10 00:00:00+00:00,53.3,51.46
2002-06-11 00:00:00+00:00,54.18,52.42
2002-06-12 00:00:00+00:00,55.78,52.5
2002-06-13 00:00:00+00:00,55.48,54.2
2002-06-14 00:00:00+00:00,55.55,53.0
2002-06-17 00:00:00+00:00,56.44,55.37
2002-06-18 00:00:00+00:00,56.29,55.35
2002-06-19 00:00:00+00:00,55.94,54.32
2002-06-20 00:00:00+00:00,55.1,53.9
2002-06-21 00:00:00+00:00,54.55,52.28
2002-06-24 00:00:00+00:00,54.64,51.85
2002-06-25 00:00:00+00:00,55.0,52.8
2002-06-26 00:00:00+00:00,54.39,51.05
2002-06-27 00:00:00+00:00,54.94,52.86
2002-06-28 00:00:00+00:00,55.79,54.0
2002-07-01 00:00:00+00:00,54.39,52.58
2002-07-02 00:00:00+00:00,52.92,51.33
2002-07-03 00:00:00+00:00,52.52,50.45
2002-07-05 00:00:00+00:00,54.9,53.05
2002-07-08 00:00:00+00:00,54.93,52.58
2002-07-09 00:00:00+00:00,54.73,52.97
2002-07-10 00:00:00+00:00,54.2,52.13
2002-07-11 00:00:00+00:00,53.07,51.25
2002-07-12 00:00:00+00:00,53.73,51.48
2002-07-15 00:00:00+00:00,51.86,48.0
2002-07-16 00:00:00+00:00,52.8,50.64
2002-07-17 00:00:00+00:00,53.3,51.17
2002-07-18 00:00:00+00:00,52.74,50.66
2002-07-19 00:00:00+00:00,50.89,48.81
2002-07-22 00:00:00+00:00,49.99,45.9
2002-07-23 00:00:00+00:00,46.8,42.97
2002-07-24 00:00:00+00:00,46.36,41.41
2002-07-25 00:00:00+00:00,45.71,42.44
2002-07-26 00:00:00+00:00,45.41,43.68
2002-07-29 00:00:00+00:00,48.3,46.55
2002-07-30 00:00:00+00:00,48.83,47.33
2002-07-31 00:00:00+00:00,48.0,46.36
2002-08-01 00:00:00+00:00,48.09,45.5
2002-08-02 00:00:00+00:00,45.85,43.8
2002-08-05 00:00:00+00:00,45.17,43.81
2002-08-06 00:00:00+00:00,47.25,44.84
2002-08-07 00:00:00+00:00,47.3,45.16
2002-08-08 00:00:00+00:00,49.0,46.41
2002-08-09 00:00:00+00:00,49.15,47.66
2002-08-12 00:00:00+00:00,48.75,47.6
2002-08-13 00:00:00+00:00,49.7,46.92
2002-08-14 00:00:00+00:00,49.73,47.21
2002-08-15 00:00:00+00:00,50.74,48.75
2002-08-16 00:00:00+00:00,50.23,48.92
2002-08-19 00:00:00+00:00,52.05,49.85
2002-08-20 00:00:00+00:00,51.7,50.75
2002-08-21 00:00:00+00:00,52.38,51.15
2002-08-22 00:00:00+00:00,53.45,52.6
2002-08-23 00:00:00+00:00,52.85,51.84
2002-08-26 00:00:00+00:00,52.65,51.18
2002-08-27 00:00:00+00:00,52.45,50.65
2002-08-28 00:00:00+00:00,50.66,49.3
2002-08-29 00:00:00+00:00,51.0,48.52
2002-08-30 00:00:00+00:00,50.48,49.0
2002-09-03 00:00:00+00:00,48.52,47.0
2002-09-04 00:00:00+00:00,48.6,47.15
2002-09-05 00:00:00+00:00,47.52,45.88
2002-09-06 00:00:00+00:00,48.27,47.47
2002-09-09 00:00:00+00:00,48.95,46.63
2002-09-10 00:00:00+00:00,49.82,48.35
2002-09-11 00:00:00+00:00,51.1,48.53
2002-09-12 00:00:00+00:00,48.3,47.02
2002-09-13 00:00:00+00:00,48.26,46.85
2002-09-16 00:00:00+00:00,48.13,47.05
2002-09-17 00:00:00+00:00,48.9,47.21
2002-09-18 00:00:00+00:00,48.24,46.66
2002-09-19 00:00:00+00:00,47.82,46.59
2002-09-20 00:00:00+00:00,48.0,47.3
2002-09-23 00:00:00+00:00,46.71,44.81
2002-09-24 00:00:00+00:00,46.48,44.63
2002-09-25 00:00:00+00:00,46.96,45.05
2002-09-26 00:00:00+00:00,47.5,45.95
2002-09-27 00:00:00+00:00,47.1,45.19
2002-09-30 00:00:00+00:00,45.04,43.11
2002-10-01 00:00:00+00:00,46.25,43.19
2002-10-02 00:00:00+00:00,46.81,45.16
2002-10-03 00:00:00+00:00,46.59,44.6
2002-10-04 00:00:00+00:00,45.57,43.69
2002-10-07 00:00:00+00:00,45.06,43.69
2002-10-08 00:00:00+00:00,45.98,44.13
2002-10-09 00:00:00+00:00,45.45,43.81
2002-10-10 00:00:00+00:00,46.62,43.25
2002-10-11 00:00:00+00:00,48.9,47.01
2002-10-14 00:00:00+00:00,49.33,47.84
2002-10-15 00:00:00+00:00,52.37,50.65
2002-10-16 00:00:00+00:00,51.26,50.28
2002-10-17 00:00:00+00:00,52.5,50.05
2002-10-18 00:00:00+00:00,53.2,51.14
2002-10-21 00:00:00+00:00,52.99,51.36
2002-10-22 00:00:00+00:00,51.93,51.03
2002-10-23 00:00:00+00:00,53.26,51.43
2002-10-24 00:00:00+00:00,53.37,50.9
2002-10-25 00:00:00+00:00,52.8,51.16
2002-10-28 00:00:00+00:00,53.5,51.51
2002-10-29 00:00:00+00:00,52.49,50.85
2002-10-30 00:00:00+00:00,53.39,51.63
2002-10-31 00:00:00+00:00,54.07,52.85
2002-11-01 00:00:00+00:00,53.24,51.9
2002-11-04 00:00:00+00:00,57.25,55.52
2002-11-05 00:00:00+00:00,56.8,55.58
2002-11-06 00:00:00+00:00,57.1,55.53
2002-11-07 00:00:00+00:00,56.62,55.5
2002-11-08 00:00:00+00:00,56.55,55.01
2002-11-11 00:00:00+00:00,55.1,53.82
2002-11-12 00:00:00+00:00,55.43,53.9
2002-11-13 00:00:00+00:00,55.93,54.11
2002-11-14 00:00:00+00:00,57.0,55.87
2002-11-15 00:00:00+00:00,56.92,55.67
2002-11-18 00:00:00+00:00,57.03,55.74
2002-11-19 00:00:00+00:00,55.8,54.31
2002-11-20 00:00:00+00:00,56.9,54.93
2002-11-21 00:00:00+00:00,58.0,56.78
2002-11-22 00:00:00+00:00,58.3,57.05
2002-11-25 00:00:00+00:00,58.64,57.57
2002-11-26 00:00:00+00:00,58.25,56.78
2002-11-27 00:00:00+00:00,58.61,57.4
2002-11-29 00:00:00+00:00,58.63,57.68
2002-12-02 00:00:00+00:00,58.96,57.01
2002-12-03 00:00:00+00:00,57.35,56.41
2002-12-04 00:00:00+00:00,57.44,55.82
2002-12-05 00:00:00+00:00,57.09,55.3
2002-12-06 00:00:00+00:00,55.74,54.22
2002-12-09 00:00:00+00:00,55.22,53.51
2002-12-10 00:00:00+00:00,54.48,53.48
2002-12-11 00:00:00+00:00,55.01,53.58
2002-12-12 00:00:00+00:00,55.06,53.69
2002-12-13 00:00:00+00:00,53.75,52.49
2002-12-16 00:00:00+00:00,54.55,52.67
2002-12-17 00:00:00+00:00,54.99,53.78
2002-12-18 00:00:00+00:00,54.4,52.79
2002-12-19 00:00:00+00:00,54.75,52.88
2002-12-20 00:00:00+00:00,53.72,52.95
2002-12-23 00:00:00+00:00,54.28,52.9
2002-12-24 00:00:00+00:00,54.23,53.52
2002-12-26 00:00:00+00:00,54.69,53.17
2002-12-27 00:00:00+00:00,54.0,52.9
2002-12-30 00:00:00+00:00,53.24,52.27
2002-12-31 00:00:00+00:00,52.99,51.26
2003-01-02 00:00:00+00:00,53.75,51.71
2003-01-03 00:00:00+00:00,53.8,52.88
2003-01-06 00:00:00+00:00,55.23,53.8
2003-01-07 00:00:00+00:00,56.01,54.68
2003-01-08 00:00:00+00:00,55.55,54.11
2003-01-09 00:00:00+00:00,55.92,54.53
2003-01-10 00:00:00+00:00,56.3,54.9
2003-01-13 00:00:00+00:00,56.75,55.77
2003-01-14 00:00:00+00:00,57.0,56.19
2003-01-15 00:00:00+00:00,57.32,56.19
2003-01-16 00:00:00+00:00,56.65,55.11
2003-01-17 00:00:00+00:00,53.0,51.31
2003-01-21 00:00:00+00:00,52.15,51.29
2003-01-22 00:00:00+00:00,52.4,50.91
2003-01-23 00:00:00+00:00,52.54,51.46
2003-01-24 00:00:00+00:00,52.05,49.7
2003-01-27 00:00:00+00:00,50.6,48.41
2003-01-28 00:00:00+00:00,49.7,48.56
2003-01-29 00:00:00+00:00,50.04,47.93
2003-01-30 00:00:00+00:00,50.17,48.19
2003-01-31 00:00:00+00:00,48.35,47.03
2003-02-03 00:00:00+00:00,49.1,47.46
2003-02-04 00:00:00+00:00,47.94,46.88
2003-02-05 00:00:00+00:00,48.53,46.73
2003-02-06 00:00:00+00:00,47.62,46.56
2003-02-07 00:00:00+00:00,47.95,46.41
2003-02-10 00:00:00+00:00,47.52,46.54
2003-02-11 00:00:00+00:00,47.67,46.0
2003-02-12 00:00:00+00:00,47.1,46.26
2003-02-13 00:00:00+00:00,47.12,46.13
2003-02-14 00:00:00+00:00,48.5,46.77
2003-02-18 00:00:00+00:00,24.99,24.4
2003-02-19 00:00:00+00:00,24.88,24.17
2003-02-20 00:00:00+00:00,24.87,24.1
2003-02-21 00:00:00+00:00,24.8,23.7
2003-02-24 00:00:00+00:00,24.5,23.84
2003-02-25 00:00:00+00:00,24.27,23.38
2003-02-26 00:00:00+00:00,24.47,23.58
2003-02-27 00:00:00+00:00,24.21,23.3
2003-02-28 00:00:00+00:00,24.07,23.55
2003-03-03 00:00:00+00:00,24.12,23.4
2003-03-04 00:00:00+00:00,23.66,23.06
2003-03-05 00:00:00+00:00,23.55,23.05
2003-03-06 00:00:00+00:00,23.5,23.13
2003-03-07 00:00:00+00:00,23.79,22.9
2003-03-10 00:00:00+00:00,23.46,22.89
2003-03-11 00:00:00+00:00,23.26,22.76
2003-03-12 00:00:00+00:00,23.44,22.55
2003-03-13 00:00:00+00:00,24.74,23.44
2003-03-14 00:00:00+00:00,24.96,24.26
2003-03-17 00:00:00+00:00,25.95,24.33
2003-03-18 00:00:00+00:00,26.04,25.5
2003-03-19 00:00:00+00:00,26.43,25.74
2003-03-20 00:00:00+00:00,26.52,25.67
2003-03-21 00:00:00+00:00,26.8,26.03
2003-03-24 00:00:00+00:00,25.93,25.18
2003-03-25 00:00:00+00:00,25.75,25.03
2003-03-26 00:00:00+00:00,25.62,25.24
2003-03-27 00:00:00+00:00,25.26,24.59
2003-03-28 00:00:00+00:00,25.1,24.6
2003-03-31 00:00:00+00:00,24.71,24.01
2003-04-01 00:00:00+00:00,24.7,24.25
2003-04-02 00:00:00+00:00,26.0,25.1
2003-04-03 00:00:00+00:00,26.09,25.6
2003-04-04 00:00:00+00:00,25.8,24.93
2003-04-07 00:00:00+00:00,26.43,25.17
2003-04-08 00:00:00+00:00,25.83,25.2
2003-04-09 00:00:00+00:00,25.67,24.54
2003-04-10 00:00:00+00:00,24.79,24.28
2003-04-11 00:00:00+00:00,25.18,23.95
2003-04-14 00:00:00+00:00,24.88,24.0
2003-04-15 00:00:00+00:00,24.79,24.1
2003-04-16 00:00:00+00:00,25.74,24.6
2003-04-17 00:00:00+00:00,25.54,24.74
2003-04-21 00:00:00+00:00,25.61,25.08
2003-04-22 00:00:00+00:00,25.8,25.03
2003-04-23 00:00:00+00:00,25.99,25.47
2003-04-24 00:00:00+00:00,25.72,25.32
2003-04-25 00:00:00+00:00,25.64,25.17
2003-04-28 00:00:00+00:00,25.94,25.32
2003-04-29 00:00:00+00:00,26.25,25.68
2003-04-30 00:00:00+00:00,25.88,25.25
2003-05-01 00:00:00+00:00,25.95,25.34
2003-05-02 00:00:00+00:00,26.29,25.56
2003-05-05 00:00:00+00:00,26.39,25.84
2003-05-06 00:00:00+00:00,26.5,25.82
2003-05-07 00:00:00+00:00,26.35,25.84
2003-05-08 00:00:00+00:00,26.14,25.71
2003-05-09 00:00:00+00:00,26.5,25.89
2003-05-12 00:00:00+00:00,26.47,26.06
2003-05-13 00:00:00+00:00,26.2,25.89
2003-05-14 00:00:00+00:00,26.18,25.54
2003-05-15 00:00:00+00:00,26.01,25.57
2003-05-16 00:00:00+00:00,26.05,25.41
2003-05-19 00:00:00+00:00,25.54,24.74
2003-05-20 00:00:00+00:00,25.0,24.5
2003-05-21 00:00:00+00:00,24.71,23.89
2003-05-22 00:00:00+00:00,24.27,24.04
2003-05-23 00:00:00+00:00,24.54,24.03
2003-05-27 00:00:00+00:00,24.89,24.22
2003-05-28 00:00:00+00:00,24.87,24.3
2003-05-29 00:00:00+00:00,24.67,24.23
2003-05-30 00:00:00+00:00,24.91,24.51
2003-06-02 00:00:00+00:00,25.03,24.57
2003-06-03 00:00:00+00:00,24.92,24.57
2003-06-04 00:00:00+00:00,25.22,24.74
2003-06-05 00:00:00+00:00,24.52,24.01
2003-06-06 00:00:00+00:00,24.56,23.65
2003-06-09 00:00:00+00:00,23.98,23.6
2003-06-10 00:00:00+00:00,24.75,23.85
2003-06-11 00:00:00+00:00,24.96,24.42
2003-06-12 00:00:00+00:00,25.14,24.74
2003-06-13 00:00:00+00:00,25.25,24.49
2003-06-16 00:00:00+00:00,25.42,24.67
2003-06-17 00:00:00+00:00,26.14,25.53
2003-06-18 00:00:00+00:00,26.43,25.71
2003-06-19 00:00:00+00:00,26.39,26.01
2003-06-20 00:00:00+00:00,26.38,26.01
2003-06-23 00:00:00+00:00,26.24,25.49
2003-06-24 00:00:00+00:00,26.04,25.52
2003-06-25 00:00:00+00:00,25.99,25.14
2003-06-26 00:00:00+00:00,26.51,25.21
2003-06-27 00:00:00+00:00,26.34,25.53
2003-06-30 00:00:00+00:00,26.12,25.5
2003-07-01 00:00:00+00:00,26.2,25.39
2003-07-02 00:00:00+00:00,26.93,26.45
2003-07-03 00:00:00+00:00,26.95,26.41
2003-07-07 00:00:00+00:00,27.55,26.95
2003-07-08 00:00:00+00:00,27.8,27.25
2003-07-09 00:00:00+00:00,27.7,27.25
2003-07-10 00:00:00+00:00,27.42,26.59
2003-07-11 00:00:00+00:00,27.45,26.89
2003-07-14 00:00:00+00:00,27.81,27.05
2003-07-15 00:00:00+00:00,27.53,27.1
2003-07-16 00:00:00+00:00,27.62,27.2
2003-07-17 00:00:00+00:00,27.27,26.54
2003-07-18 00:00:00+00:00,27.23,26.75
2003-07-21 00:00:00+00:00,26.91,26.0
2003-07-22 00:00:00+00:00,26.56,26.13
2003-07-23 00:00:00+00:00,26.65,26.14
2003-07-24 00:00:00+00:00,26.92,25.98
2003-07-25 00:00:00+00:00,26.95,26.07
2003-07-28 00:00:00+00:00,27.0,26.49
2003-07-29 00:00:00+00:00,26.9,26.24
2003-07-30 00:00:00+00:00,26.57,26.17
2003-07-31 00:00:00+00:00,26.99,26.31
2003-08-01 00:00:00+00:00,26.51,26.12
2003-08-04 00:00:00+00:00,26.41,25.75
2003-08-05 00:00:00+00:00,26.54,25.6
2003-08-06 00:00:00+00:00,26.19,25.43
2003-08-07 00:00:00+00:00,25.81,25.45
2003-08-08 00:00:00+00:00,25.98,25.5
2003-08-11 00:00:00+00:00,25.99,25.54
2003-08-12 00:00:00+00:00,25.77,25.45
2003-08-13 00:00:00+00:00,25.89,25.5
2003-08-14 00:00:00+00:00,25.71,25.52
2003-08-15 00:00:00+00:00,25.66,25.43
2003-08-18 00:00:00+00:00,25.83,25.46
2003-08-19 00:00:00+00:00,26.65,25.77
2003-08-20 00:00:00+00:00,26.53,26.0
2003-08-21 00:00:00+00:00,26.73,26.13
2003-08-22 00:00:00+00:00,26.95,26.21
2003-08-25 00:00:00+00:00,26.54,26.23
2003-08-26 00:00:00+00:00,26.67,25.96
2003-08-27 00:00:00+00:00,26.58,26.3
2003-08-28 00:00:00+00:00,26.58,26.24
2003-08-29 00:00:00+00:00,26.55,26.35
2003-09-02 00:00:00+00:00,27.3,26.47
2003-09-03 00:00:00+00:00,28.4,27.38
2003-09-04 00:00:00+00:00,28.47,27.99
2003-09-05 00:00:00+00:00,28.75,28.17
2003-09-08 00:00:00+00:00,28.92,28.34
2003-09-09 00:00:00+00:00,28.71,28.31
2003-09-10 00:00:00+00:00,28.18,27.48
2003-09-11 00:00:00+00:00,28.11,27.59
2003-09-12 00:00:00+00:00,28.4,27.45
2003-09-15 00:00:00+00:00,28.61,28.33
2003-09-16 00:00:00+00:00,28.95,28.32
2003-09-17 00:00:00+00:00,28.95,28.47
2003-09-18 00:00:00+00:00,29.51,28.42
2003-09-19 00:00:00+00:00,29.97,29.52
2003-09-22 00:00:00+00:00,30.0,28.81
2003-09-23 00:00:00+00:00,29.71,28.88
2003-09-24 00:00:00+00:00,29.7,28.42
2003-09-25 00:00:00+00:00,28.96,28.22
2003-09-26 00:00:00+00:00,28.78,28.14
2003-09-29 00:00:00+00:00,28.91,28.1
2003-09-30 00:00:00+00:00,28.61,27.75
2003-10-01 00:00:00+00:00,28.63,27.81
2003-10-02 00:00:00+00:00,28.75,28.19
2003-10-03 00:00:00+00:00,29.46,28.93
2003-10-06 00:00:00+00:00,29.3,28.91
2003-10-07 00:00:00+00:00,29.37,28.92
2003-10-08 00:00:00+00:00,29.36,28.68
2003-10-09 00:00:00+00:00,29.35,28.8
2003-10-10 00:00:00+00:00,29.2,28.67
2003-10-13 00:00:00+00:00,29.1,28.5
2003-10-14 00:00:00+00:00,28.77,28.48
2003-10-15 00:00:00+00:00,29.26,28.7
2003-10-16 00:00:00+00:00,29.31,28.8
2003-10-17 00:00:00+00:00,29.29,28.8
2003-10-20 00:00:00+00:00,29.37,28.8
2003-10-21 00:00:00+00:00,29.43,29.17
2003-10-22 00:00:00+00:00,29.21,28.8
2003-10-23 00:00:00+00:00,29.08,28.1
2003-10-24 00:00:00+00:00,27.4,26.42
2003-10-27 00:00:00+00:00,27.1,26.82
2003-10-28 00:00:00+00:00,27.22,26.88
2003-10-29 00:00:00+00:00,27.25,26.66
2003-10-30 00:00:00+00:00,27.04,25.91
2003-10-31 00:00:00+00:00,26.44,26.11
2003-11-03 00:00:00+00:00,26.75,26.29
2003-11-04 00:00:00+00:00,26.62,26.01
2003-11-05 00:00:00+00:00,26.32,26.0
2003-11-06 00:00:00+00:00,26.3,26.0
2003-11-07 00:00:00+00:00,26.49,26.03
2003-11-10 00:00:00+00:00,26.23,26.0
2003-11-11 00:00:00+00:00,26.08,25.67
2003-11-12 00:00:00+00:00,26.14,25.6
2003-11-13 00:00:00+00:00,25.93,25.45
2003-11-14 00:00:00+00:00,26.02,25.44
2003-11-17 00:00:00+00:00,25.44,24.84
2003-11-18 00:00:00+00:00,25.84,25.12
2003-11-19 00:00:00+00:00,25.54,25.17
2003-11-20 00:00:00+00:00,25.63,25.08
2003-11-21 00:00:00+00:00,25.38,25.08
2003-11-24 00:00:00+00:00,25.81,25.28
2003-11-25 00:00:00+00:00,25.95,25.38
2003-11-26 00:00:00+00:00,25.63,25.32
2003-11-28 00:00:00+00:00,25.75,25.4
2003-12-01 00:00:00+00:00,26.21,25.5
2003-12-02 00:00:00+00:00,26.09,25.61
2003-12-03 00:00:00+00:00,26.07,25.62
2003-12-04 00:00:00+00:00,26.23,25.66
2003-12-05 00:00:00+00:00,26.48,25.92
2003-12-08 00:00:00+00:00,26.34,25.81
2003-12-09 00:00:00+00:00,26.61,26.25
2003-12-10 00:00:00+00:00,26.63,26.38
2003-12-11 00:00:00+00:00,26.77,26.28
2003-12-12 00:00:00+00:00,26.81,26.5
2003-12-15 00:00:00+00:00,27.1,26.68
2003-12-16 00:00:00+00:00,27.16,26.77
2003-12-17 00:00:00+00:00,27.08,26.85
2003-12-18 00:00:00+00:00,27.45,27.05
2003-12-19 00:00:00+00:00,27.55,27.19
2003-12-22 00:00:00+00:00,27.43,26.97
2003-12-23 00:00:00+00:00,27.34,27.01
2003-12-24 00:00:00+00:00,27.16,27.0
2003-12-26 00:00:00+00:00,27.25,27.0
2003-12-29 00:00:00+00:00,27.53,27.16
2003-12-30 00:00:00+00:00,27.55,27.4
2003-12-31 00:00:00+00:00,27.55,27.23
2004-01-02 00:00:00+00:00,27.77,27.33
2004-01-05 00:00:00+00:00,28.18,27.72
2004-01-06 00:00:00+00:00,28.28,28.07
2004-01-07 00:00:00+00:00,28.31,28.01
2004-01-08 00:00:00+00:00,28.48,28.0
2004-01-09 00:00:00+00:00,28.061,27.59
2004-01-12 00:00:00+00:00,27.73,27.35
2004-01-13 00:00:00+00:00,27.64,27.26
2004-01-14 00:00:00+00:00,27.73,27.47
2004-01-15 00:00:00+00:00,27.72,27.42
2004-01-16 00:00:00+00:00,27.88,27.53
2004-01-20 00:00:00+00:00,28.2,27.93
2004-01-21 00:00:00+00:00,28.3,27.85
2004-01-22 00:00:00+00:00,28.44,27.94
2004-01-23 00:00:00+00:00,28.76,28.22
2004-01-26 00:00:00+00:00,28.83,28.32
2004-01-27 00:00:00+00:00,28.72,28.22
2004-01-28 00:00:00+00:00,28.44,27.47
2004-01-29 00:00:00+00:00,27.95,27.57
2004-01-30 00:00:00+00:00,27.9,27.55
2004-02-02 00:00:00+00:00,27.8,27.24
2004-02-03 00:00:00+00:00,27.55,27.18
2004-02-04 00:00:00+00:00,27.43,27.01
2004-02-05 00:00:00+00:00,27.17,26.83
2004-02-06 00:00:00+00:00,27.19,26.93
2004-02-09 00:00:00+00:00,27.229,26.85
2004-02-10 00:00:00+00:00,27.15,26.82
2004-02-11 00:00:00+00:00,27.23,26.85
2004-02-12 00:00:00+00:00,27.15,26.93
2004-02-13 00:00:00+00:00,27.06,26.5
2004-02-17 00:00:00+00:00,27.1,26.59
2004-02-18 00:00:00+00:00,27.11,26.74
2004-02-19 00:00:00+00:00,26.98,26.43
2004-02-20 00:00:00+00:00,26.795,26.5
2004-02-23 00:00:00+00:00,26.76,26.4799
2004-02-24 00:00:00+00:00,26.95,26.55
2004-02-25 00:00:00+00:00,26.99,26.61
2004-02-26 00:00:00+00:00,26.65,26.41
2004-02-27 00:00:00+00:00,26.62,26.35
2004-03-01 00:00:00+00:00,26.72,26.5
2004-03-02 00:00:00+00:00,26.69,26.35
2004-03-03 00:00:00+00:00,26.55,26.22
2004-03-04 00:00:00+00:00,26.42,26.21
2004-03-05 00:00:00+00:00,26.6,26.2
2004-03-08 00:00:00+00:00,26.35,25.81
2004-03-09 00:00:00+00:00,25.97,25.54
2004-03-10 00:00:00+00:00,25.8,25.35
2004-03-11 00:00:00+00:00,25.78,25.07
2004-03-12 00:00:00+00:00,25.51,25.23
2004-03-15 00:00:00+00:00,25.43,25.06
2004-03-16 00:00:00+00:00,25.37,25.0999
2004-03-17 00:00:00+00:00,25.46,25.11
2004-03-18 00:00:00+00:00,25.03,24.58
2004-03-19 00:00:00+00:00,24.94,24.56
2004-03-22 00:00:00+00:00,24.84,24.01
2004-03-23 00:00:00+00:00,24.66,24.11
2004-03-24 00:00:00+00:00,24.58,24.18
2004-03-25 00:00:00+00:00,25.24,24.58
2004-03-26 00:00:00+00:00,25.51,25.0
2004-03-29 00:00:00+00:00,25.4,25.0
2004-03-30 00:00:00+00:00,25.33,25.03
2004-03-31 00:00:00+00:00,25.2,24.8699
2004-04-01 00:00:00+00:00,25.11,24.85
2004-04-02 00:00:00+00:00,25.9,25.44
2004-04-05 00:00:00+00:00,25.98,25.73
2004-04-06 00:00:00+00:00,25.9,25.66
2004-04-07 00:00:00+00:00,25.78,25.35
2004-04-08 00:00:00+00:00,25.85,25.36
2004-04-12 00:00:00+00:00,25.74,25.43
2004-04-13 00:00:00+00:00,25.77,25.41
2004-04-14 00:00:00+00:00,25.68,25.38
2004-04-15 00:00:00+00:00,25.73,25.1
2004-04-16 00:00:00+00:00,25.4,25.11
2004-04-19 00:00:00+00:00,25.6,25.06
2004-04-20 00:00:00+00:00,25.88,25.28
2004-04-21 00:00:00+00:00,25.49,25.2
2004-04-22 00:00:00+00:00,25.99,25.47
2004-04-23 00:00:00+00:00,27.72,27.34
2004-04-26 00:00:00+00:00,27.55,27.1
2004-04-27 00:00:00+00:00,27.37,27.13
2004-04-28 00:00:00+00:00,27.05,26.47
2004-04-29 00:00:00+00:00,26.94,26.31
2004-04-30 00:00:00+00:00,26.75,25.96
2004-05-03 00:00:00+00:00,26.52,26.19
2004-05-04 00:00:00+00:00,26.54,26.02
2004-05-05 00:00:00+00:00,26.6,26.25
2004-05-06 00:00:00+00:00,26.34,26.029
2004-05-07 00:00:00+00:00,26.38,25.75
2004-05-10 00:00:00+00:00,26.05,25.62
2004-05-11 00:00:00+00:00,26.11,25.79
2004-05-12 00:00:00+00:00,26.0,25.43
2004-05-13 00:00:00+00:00,26.19,25.79
2004-05-14 00:00:00+00:00,26.17,25.64
2004-05-17 00:00:00+00:00,25.79,25.42
2004-05-18 00:00:00+00:00,25.97,25.64
2004-05-19 00:00:00+00:00,26.27,25.62
2004-05-20 00:00:00+00:00,25.87,25.59
2004-05-21 00:00:00+00:00,26.2,25.78
2004-05-24 00:00:00+00:00,26.17,25.74
2004-05-25 00:00:00+00:00,26.19,25.6
2004-05-26 00:00:00+00:00,26.15,25.85
2004-05-27 00:00:00+00:00,26.19,25.92
2004-05-28 00:00:00+00:00,26.35,26.02
2004-06-01 00:00:00+00:00,26.27,25.87
2004-06-02 00:00:00+00:00,26.28,26.01
2004-06-03 00:00:00+00:00,26.13,25.86
2004-06-04 00:00:00+00:00,26.24,25.94
2004-06-07 00:00:00+00:00,26.43,25.97
2004-06-08 00:00:00+00:00,26.65,26.24
2004-06-09 00:00:00+00:00,26.65,26.4
2004-06-10 00:00:00+00:00,26.79,26.38
2004-06-14 00:00:00+00:00,26.9,26.53
2004-06-15 00:00:00+00:00,27.6,26.97
2004-06-16 00:00:00+00:00,27.5,27.15
2004-06-17 00:00:00+00:00,27.92,27.29
2004-06-18 00:00:00+00:00,28.5,27.7
2004-06-21 00:00:00+00:00,28.66,28.12
2004-06-22 00:00:00+00:00,28.35,27.81
2004-06-23 00:00:00+00:00,28.38,28.0
2004-06-24 00:00:00+00:00,28.65,28.36
2004-06-25 00:00:00+00:00,28.63,28.245
2004-06-28 00:00:00+00:00,28.75,28.17
2004-06-29 00:00:00+00:00,28.58,28.18
2004-06-30 00:00:00+00:00,28.8,28.39
2004-07-01 00:00:00+00:00,28.84,28.26
2004-07-02 00:00:00+00:00,28.68,28.4
2004-07-06 00:00:00+00:00,28.33,27.94
2004-07-07 00:00:00+00:00,28.32,27.55
2004-07-08 00:00:00+00:00,28.15,27.55
2004-07-09 00:00:00+00:00,28.001,27.64
2004-07-12 00:00:00+00:00,28.001,27.59
2004-07-13 00:00:00+00:00,27.95,27.6
2004-07-14 00:00:00+00:00,28.36,27.34
2004-07-15 00:00:00+00:00,28.2037,27.8
2004-07-16 00:00:00+00:00,28.2,27.25
2004-07-19 00:00:00+00:00,28.26,27.6
2004-07-20 00:00:00+00:00,28.48,27.85
2004-07-21 00:00:00+00:00,29.89,28.81
2004-07-22 00:00:00+00:00,29.3,28.83
2004-07-23 00:00:00+00:00,28.4,28.02
2004-07-26 00:00:00+00:00,28.71,28.199
2004-07-27 00:00:00+00:00,28.76,28.13
2004-07-28 00:00:00+00:00,28.79,28.28
2004-07-29 00:00:00+00:00,28.8,28.25
2004-07-30 00:00:00+00:00,28.81,28.33
2004-08-02 00:00:00+00:00,28.55,28.16
2004-08-03 00:00:00+00:00,28.42,28.0
2004-08-04 00:00:00+00:00,28.2,27.989
2004-08-05 00:00:00+00:00,28.21,27.52
2004-08-06 00:00:00+00:00,27.86,27.06
2004-08-09 00:00:00+00:00,27.28,27.1
2004-08-10 00:00:00+00:00,27.75,27.25
2004-08-11 00:00:00+00:00,27.51,27.2
2004-08-12 00:00:00+00:00,27.31,26.86
2004-08-13 00:00:00+00:00,27.251,25.95
2004-08-16 00:00:00+00:00,27.2,26.96
2004-08-17 00:00:00+00:00,27.38,26.98
2004-08-18 00:00:00+00:00,27.5,26.89
2004-08-19 00:00:00+00:00,27.45,27.01
2004-08-20 00:00:00+00:00,27.37,27.04
2004-08-23 00:00:00+00:00,27.33,27.12
2004-08-24 00:00:00+00:00,27.46,27.09
2004-08-25 00:00:00+00:00,27.67,27.18
2004-08-26 00:00:00+00:00,27.6,27.39
2004-08-27 00:00:00+00:00,27.65,27.45
2004-08-30 00:00:00+00:00,27.39,26.85
2004-08-31 00:00:00+00:00,27.32,27.05
2004-09-01 00:00:00+00:00,27.52,27.14
2004-09-02 00:00:00+00:00,27.68,27.35
2004-09-03 00:00:00+00:00,27.62,27.1
2004-09-07 00:00:00+00:00,27.38,27.16
2004-09-08 00:00:00+00:00,27.4692,27.14
2004-09-09 00:00:00+00:00,27.47,27.18
2004-09-10 00:00:00+00:00,27.51,27.18
2004-09-13 00:00:00+00:00,27.57,26.74
2004-09-14 00:00:00+00:00,27.51,27.27
2004-09-15 00:00:00+00:00,27.401,27.14
2004-09-16 00:00:00+00:00,27.35,27.17
2004-09-17 00:00:00+00:00,27.53,27.26
2004-09-20 00:00:00+00:00,27.65,27.33
2004-09-21 00:00:00+00:00,27.53,27.25
2004-09-22 00:00:00+00:00,27.74,27.07
2004-09-23 00:00:00+00:00,27.39,27.17
2004-09-24 00:00:00+00:00,27.46,27.19
2004-09-27 00:00:00+00:00,27.32,27.13
2004-09-28 00:00:00+00:00,27.36,27.04
2004-09-29 00:00:00+00:00,27.69,27.2333
2004-09-30 00:00:00+00:00,27.79,27.52
2004-10-01 00:00:00+00:00,28.32,27.78
2004-10-04 00:00:00+00:00,28.46,28.07
2004-10-05 00:00:00+00:00,28.45,28.1
2004-10-06 00:00:00+00:00,28.551,28.23
2004-10-07 00:00:00+00:00,28.59,28.16
2004-10-08 00:00:00+00:00,28.33,27.97
2004-10-11 00:00:00+00:00,28.22,27.93
2004-10-12 00:00:00+00:00,28.16,27.81
2004-10-13 00:00:00+00:00,28.27,27.94
2004-10-14 00:00:00+00:00,28.16,27.799
2004-10-15 00:00:00+00:00,28.24,27.82
2004-10-18 00:00:00+00:00,28.45,27.98
2004-10-19 00:00:00+00:00,28.59,28.17
2004-10-20 00:00:00+00:00,28.75,28.12
2004-10-21 00:00:00+00:00,28.89,28.47
2004-10-22 00:00:00+00:00,28.34,27.58
2004-10-25 00:00:00+00:00,27.77,27.55
2004-10-26 00:00:00+00:00,27.9,27.629
2004-10-27 00:00:00+00:00,28.351,27.58
2004-10-28 00:00:00+00:00,28.54,27.9
2004-10-29 00:00:00+00:00,28.15,27.42
2004-11-01 00:00:00+00:00,28.28,27.96
2004-11-02 00:00:00+00:00,28.47,28.029
2004-11-03 00:00:00+00:00,28.65,28.31
2004-11-04 00:00:00+00:00,29.0,28.38
2004-11-05 00:00:00+00:00,29.36,29.03
2004-11-08 00:00:00+00:00,29.48,29.13
2004-11-09 00:00:00+00:00,29.89,29.35
2004-11-10 00:00:00+00:00,30.0,29.69
2004-11-11 00:00:00+00:00,30.08,29.82
2004-11-12 00:00:00+00:00,30.2,29.8
2004-11-15 00:00:00+00:00,27.5,27.2
2004-11-16 00:00:00+00:00,27.34,27.05
2004-11-17 00:00:00+00:00,27.36,27.06
2004-11-18 00:00:00+00:00,27.17,27.0
2004-11-19 00:00:00+00:00,27.07,26.84
2004-11-22 00:00:00+00:00,26.82,24.86
2004-11-23 00:00:00+00:00,26.7,26.4
2004-11-24 00:00:00+00:00,26.73,26.4
2004-11-26 00:00:00+00:00,26.82,26.55
2004-11-29 00:00:00+00:00,26.95,26.61
2004-11-30 00:00:00+00:00,27.01,26.7
2004-12-01 00:00:00+00:00,27.28,26.81
2004-12-02 00:00:00+00:00,27.4,26.92
2004-12-03 00:00:00+00:00,27.44,27.14
2004-12-06 00:00:00+00:00,27.44,27.07
2004-12-07 00:00:00+00:00,27.38,27.0
2004-12-08 00:00:00+00:00,27.36,26.91
2004-12-09 00:00:00+00:00,27.36,26.94
2004-12-10 00:00:00+00:00,27.18,27.04
2004-12-13 00:00:00+00:00,27.28,26.91
2004-12-14 00:00:00+00:00,27.33,27.04
2004-12-15 00:00:00+00:00,27.4,27.07
2004-12-16 00:00:00+00:00,27.28,27.01
2004-12-17 00:00:00+00:00,27.32,26.7951
2004-12-20 00:00:00+00:00,27.15,26.89
2004-12-21 00:00:00+00:00,27.17,26.94
2004-12-22 00:00:00+00:00,27.15,26.78
2004-12-23 00:00:00+00:00,27.15,26.83
2004-12-27 00:00:00+00:00,27.1,26.82
2004-12-28 00:00:00+00:00,27.03,26.8
2004-12-29 00:00:00+00:00,27.0,26.82
2004-12-30 00:00:00+00:00,26.94,26.749
2004-12-31 00:00:00+00:00,26.9,26.679
2005-01-03 00:00:00+00:00,26.95,26.649
2005-01-04 00:00:00+00:00,27.1,26.66
2005-01-05 00:00:00+00:00,27.1,26.76
2005-01-06 00:00:00+00:00,27.06,26.6399
2005-01-07 00:00:00+00:00,26.89,26.62
2005-01-10 00:00:00+00:00,26.86,26.54
2005-01-11 00:00:00+00:00,26.82,26.61
2005-01-12 00:00:00+00:00,26.85,26.62
2005-01-13 00:00:00+00:00,26.8,26.16
2005-01-14 00:00:00+00:00,26.45,26.04
2005-01-18 00:00:00+00:00,26.35,25.84
2005-01-19 00:00:00+00:00,26.26,25.9199
2005-01-20 00:00:00+00:00,26.1,25.74
2005-01-21 00:00:00+00:00,26.13,25.64
2005-01-24 00:00:00+00:00,26.0,25.64
2005-01-25 00:00:00+00:00,26.19,25.75
2005-01-26 00:00:00+00:00,26.17,25.9
2005-01-27 00:00:00+00:00,26.16,25.85
2005-01-28 00:00:00+00:00,26.65,25.9599
2005-01-31 00:00:00+00:00,26.52,26.16
2005-02-01 00:00:00+00:00,26.43,26.22
2005-02-02 00:00:00+00:00,26.5,26.2799
2005-02-03 00:00:00+00:00,26.4,26.1
2005-02-04 00:00:00+00:00,26.37,26.1399
2005-02-07 00:00:00+00:00,26.3,26.06
2005-02-08 00:00:00+00:00,26.34,26.16
2005-02-09 00:00:00+00:00,26.31,26.04
2005-02-10 00:00:00+00:00,26.13,26.0
2005-02-11 00:00:00+00:00,26.12,25.81
2005-02-14 00:00:00+00:00,26.12,25.91
2005-02-15 00:00:00+00:00,26.08,25.86
2005-02-16 00:00:00+00:00,25.93,25.67
2005-02-17 00:00:00+00:00,25.86,25.6
2005-02-18 00:00:00+00:00,25.65,25.4
2005-02-22 00:00:00+00:00,25.49,25.2
2005-02-23 00:00:00+00:00,25.35,25.17
2005-02-24 00:00:00+00:00,25.4401,25.15
2005-02-25 00:00:00+00:00,25.38,25.15
2005-02-28 00:00:00+00:00,25.37,25.1296
2005-03-01 00:00:00+00:00,25.41,25.13
2005-03-02 00:00:00+00:00,25.48,25.16
2005-03-03 00:00:00+00:00,25.31,25.14
2005-03-04 00:00:00+00:00,25.3,25.13
2005-03-07 00:00:00+00:00,25.79,25.16
2005-03-08 00:00:00+00:00,25.6202,25.34
2005-03-09 00:00:00+00:00,25.57,25.28
2005-03-10 00:00:00+00:00,25.48,25.25
2005-03-11 00:00:00+00:00,25.4802,25.06
2005-03-14 00:00:00+00:00,25.15,24.96
2005-03-15 00:00:00+00:00,25.24,24.8899
2005-03-16 00:00:00+00:00,24.97,24.56
2005-03-17 00:00:00+00:00,24.68,24.53
2005-03-18 00:00:00+00:00,24.91,24.28
2005-03-21 00:00:00+00:00,24.36,24.15
2005-03-22 00:00:00+00:00,24.27,23.9599
2005-03-23 00:00:00+00:00,24.39,23.96
2005-03-24 00:00:00+00:00,24.47,24.1998
2005-03-28 00:00:00+00:00,24.47,24.18
2005-03-29 00:00:00+00:00,24.24,23.82
2005-03-30 00:00:00+00:00,24.19,24.0
2005-03-31 00:00:00+00:00,24.3103,24.1199
2005-04-01 00:00:00+00:00,24.35,24.1
2005-04-04 00:00:00+00:00,24.26,23.94
2005-04-05 00:00:00+00:00,24.5,24.1199
2005-04-06 00:00:00+00:00,24.94,24.4491
2005-04-07 00:00:00+00:00,25.13,24.63
2005-04-08 00:00:00+00:00,25.25,24.91
2005-04-11 00:00:00+00:00,25.11,24.86
2005-04-12 00:00:00+00:00,25.35,24.8
2005-04-13 00:00:00+00:00,25.45,24.99
2005-04-14 00:00:00+00:00,25.14,24.83
2005-04-15 00:00:00+00:00,24.9,24.41
2005-04-18 00:00:00+00:00,24.84,24.4
2005-04-19 00:00:00+00:00,24.8,24.45
2005-04-20 00:00:00+00:00,24.7,24.3
2005-04-21 00:00:00+00:00,25.39,24.47
2005-04-22 00:00:00+00:00,25.25,24.78
2005-04-25 00:00:00+00:00,25.28,24.86
2005-04-26 00:00:00+00:00,25.25,24.74
2005-04-27 00:00:00+00:00,25.15,24.63
2005-04-28 00:00:00+00:00,24.92,24.44
2005-04-29 00:00:00+00:00,25.3,24.79
2005-05-02 00:00:00+00:00,25.36,24.95
2005-05-03 00:00:00+00:00,25.4,25.09
2005-05-04 00:00:00+00:00,25.4,25.11
2005-05-05 00:00:00+00:00,25.33,25.08
2005-05-06 00:00:00+00:00,25.48,25.19
2005-05-09 00:00:00+00:00,25.33,25.05
2005-05-10 00:00:00+00:00,25.08,24.82
2005-05-11 00:00:00+00:00,24.97,24.64
2005-05-12 00:00:00+00:00,25.11,24.83
2005-05-13 00:00:00+00:00,25.38,24.99
2005-05-16 00:00:00+00:00,25.5,24.31
2005-05-17 00:00:00+00:00,25.5,25.25
2005-05-18 00:00:00+00:00,25.84,25.42
2005-05-19 00:00:00+00:00,26.05,25.7
2005-05-20 00:00:00+00:00,25.92,25.73
2005-05-23 00:00:00+00:00,26.07,25.74
2005-05-24 00:00:00+00:00,25.88,25.72
2005-05-25 00:00:00+00:00,25.77,25.5
2005-05-26 00:00:00+00:00,26.0,25.73
2005-05-27 00:00:00+00:00,26.09,25.81
2005-05-31 00:00:00+00:00,26.03,25.75
2005-06-01 00:00:00+00:00,26.0,25.61
2005-06-02 00:00:00+00:00,25.86,25.64
2005-06-03 00:00:00+00:00,25.8102,25.34
2005-06-06 00:00:00+00:00,25.5,25.31
2005-06-07 00:00:00+00:00,25.83,25.31
2005-06-08 00:00:00+00:00,25.62,25.34
2005-06-09 00:00:00+00:00,25.611,25.3499
2005-06-10 00:00:00+00:00,25.52,25.34
2005-06-13 00:00:00+00:00,25.49,25.26
2005-06-14 00:00:00+00:00,25.44,25.24
2005-06-15 00:00:00+00:00,25.41,25.11
2005-06-16 00:00:00+00:00,25.23,24.95
2005-06-17 00:00:00+00:00,25.29,24.92
2005-06-20 00:00:00+00:00,25.28,24.93
2005-06-21 00:00:00+00:00,25.19,25.04
2005-06-22 00:00:00+00:00,25.26,25.03
2005-06-23 00:00:00+00:00,25.62,25.15
2005-06-24 00:00:00+00:00,25.4,25.03
2005-06-27 00:00:00+00:00,25.25,25.03
2005-06-28 00:00:00+00:00,25.2,25.029
2005-06-29 00:00:00+00:00,25.32,25.0
2005-06-30 00:00:00+00:00,25.14,24.82
2005-07-01 00:00:00+00:00,24.9904,24.67
2005-07-05 00:00:00+00:00,25.19,24.62
2005-07-06 00:00:00+00:00,25.08,24.6899
2005-07-07 00:00:00+00:00,24.71,24.5
2005-07-08 00:00:00+00:00,25.1207,24.63
2005-07-11 00:00:00+00:00,25.38,25.11
2005-07-12 00:00:00+00:00,25.62,25.2
2005-07-13 00:00:00+00:00,25.75,25.4799
2005-07-14 00:00:00+00:00,26.1,25.79
2005-07-15 00:00:00+00:00,26.1,25.75
2005-07-18 00:00:00+00:00,25.79,25.55
2005-07-19 00:00:00+00:00,26.25,25.75
2005-07-20 00:00:00+00:00,26.23,25.88
2005-07-21 00:00:00+00:00,26.48,26.19
2005-07-22 00:00:00+00:00,26.34,25.63
2005-07-25 00:00:00+00:00,25.9,25.65
2005-07-26 00:00:00+00:00,25.74,25.53
2005-07-27 00:00:00+00:00,25.8,25.53
2005-07-28 00:00:00+00:00,25.85,25.66
2005-07-29 00:00:00+00:00,26.0,25.59
2005-08-01 00:00:00+00:00,26.05,25.76
2005-08-02 00:00:00+00:00,26.901,25.87
2005-08-03 00:00:00+00:00,27.43,26.734
2005-08-04 00:00:00+00:00,27.5,27.05
2005-08-05 00:00:00+00:00,27.94,27.25
2005-08-08 00:00:00+00:00,27.84,27.08
2005-08-09 00:00:00+00:00,27.51,27.01
2005-08-10 00:00:00+00:00,27.5,26.85
2005-08-11 00:00:00+00:00,27.3,26.8899
2005-08-12 00:00:00+00:00,27.14,26.9
2005-08-15 00:00:00+00:00,27.3008,26.69
2005-08-16 00:00:00+00:00,27.14,26.6998
2005-08-17 00:00:00+00:00,27.15,26.66
2005-08-18 00:00:00+00:00,27.08,26.8
2005-08-19 00:00:00+00:00,26.91,26.7
2005-08-22 00:00:00+00:00,27.17,26.77
2005-08-23 00:00:00+00:00,27.07,26.74
2005-08-24 00:00:00+00:00,27.16,26.78
2005-08-25 00:00:00+00:00,27.09,26.85
2005-08-26 00:00:00+00:00,27.08,26.87
2005-08-29 00:00:00+00:00,27.23,26.81
2005-08-30 00:00:00+00:00,27.23,26.96
2005-08-31 00:00:00+00:00,27.44,27.04
2005-09-01 00:00:00+00:00,27.39,27.15
2005-09-02 00:00:00+00:00,27.27,26.97
2005-09-06 00:00:00+00:00,27.29,26.98
2005-09-07 00:00:00+00:00,27.11,26.8199
2005-09-08 00:00:00+00:00,26.88,26.52
2005-09-09 00:00:00+00:00,26.82,26.53
2005-09-12 00:00:00+00:00,26.75,26.5192
2005-09-13 00:00:00+00:00,26.76,26.37
2005-09-14 00:00:00+00:00,26.64,26.3
2005-09-15 00:00:00+00:00,26.43,26.22
2005-09-16 00:00:00+00:00,26.4,25.97
2005-09-19 00:00:00+00:00,26.27,25.86
2005-09-20 00:00:00+00:00,26.22,25.69
2005-09-21 00:00:00+00:00,25.9,25.43
2005-09-22 00:00:00+00:00,25.6,25.15
2005-09-23 00:00:00+00:00,25.54,25.12
2005-09-26 00:00:00+00:00,25.49,25.21
2005-09-27 00:00:00+00:00,25.45,25.2999
2005-09-28 00:00:00+00:00,25.87,25.38
2005-09-29 00:00:00+00:00,26.0,25.5
2005-09-30 00:00:00+00:00,25.95,25.61
2005-10-03 00:00:00+00:00,25.7326,25.44
2005-10-04 00:00:00+00:00,25.39,24.75
2005-10-05 00:00:00+00:00,25.05,24.67
2005-10-06 00:00:00+00:00,24.95,24.53
2005-10-07 00:00:00+00:00,24.8401,24.52
2005-10-10 00:00:00+00:00,24.68,24.35
2005-10-11 00:00:00+00:00,24.5501,24.25
2005-10-12 00:00:00+00:00,24.7,24.27
2005-10-13 00:00:00+00:00,25.59,24.268
2005-10-14 00:00:00+00:00,24.73,24.4992
2005-10-17 00:00:00+00:00,24.69,24.4399
2005-10-18 00:00:00+00:00,24.83,24.45
2005-10-19 00:00:00+00:00,25.09,24.5
2005-10-20 00:00:00+00:00,25.13,24.74
2005-10-21 00:00:00+00:00,25.0,24.57
2005-10-24 00:00:00+00:00,25.1,24.68
2005-10-25 00:00:00+00:00,25.13,24.8299
2005-10-26 00:00:00+00:00,25.33,24.93
2005-10-27 00:00:00+00:00,25.27,24.85
2005-10-28 00:00:00+00:00,25.6001,25.1
2005-10-31 00:00:00+00:00,25.8,25.5
2005-11-01 00:00:00+00:00,26.1,25.61
2005-11-02 00:00:00+00:00,26.5,25.93
2005-11-03 00:00:00+00:00,26.64,26.25
2005-11-04 00:00:00+00:00,26.71,26.45
2005-11-07 00:00:00+00:00,27.081,26.7
2005-11-08 00:00:00+00:00,27.18,26.77
2005-11-09 00:00:00+00:00,27.1501,26.94
2005-11-10 00:00:00+00:00,27.15,26.6399
2005-11-11 00:00:00+00:00,27.3901,27.1265
2005-11-14 00:00:00+00:00,27.44,27.2
2005-11-15 00:00:00+00:00,27.54,27.25
2005-11-16 00:00:00+00:00,27.88,27.44
2005-11-17 00:00:00+00:00,28.0003,27.76
2005-11-18 00:00:00+00:00,28.25,27.9
2005-11-21 00:00:00+00:00,28.2402,27.5
2005-11-22 00:00:00+00:00,28.08,27.86
2005-11-23 00:00:00+00:00,28.09,27.74
2005-11-25 00:00:00+00:00,27.94,27.465
2005-11-28 00:00:00+00:00,27.851,27.53
2005-11-29 00:00:00+00:00,27.79,27.6
2005-11-30 00:00:00+00:00,27.7702,27.63
2005-12-01 00:00:00+00:00,28.101,27.729
2005-12-02 00:00:00+00:00,28.1,27.79
2005-12-05 00:00:00+00:00,28.02,27.71
2005-12-06 00:00:00+00:00,27.921,27.68
2005-12-07 00:00:00+00:00,27.75,27.55
2005-12-08 00:00:00+00:00,27.81,27.6
2005-12-09 00:00:00+00:00,27.83,27.64
2005-12-12 00:00:00+00:00,27.75,27.33
2005-12-13 00:00:00+00:00,27.43,27.0
2005-12-14 00:00:00+00:00,27.24,26.85
2005-12-15 00:00:00+00:00,27.11,26.81
2005-12-16 00:00:00+00:00,27.08,26.81
2005-12-19 00:00:00+00:00,26.87,26.65
2005-12-20 00:00:00+00:00,26.88,26.67
2005-12-21 00:00:00+00:00,26.91,26.7098
2005-12-22 00:00:00+00:00,26.78,26.419
2005-12-23 00:00:00+00:00,26.6703,26.44
2005-12-27 00:00:00+00:00,26.85,26.45
2005-12-28 00:00:00+00:00,26.662,26.35
2005-12-29 00:00:00+00:00,26.5001,26.26
2005-12-30 00:00:00+00:00,26.31,26.1
2006-01-03 00:00:00+00:00,27.001,26.1
2006-01-04 00:00:00+00:00,27.0801,26.77
2006-01-05 00:00:00+00:00,27.13,26.91
2006-01-06 00:00:00+00:00,27.0,26.49
2006-01-09 00:00:00+00:00,27.07,26.76
2006-01-10 00:00:00+00:00,27.02,26.59
2006-01-11 00:00:00+00:00,27.39,26.9
2006-01-12 00:00:00+00:00,27.26,26.97
2006-01-13 00:00:00+00:00,27.2501,27.01
2006-01-17 00:00:00+00:00,27.19,26.9
2006-01-18 00:00:00+00:00,26.98,26.7
2006-01-19 00:00:00+00:00,27.24,26.85
2006-01-20 00:00:00+00:00,27.01,26.26
2006-01-23 00:00:00+00:00,26.53,26.3
2006-01-24 00:00:00+00:00,26.4501,26.22
2006-01-25 00:00:00+00:00,26.57,26.23
2006-01-26 00:00:00+00:00,26.72,26.31
2006-01-27 00:00:00+00:00,27.9501,27.19
2006-01-30 00:00:00+00:00,28.18,27.78
2006-01-31 00:00:00+00:00,28.38,27.87
2006-02-01 00:00:00+00:00,28.07,27.76
2006-02-02 00:00:00+00:00,27.99,27.55
2006-02-03 00:00:00+00:00,27.7,27.34
2006-02-06 00:00:00+00:00,27.54,27.09
2006-02-07 00:00:00+00:00,27.1501,26.81
2006-02-08 00:00:00+00:00,27.08,26.71
2006-02-09 00:00:00+00:00,27.03,26.65
2006-02-10 00:00:00+00:00,26.89,26.51
2006-02-13 00:00:00+00:00,26.7,26.34
2006-02-14 00:00:00+00:00,26.68,26.35
2006-02-15 00:00:00+00:00,26.93,26.5
2006-02-16 00:00:00+00:00,26.9001,26.57
2006-02-17 00:00:00+00:00,26.81,26.56
2006-02-21 00:00:00+00:00,26.72,26.34
2006-02-22 00:00:00+00:00,26.86,26.47
2006-02-23 00:00:00+00:00,26.8901,26.54
2006-02-24 00:00:00+00:00,26.74,26.52
2006-02-27 00:00:00+00:00,27.26,26.67
2006-02-28 00:00:00+00:00,27.3,26.87
2006-03-01 00:00:00+00:00,27.2,26.95
2006-03-02 00:00:00+00:00,27.1001,26.9
2006-03-03 00:00:00+00:00,27.16,26.74
2006-03-06 00:00:00+00:00,27.15,26.83
2006-03-07 00:00:00+00:00,27.1,26.81
2006-03-08 00:00:00+00:00,27.5,26.97
2006-03-09 00:00:00+00:00,27.42,27.0
2006-03-10 00:00:00+00:00,27.22,26.88
2006-03-13 00:00:00+00:00,27.29,26.94
2006-03-14 00:00:00+00:00,27.38,26.99
2006-03-15 00:00:00+00:00,27.4501,27.01
2006-03-16 00:00:00+00:00,27.48,27.22
2006-03-17 00:00:00+00:00,27.66,27.27
2006-03-20 00:00:00+00:00,27.99,27.67
2006-03-21 00:00:00+00:00,28.22,27.68
2006-03-22 00:00:00+00:00,27.5,26.7961
2006-03-23 00:00:00+00:00,27.1,26.66
2006-03-24 00:00:00+00:00,27.21,26.62
2006-03-27 00:00:00+00:00,27.3,27.0
2006-03-28 00:00:00+00:00,27.21,26.81
2006-03-29 00:00:00+00:00,27.2,26.92
2006-03-30 00:00:00+00:00,27.39,27.0
2006-03-31 00:00:00+00:00,27.541,27.21
2006-04-03 00:00:00+00:00,27.73,27.44
2006-04-04 00:00:00+00:00,27.8,27.47
2006-04-05 00:00:00+00:00,27.941,27.64
2006-04-06 00:00:00+00:00,27.72,27.37
2006-04-07 00:00:00+00:00,27.72,27.23
2006-04-10 00:00:00+00:00,27.44,27.2
2006-04-11 00:00:00+00:00,27.32,27.0
2006-04-12 00:00:00+00:00,27.2,26.97
2006-04-13 00:00:00+00:00,27.2,27.0
2006-04-17 00:00:00+00:00,27.05,26.73
2006-04-18 00:00:00+00:00,27.5,26.82
2006-04-19 00:00:00+00:00,27.19,26.96
2006-04-20 00:00:00+00:00,27.19,26.7
2006-04-21 00:00:00+00:00,27.3901,27.0
2006-04-24 00:00:00+00:00,27.2501,26.98
2006-04-25 00:00:00+00:00,27.21,27.02
2006-04-26 00:00:00+00:00,27.23,27.0
2006-04-27 00:00:00+00:00,27.63,26.94
2006-04-28 00:00:00+00:00,24.5,24.0
2006-05-01 00:00:00+00:00,25.0,24.09
2006-05-02 00:00:00+00:00,25.0,23.9
2006-05-03 00:00:00+00:00,24.02,23.15
2006-05-04 00:00:00+00:00,23.67,23.14
2006-05-05 00:00:00+00:00,23.95,23.52
2006-05-08 00:00:00+00:00,25.0,23.51
2006-05-09 00:00:00+00:00,24.0,23.49
2006-05-10 00:00:00+00:00,23.79,23.59
2006-05-11 00:00:00+00:00,23.79,23.15
2006-05-12 00:00:00+00:00,23.37,23.05
2006-05-15 00:00:00+00:00,23.23,23.03
2006-05-16 00:00:00+00:00,24.0,22.91
2006-05-17 00:00:00+00:00,23.0801,22.73
2006-05-18 00:00:00+00:00,23.14,22.76
2006-05-19 00:00:00+00:00,22.9,22.52
2006-05-22 00:00:00+00:00,23.02,22.45
2006-05-23 00:00:00+00:00,23.3801,22.77
2006-05-24 00:00:00+00:00,23.54,22.98
2006-05-25 00:00:00+00:00,23.9201,23.54
2006-05-26 00:00:00+00:00,23.88,23.56
2006-05-30 00:00:00+00:00,23.76,23.14
2006-05-31 00:00:00+00:00,23.35,22.65
2006-06-01 00:00:00+00:00,22.84,22.62
2006-06-02 00:00:00+00:00,22.99,22.67
2006-06-05 00:00:00+00:00,22.73,22.49
2006-06-06 00:00:00+00:00,22.56,21.98
2006-06-07 00:00:00+00:00,22.39,22.01
2006-06-08 00:00:00+00:00,22.21,21.97
2006-06-09 00:00:00+00:00,22.19,21.97
2006-06-12 00:00:00+00:00,22.1,21.7
2006-06-13 00:00:00+00:00,22.03,21.4599
2006-06-14 00:00:00+00:00,21.94,21.55
2006-06-15 00:00:00+00:00,22.1301,21.8
2006-06-16 00:00:00+00:00,22.28,21.79
2006-06-19 00:00:00+00:00,22.6,22.12
2006-06-20 00:00:00+00:00,22.7601,22.5
2006-06-21 00:00:00+00:00,23.15,22.53
2006-06-22 00:00:00+00:00,23.17,22.78
2006-06-23 00:00:00+00:00,22.87,22.5
2006-06-26 00:00:00+00:00,22.89,22.63
2006-06-27 00:00:00+00:00,23.16,22.84
2006-06-28 00:00:00+00:00,23.25,22.91
2006-06-29 00:00:00+00:00,23.63,23.22
2006-06-30 00:00:00+00:00,23.65,23.3
2006-07-03 00:00:00+00:00,23.72,23.45
2006-07-05 00:00:00+00:00,23.52,23.3
2006-07-06 00:00:00+00:00,23.61,23.42
2006-07-07 00:00:00+00:00,23.55,23.3
2006-07-10 00:00:00+00:00,23.66,23.38
2006-07-11 00:00:00+00:00,23.37,22.74
2006-07-12 00:00:00+00:00,22.88,22.62
2006-07-13 00:00:00+00:00,22.61,22.25
2006-07-14 00:00:00+00:00,22.55,22.23
2006-07-17 00:00:00+00:00,22.61,22.26
2006-07-18 00:00:00+00:00,22.76,22.48
2006-07-19 00:00:00+00:00,23.46,22.72
2006-07-20 00:00:00+00:00,23.45,22.78
2006-07-21 00:00:00+00:00,24.15,23.0
2006-07-24 00:00:00+00:00,24.1101,23.79
2006-07-25 00:00:00+00:00,24.29,23.9
2006-07-26 00:00:00+00:00,24.53,24.1
2006-07-27 00:00:00+00:00,24.6,23.77
2006-07-28 00:00:00+00:00,24.28,24.06
2006-07-31 00:00:00+00:00,24.42,24.01
2006-08-01 00:00:00+00:00,24.2001,23.85
2006-08-02 00:00:00+00:00,24.4001,24.03
2006-08-03 00:00:00+00:00,24.48,24.15
2006-08-04 00:00:00+00:00,24.4901,24.15
2006-08-07 00:00:00+00:00,24.48,24.19
2006-08-08 00:00:00+00:00,24.52,24.2
2006-08-09 00:00:00+00:00,24.64,24.34
2006-08-10 00:00:00+00:00,24.6,24.34
2006-08-11 00:00:00+00:00,24.45,24.2
2006-08-14 00:00:00+00:00,24.6,24.35
2006-08-15 00:00:00+00:00,24.65,24.44
2006-08-16 00:00:00+00:00,24.73,24.47
2006-08-17 00:00:00+00:00,24.75,24.61
2006-08-18 00:00:00+00:00,25.8,24.98
2006-08-21 00:00:00+00:00,26.13,25.56
2006-08-22 00:00:00+00:00,26.2501,25.62
2006-08-23 00:00:00+00:00,25.95,25.52
2006-08-24 00:00:00+00:00,25.86,25.5
2006-08-25 00:00:00+00:00,26.0,25.69
2006-08-28 00:00:00+00:00,26.0,25.69
2006-08-29 00:00:00+00:00,25.98,25.63
2006-08-30 00:00:00+00:00,25.89,25.64
2006-08-31 00:00:00+00:00,25.98,25.68
2006-09-01 00:00:00+00:00,25.97,25.64
2006-09-05 00:00:00+00:00,25.96,25.56
2006-09-06 00:00:00+00:00,25.72,25.51
2006-09-07 00:00:00+00:00,25.7,25.39
2006-09-08 00:00:00+00:00,25.79,25.46
2006-09-11 00:00:00+00:00,25.95,25.42
2006-09-12 00:00:00+00:00,25.9801,25.7199
2006-09-13 00:00:00+00:00,26.1,25.49
2006-09-14 00:00:00+00:00,26.5,25.98
2006-09-15 00:00:00+00:00,26.94,26.49
2006-09-18 00:00:00+00:00,27.04,26.67
2006-09-19 00:00:00+00:00,26.94,26.72
2006-09-20 00:00:00+00:00,27.23,26.99
2006-09-21 00:00:00+00:00,27.25,26.85
2006-09-22 00:00:00+00:00,26.85,26.48
2006-09-25 00:00:00+00:00,27.19,26.79
2006-09-26 00:00:00+00:00,27.32,26.88
2006-09-27 00:00:00+00:00,27.47,27.12
2006-09-28 00:00:00+00:00,27.52,27.26
2006-09-29 00:00:00+00:00,27.42,27.21
2006-10-02 00:00:00+00:00,27.49,27.15
2006-10-03 00:00:00+00:00,27.48,27.21
2006-10-04 00:00:00+00:00,27.96,27.37
2006-10-05 00:00:00+00:00,28.11,27.78
2006-10-06 00:00:00+00:00,28.0002,27.65
2006-10-09 00:00:00+00:00,27.93,27.62
2006-10-10 00:00:00+00:00,27.75,27.44
2006-10-11 00:00:00+00:00,27.67,27.42
2006-10-12 00:00:00+00:00,28.29,27.54
2006-10-13 00:00:00+00:00,28.69,28.31
2006-10-16 00:00:00+00:00,28.6,28.3299
2006-10-17 00:00:00+00:00,28.51,28.17
2006-10-18 00:00:00+00:00,28.7001,28.26
2006-10-19 00:00:00+00:00,28.451,28.12
2006-10-20 00:00:00+00:00,28.49,28.17
2006-10-23 00:00:00+00:00,28.69,28.18
2006-10-24 00:00:00+00:00,28.43,28.13
2006-10-25 00:00:00+00:00,28.46,28.14
2006-10-26 00:00:00+00:00,28.41,28.04
2006-10-27 00:00:00+00:00,28.79,28.25
2006-10-30 00:00:00+00:00,28.84,28.32
2006-10-31 00:00:00+00:00,28.8501,28.56
2006-11-01 00:00:00+00:00,28.99,28.7
2006-11-02 00:00:00+00:00,28.86,28.58
2006-11-03 00:00:00+00:00,28.93,28.61
2006-11-06 00:00:00+00:00,29.05,28.76
2006-11-07 00:00:00+00:00,29.0701,28.7999
2006-11-08 00:00:00+00:00,29.23,28.66
2006-11-09 00:00:00+00:00,29.4,29.0
2006-11-10 00:00:00+00:00,29.29,29.15
2006-11-13 00:00:00+00:00,29.46,29.16
2006-11-14 00:00:00+00:00,29.42,29.07
2006-11-15 00:00:00+00:00,29.3601,29.11
2006-11-16 00:00:00+00:00,29.64,29.13
2006-11-17 00:00:00+00:00,29.54,29.28
2006-11-20 00:00:00+00:00,30.0,29.5
2006-11-21 00:00:00+00:00,30.0001,29.79
2006-11-22 00:00:00+00:00,30.0,29.82
2006-11-24 00:00:00+00:00,29.84,29.64
2006-11-27 00:00:00+00:00,29.74,29.33
2006-11-28 00:00:00+00:00,29.42,29.13
2006-11-29 00:00:00+00:00,29.78,29.43
2006-11-30 00:00:00+00:00,29.57,29.3259
2006-12-01 00:00:00+00:00,29.3,28.8999
2006-12-04 00:00:00+00:00,29.52,29.17
2006-12-05 00:00:00+00:00,29.4,29.03
2006-12-06 00:00:00+00:00,29.13,28.87
2006-12-07 00:00:00+00:00,29.07,28.81
2006-12-08 00:00:00+00:00,29.4,28.8
2006-12-11 00:00:00+00:00,29.75,29.11
2006-12-12 00:00:00+00:00,29.63,29.22
2006-12-13 00:00:00+00:00,29.6,29.32
2006-12-14 00:00:00+00:00,30.0801,29.52
2006-12-15 00:00:00+00:00,30.23,30.03
2006-12-18 00:00:00+00:00,30.26,29.78
2006-12-19 00:00:00+00:00,30.17,29.53
2006-12-20 00:00:00+00:00,30.24,29.97
2006-12-21 00:00:00+00:00,30.14,29.89
2006-12-22 00:00:00+00:00,29.86,29.62
2006-12-26 00:00:00+00:00,30.0,29.4
2006-12-27 00:00:00+00:00,30.13,29.91
2006-12-28 00:00:00+00:00,30.03,29.81
2006-12-29 00:00:00+00:00,30.15,29.83
2007-01-03 00:00:00+00:00,30.25,29.4
2007-01-04 00:00:00+00:00,29.97,29.44
2007-01-05 00:00:00+00:00,29.75,29.45
2007-01-08 00:00:00+00:00,30.1,29.53
2007-01-09 00:00:00+00:00,30.18,29.73
2007-01-10 00:00:00+00:00,29.89,29.43
2007-01-11 00:00:00+00:00,30.75,29.6499
2007-01-12 00:00:00+00:00,31.39,30.64
2007-01-16 00:00:00+00:00,31.45,31.03
2007-01-17 00:00:00+00:00,31.44,31.01
2007-01-18 00:00:00+00:00,31.37,30.8
2007-01-19 00:00:00+00:00,31.11,30.69
2007-01-22 00:00:00+00:00,31.12,30.51
2007-01-23 00:00:00+00:00,30.96,30.52
2007-01-24 00:00:00+00:00,31.3,30.65
2007-01-25 00:00:00+00:00,31.48,30.45
2007-01-26 00:00:00+00:00,31.23,30.6
2007-01-29 00:00:00+00:00,30.78,30.34
2007-01-30 00:00:00+00:00,30.64,30.14
2007-01-31 00:00:00+00:00,31.1,30.35
2007-02-01 00:00:00+00:00,30.94,30.37
2007-02-02 00:00:00+00:00,30.84,30.13
2007-02-05 00:00:00+00:00,30.02,29.41
2007-02-06 00:00:00+00:00,29.7501,29.22
2007-02-07 00:00:00+00:00,29.7,29.2499
2007-02-08 00:00:00+00:00,29.8,29.2
2007-02-09 00:00:00+00:00,29.4,28.93
2007-02-12 00:00:00+00:00,29.09,28.83
2007-02-13 00:00:00+00:00,29.2,28.96
2007-02-14 00:00:00+00:00,29.69,29.15
2007-02-15 00:00:00+00:00,29.65,29.22
2007-02-16 00:00:00+00:00,28.94,28.6499
2007-02-20 00:00:00+00:00,28.86,28.47
2007-02-21 00:00:00+00:00,29.39,28.74
2007-02-22 00:00:00+00:00,29.54,29.16
2007-02-23 00:00:00+00:00,29.28,28.89
2007-02-26 00:00:00+00:00,29.12,28.82
2007-02-27 00:00:00+00:00,28.97,27.79
2007-02-28 00:00:00+00:00,28.25,27.92
2007-03-01 00:00:00+00:00,28.33,27.73
2007-03-02 00:00:00+00:00,28.16,27.76
2007-03-05 00:00:00+00:00,27.91,27.41
2007-03-06 00:00:00+00:00,27.94,27.65
2007-03-07 00:00:00+00:00,27.9,27.55
2007-03-08 00:00:00+00:00,27.85,26.6
2007-03-09 00:00:00+00:00,27.48,27.03
2007-03-12 00:00:00+00:00,27.48,27.13
2007-03-13 00:00:00+00:00,27.4,26.71
2007-03-14 00:00:00+00:00,27.4,26.73
2007-03-15 00:00:00+00:00,27.47,27.2
2007-03-16 00:00:00+00:00,27.48,27.2
2007-03-19 00:00:00+00:00,27.83,27.2
2007-03-20 00:00:00+00:00,28.16,27.76
2007-03-21 00:00:00+00:00,28.52,27.56
2007-03-22 00:00:00+00:00,28.55,28.01
2007-03-23 00:00:00+00:00,28.27,27.8
2007-03-26 00:00:00+00:00,28.22,27.7
2007-03-27 00:00:00+00:00,28.16,27.65
2007-03-28 00:00:00+00:00,28.0,27.4
2007-03-29 00:00:00+00:00,27.845,27.49
2007-03-30 00:00:00+00:00,27.95,27.5
2007-04-02 00:00:00+00:00,27.93,27.56
2007-04-03 00:00:00+00:00,28.06,27.75
2007-04-04 00:00:00+00:00,28.78,27.9
2007-04-05 00:00:00+00:00,28.65,28.3
2007-04-09 00:00:00+00:00,28.72,28.39
2007-04-10 00:00:00+00:00,28.64,28.22
2007-04-11 00:00:00+00:00,28.57,27.99
2007-04-12 00:00:00+00:00,28.62,28.04
2007-04-13 00:00:00+00:00,28.7,28.1
2007-04-16 00:00:00+00:00,28.75,28.21
2007-04-17 00:00:00+00:00,28.89,28.56
2007-04-18 00:00:00+00:00,28.67,28.36
2007-04-19 00:00:00+00:00,28.89,28.26
2007-04-20 00:00:00+00:00,29.1,28.7
2007-04-23 00:00:00+00:00,28.99,28.67
2007-04-24 00:00:00+00:00,28.96,28.59
2007-04-25 00:00:00+00:00,29.0001,28.69
2007-04-26 00:00:00+00:00,29.35,28.91
2007-04-27 00:00:00+00:00,30.74,30.0
2007-04-30 00:00:00+00:00,30.37,29.94
2007-05-01 00:00:00+00:00,30.42,29.9
2007-05-02 00:00:00+00:00,30.69,30.3
2007-05-03 00:00:00+00:00,31.0,30.53
2007-05-04 00:00:00+00:00,30.7,30.29
2007-05-07 00:00:00+00:00,30.7601,30.48
2007-05-08 00:00:00+00:00,30.94,30.58
2007-05-09 00:00:00+00:00,30.93,30.57
2007-05-10 00:00:00+00:00,30.93,30.53
2007-05-11 00:00:00+00:00,30.98,30.55
2007-05-14 00:00:00+00:00,30.99,30.81
2007-05-15 00:00:00+00:00,31.09,30.84
2007-05-16 00:00:00+00:00,31.09,30.81
2007-05-17 00:00:00+00:00,31.14,30.96
2007-05-18 00:00:00+00:00,30.99,30.58
2007-05-21 00:00:00+00:00,31.16,30.73
2007-05-22 00:00:00+00:00,30.93,30.66
2007-05-23 00:00:00+00:00,30.84,30.57
2007-05-24 00:00:00+00:00,30.8,29.96
2007-05-25 00:00:00+00:00,30.66,30.18
2007-05-29 00:00:00+00:00,30.83,30.39
2007-05-30 00:00:00+00:00,31.13,30.51
2007-05-31 00:00:00+00:00,31.16,30.61
2007-06-01 00:00:00+00:00,30.9,30.55
2007-06-04 00:00:00+00:00,30.76,30.4
2007-06-05 00:00:00+00:00,30.63,30.33
2007-06-06 00:00:00+00:00,30.53,30.25
2007-06-07 00:00:00+00:00,30.29,29.59
2007-06-08 00:00:00+00:00,30.06,29.41
2007-06-11 00:00:00+00:00,30.25,29.93
2007-06-12 00:00:00+00:00,30.24,29.77
2007-06-13 00:00:00+00:00,30.41,29.8501
2007-06-14 00:00:00+00:00,30.71,30.3
2007-06-15 00:00:00+00:00,30.88,30.43
2007-06-18 00:00:00+00:00,30.72,30.42
2007-06-19 00:00:00+00:00,30.66,30.38
2007-06-20 00:00:00+00:00,30.51,29.96
2007-06-21 00:00:00+00:00,30.3,29.91
2007-06-22 00:00:00+00:00,30.1,29.45
2007-06-25 00:00:00+00:00,29.77,29.38
2007-06-26 00:00:00+00:00,29.8,29.5
2007-06-27 00:00:00+00:00,29.95,29.36
2007-06-28 00:00:00+00:00,29.97,29.68
2007-06-29 00:00:00+00:00,29.93,29.04
2007-07-02 00:00:00+00:00,29.8,29.49
2007-07-03 00:00:00+00:00,30.22,29.78
2007-07-05 00:00:00+00:00,30.22,29.83
2007-07-06 00:00:00+00:00,30.04,29.66
2007-07-09 00:00:00+00:00,29.95,29.81
2007-07-10 00:00:00+00:00,29.99,29.18
2007-07-11 00:00:00+00:00,29.65,29.21
2007-07-12 00:00:00+00:00,30.11,29.44
2007-07-13 00:00:00+00:00,30.02,29.66
2007-07-16 00:00:00+00:00,30.24,29.72
2007-07-17 00:00:00+00:00,30.88,30.01
2007-07-18 00:00:00+00:00,30.97,30.5
2007-07-19 00:00:00+00:00,31.84,30.93
2007-07-20 00:00:00+00:00,31.2,30.79
2007-07-23 00:00:00+00:00,31.52,31.12
2007-07-24 00:00:00+00:00,31.48,30.71
2007-07-25 00:00:00+00:00,31.3,30.37
2007-07-26 00:00:00+00:00,30.53,29.51
2007-07-27 00:00:00+00:00,30.0,29.36
2007-07-30 00:00:00+00:00,29.49,28.95
2007-07-31 00:00:00+00:00,29.716,28.98
2007-08-01 00:00:00+00:00,29.55,28.82
2007-08-02 00:00:00+00:00,29.79,29.02
2007-08-03 00:00:00+00:00,29.78,28.9
2007-08-06 00:00:00+00:00,29.54,28.75
2007-08-07 00:00:00+00:00,29.79,29.05
2007-08-08 00:00:00+00:00,30.01,29.21
2007-08-09 00:00:00+00:00,30.1,28.92
2007-08-10 00:00:00+00:00,29.05,28.26
2007-08-13 00:00:00+00:00,28.99,28.44
2007-08-14 00:00:00+00:00,28.89,28.2
2007-08-15 00:00:00+00:00,28.99,28.05
2007-08-16 00:00:00+00:00,28.35,27.51
2007-08-17 00:00:00+00:00,28.25,27.82
2007-08-20 00:00:00+00:00,28.4901,28.08
2007-08-21 00:00:00+00:00,28.32,27.87
2007-08-22 00:00:00+00:00,28.32,28.01
2007-08-23 00:00:00+00:00,28.33,28.1
2007-08-24 00:00:00+00:00,28.84,28.07
2007-08-27 00:00:00+00:00,28.77,28.4
2007-08-28 00:00:00+00:00,28.49,27.91
2007-08-29 00:00:00+00:00,28.61,27.82
2007-08-30 00:00:00+00:00,28.93,28.32
2007-08-31 00:00:00+00:00,28.92,28.36
2007-09-04 00:00:00+00:00,29.1,28.48
2007-09-05 00:00:00+00:00,28.73,28.42
2007-09-06 00:00:00+00:00,29.01,28.55
2007-09-07 00:00:00+00:00,28.83,28.32
2007-09-10 00:00:00+00:00,28.75,28.41
2007-09-11 00:00:00+00:00,28.95,28.58
2007-09-12 00:00:00+00:00,29.17,28.8
2007-09-13 00:00:00+00:00,29.26,28.96
2007-09-14 00:00:00+00:00,29.11,28.88
2007-09-17 00:00:00+00:00,28.88,28.62
2007-09-18 00:00:00+00:00,28.965,28.27
2007-09-19 00:00:00+00:00,28.91,28.3
2007-09-20 00:00:00+00:00,28.58,28.34
2007-09-21 00:00:00+00:00,28.81,28.44
2007-09-24 00:00:00+00:00,29.61,28.8
2007-09-25 00:00:00+00:00,29.56,29.11
2007-09-26 00:00:00+00:00,29.85,29.48
2007-09-27 00:00:00+00:00,29.72,29.44
2007-09-28 00:00:00+00:00,29.69,29.23
2007-10-01 00:00:00+00:00,29.79,29.41
2007-10-02 00:00:00+00:00,29.85,29.57
2007-10-03 00:00:00+00:00,29.85,29.29
2007-10-04 00:00:00+00:00,29.77,29.44
2007-10-05 00:00:00+00:00,29.99,29.73
2007-10-08 00:00:00+00:00,29.85,29.6
2007-10-09 00:00:00+00:00,30.39,30.0
2007-10-10 00:00:00+00:00,30.37,30.03
2007-10-11 00:00:00+00:00,30.63,29.79
2007-10-12 00:00:00+00:00,30.4,29.95
2007-10-15 00:00:00+00:00,30.33,30.0
2007-10-16 00:00:00+00:00,30.58,30.23
2007-10-17 00:00:00+00:00,31.23,30.65
2007-10-18 00:00:00+00:00,31.23,30.63
2007-10-19 00:00:00+00:00,31.09,30.11
2007-10-22 00:00:00+00:00,30.7,30.12
2007-10-23 00:00:00+00:00,31.12,30.71
2007-10-24 00:00:00+00:00,31.3,30.5
2007-10-25 00:00:00+00:00,32.22,31.49
2007-10-26 00:00:00+00:00,36.03,34.56
2007-10-29 00:00:00+00:00,35.29,34.45
2007-10-30 00:00:00+00:00,35.59,34.35
2007-10-31 00:00:00+00:00,37.0,35.51
2007-11-01 00:00:00+00:00,37.49,36.36
2007-11-02 00:00:00+00:00,37.5,36.42
2007-11-05 00:00:00+00:00,37.1,36.63
2007-11-06 00:00:00+00:00,36.66,35.87
2007-11-07 00:00:00+00:00,36.16,35.45
2007-11-08 00:00:00+00:00,35.9,34.4
2007-11-09 00:00:00+00:00,34.54,33.65
2007-11-12 00:00:00+00:00,33.71,33.02
2007-11-13 00:00:00+00:00,34.67,33.38
2007-11-14 00:00:00+00:00,34.75,33.75
2007-11-15 00:00:00+00:00,34.1,33.55
2007-11-16 00:00:00+00:00,34.26,33.71
2007-11-19 00:00:00+00:00,34.24,33.87
2007-11-20 00:00:00+00:00,34.97,34.1
2007-11-21 00:00:00+00:00,34.73,34.18
2007-11-23 00:00:00+00:00,34.44,33.71
2007-11-26 00:00:00+00:00,34.37,32.93
2007-11-27 00:00:00+00:00,33.6,32.68
2007-11-28 00:00:00+00:00,33.89,32.9
2007-11-29 00:00:00+00:00,33.93,33.31
2007-11-30 00:00:00+00:00,34.12,33.19
2007-12-03 00:00:00+00:00,33.6401,32.68
2007-12-04 00:00:00+00:00,33.24,32.63
2007-12-05 00:00:00+00:00,34.52,33.03
2007-12-06 00:00:00+00:00,34.61,33.87
2007-12-07 00:00:00+00:00,34.7,34.22
2007-12-10 00:00:00+00:00,34.95,34.47
2007-12-11 00:00:00+00:00,34.99,33.93
2007-12-12 00:00:00+00:00,35.09,33.93
2007-12-13 00:00:00+00:00,35.45,34.28
2007-12-14 00:00:00+00:00,35.84,35.01
2007-12-17 00:00:00+00:00,35.13,34.36
2007-12-18 00:00:00+00:00,35.0,34.21
2007-12-19 00:00:00+00:00,35.14,34.38
2007-12-20 00:00:00+00:00,35.79,35.08
2007-12-21 00:00:00+00:00,36.0625,35.75
2007-12-24 00:00:00+00:00,36.72,36.05
2007-12-26 00:00:00+00:00,36.64,36.26
2007-12-27 00:00:00+00:00,36.5501,35.94
2007-12-28 00:00:00+00:00,36.23,35.67
2007-12-31 00:00:00+00:00,35.99,35.52
2008-01-02 00:00:00+00:00,35.96,35.0
2008-01-03 00:00:00+00:00,35.65,34.86
2008-01-04 00:00:00+00:00,35.2,34.09
2008-01-07 00:00:00+00:00,34.8,34.25
2008-01-08 00:00:00+00:00,34.71,33.4
2008-01-09 00:00:00+00:00,34.54,33.35
2008-01-10 00:00:00+00:00,34.5,33.78
2008-01-11 00:00:00+00:00,34.24,33.72
2008-01-14 00:00:00+00:00,34.57,34.08
2008-01-15 00:00:00+00:00,34.38,34.0
2008-01-16 00:00:00+00:00,33.65,32.51
2008-01-17 00:00:00+00:00,33.8,32.97
2008-01-18 00:00:00+00:00,34.0,32.97
2008-01-22 00:00:00+00:00,32.53,31.5
2008-01-23 00:00:00+00:00,32.05,31.04
2008-01-24 00:00:00+00:00,33.36,32.12
2008-01-25 00:00:00+00:00,35.0,32.87
2008-01-28 00:00:00+00:00,33.1,32.42
2008-01-29 00:00:00+00:00,32.89,32.35
2008-01-30 00:00:00+00:00,32.8,32.05
2008-01-31 00:00:00+00:00,32.74,31.72
2008-02-01 00:00:00+00:00,33.25,30.25
2008-02-04 00:00:00+00:00,30.72,30.11
2008-02-05 00:00:00+00:00,29.94,28.89
2008-02-06 00:00:00+00:00,29.35,28.289
2008-02-07 00:00:00+00:00,28.78,27.9
2008-02-08 00:00:00+00:00,29.08,28.24
2008-02-11 00:00:00+00:00,28.61,27.91
2008-02-12 00:00:00+00:00,28.62,28.11
2008-02-13 00:00:00+00:00,29.05,28.53
2008-02-14 00:00:00+00:00,29.04,28.46
2008-02-15 00:00:00+00:00,28.64,28.25
2008-02-19 00:00:00+00:00,28.84,28.07
2008-02-20 00:00:00+00:00,28.26,27.92
2008-02-21 00:00:00+00:00,28.96,27.96
2008-02-22 00:00:00+00:00,28.39,27.2
2008-02-25 00:00:00+00:00,28.24,27.48
2008-02-26 00:00:00+00:00,28.86,27.67
2008-02-27 00:00:00+00:00,28.68,28.1
2008-02-28 00:00:00+00:00,28.27,27.8
2008-02-29 00:00:00+00:00,27.83,27.02
2008-03-03 00:00:00+00:00,27.3901,26.87
2008-03-04 00:00:00+00:00,27.63,26.96
2008-03-05 00:00:00+00:00,28.41,27.7
2008-03-06 00:00:00+00:00,28.17,27.5
2008-03-07 00:00:00+00:00,28.07,27.32
2008-03-10 00:00:00+00:00,28.26,27.75
2008-03-11 00:00:00+00:00,29.34,28.38
2008-03-12 00:00:00+00:00,29.49,28.54
2008-03-13 00:00:00+00:00,28.99,28.16
2008-03-14 00:00:00+00:00,29.01,27.64
2008-03-17 00:00:00+00:00,28.73,27.28
2008-03-18 00:00:00+00:00,29.4815,28.67
2008-03-19 00:00:00+00:00,29.59,28.62
2008-03-20 00:00:00+00:00,29.2215,28.59
2008-03-24 00:00:00+00:00,29.4,29.06
2008-03-25 00:00:00+00:00,29.37,28.94
2008-03-26 00:00:00+00:00,29.07,28.38
2008-03-27 00:00:00+00:00,28.49,28.0
2008-03-28 00:00:00+00:00,28.43,27.83
2008-03-31 00:00:00+00:00,28.59,27.84
2008-04-01 00:00:00+00:00,29.54,28.63
2008-04-02 00:00:00+00:00,29.58,29.0
2008-04-03 00:00:00+00:00,29.32,28.8
2008-04-04 00:00:00+00:00,29.26,28.74
2008-04-07 00:00:00+00:00,29.59,29.03
2008-04-08 00:00:00+00:00,29.0,28.54
2008-04-09 00:00:00+00:00,29.04,28.54
2008-04-10 00:00:00+00:00,29.4,28.8
2008-04-11 00:00:00+00:00,29.01,28.21
2008-04-14 00:00:00+00:00,28.31,27.93
2008-04-15 00:00:00+00:00,28.48,28.03
2008-04-16 00:00:00+00:00,29.05,28.38
2008-04-17 00:00:00+00:00,29.34,28.9
2008-04-18 00:00:00+00:00,30.1,29.61
2008-04-21 00:00:00+00:00,30.6,30.12
2008-04-22 00:00:00+00:00,30.7,29.97
2008-04-23 00:00:00+00:00,31.46,30.3
2008-04-24 00:00:00+00:00,32.1,31.16
2008-04-25 00:00:00+00:00,30.39,29.6
2008-04-28 00:00:00+00:00,29.835,28.82
2008-04-29 00:00:00+00:00,28.9,28.45
2008-04-30 00:00:00+00:00,29.21,28.51
2008-05-01 00:00:00+00:00,29.49,28.48
2008-05-02 00:00:00+00:00,29.62,28.86
2008-05-05 00:00:00+00:00,30.23,28.99
2008-05-06 00:00:00+00:00,29.86,28.93
2008-05-07 00:00:00+00:00,30.14,29.08
2008-05-08 00:00:00+00:00,29.39,29.0
2008-05-09 00:00:00+00:00,29.55,28.95
2008-05-12 00:00:00+00:00,30.06,29.35
2008-05-13 00:00:00+00:00,30.13,29.53
2008-05-14 00:00:00+00:00,30.26,29.73
2008-05-15 00:00:00+00:00,30.53,29.94
2008-05-16 00:00:00+00:00,30.48,29.92
2008-05-19 00:00:00+00:00,29.89,29.31
2008-05-20 00:00:00+00:00,29.31,28.63
2008-05-21 00:00:00+00:00,29.05,28.19
2008-05-22 00:00:00+00:00,28.7,28.18
2008-05-23 00:00:00+00:00,28.33,27.95
2008-05-27 00:00:00+00:00,28.5,28.05
2008-05-28 00:00:00+00:00,28.57,28.04
2008-05-29 00:00:00+00:00,28.68,28.14
2008-05-30 00:00:00+00:00,28.7,28.2
2008-06-02 00:00:00+00:00,28.36,27.55
2008-06-03 00:00:00+00:00,28.31,27.27
2008-06-04 00:00:00+00:00,27.64,27.2
2008-06-05 00:00:00+00:00,28.3,27.6
2008-06-06 00:00:00+00:00,28.17,27.49
2008-06-09 00:00:00+00:00,27.91,27.3
2008-06-10 00:00:00+00:00,28.29,27.32
2008-06-11 00:00:00+00:00,27.94,27.11
2008-06-12 00:00:00+00:00,28.55,27.19
2008-06-13 00:00:00+00:00,29.57,28.5
2008-06-16 00:00:00+00:00,29.11,28.64
2008-06-17 00:00:00+00:00,29.12,28.79
2008-06-18 00:00:00+00:00,28.86,28.46
2008-06-19 00:00:00+00:00,29.19,28.33
2008-06-20 00:00:00+00:00,28.92,28.1
2008-06-23 00:00:00+00:00,28.41,27.79
2008-06-24 00:00:00+00:00,28.01,27.51
2008-06-25 00:00:00+00:00,28.67,27.76
2008-06-26 00:00:00+00:00,28.2,27.745
2008-06-27 00:00:00+00:00,27.91,27.46
2008-06-30 00:00:00+00:00,27.98,27.49
2008-07-01 00:00:00+00:00,27.38,26.44
2008-07-02 00:00:00+00:00,27.0,25.8788
2008-07-03 00:00:00+00:00,26.1,25.6
2008-07-07 00:00:00+00:00,26.39,25.45
2008-07-08 00:00:00+00:00,26.2,25.51
2008-07-09 00:00:00+00:00,25.85,25.18
2008-07-10 00:00:00+00:00,25.67,24.98
2008-07-11 00:00:00+00:00,25.64,24.87
2008-07-14 00:00:00+00:00,25.81,25.07
2008-07-15 00:00:00+00:00,26.64,24.93
2008-07-16 00:00:00+00:00,27.29,25.92
2008-07-17 00:00:00+00:00,27.91,27.11
2008-07-18 00:00:00+00:00,26.47,25.11
2008-07-21 00:00:00+00:00,26.17,25.53
2008-07-22 00:00:00+00:00,25.94,25.48
2008-07-23 00:00:00+00:00,26.84,25.85
2008-07-24 00:00:00+00:00,26.17,25.44
2008-07-25 00:00:00+00:00,26.22,25.5
2008-07-28 00:00:00+00:00,26.11,25.34
2008-07-29 00:00:00+00:00,26.19,25.4
2008-07-30 00:00:00+00:00,26.49,25.9
2008-07-31 00:00:00+00:00,26.28,25.71
2008-08-01 00:00:00+00:00,25.95,25.07
2008-08-04 00:00:00+00:00,25.545,25.11
2008-08-05 00:00:00+00:00,26.28,25.5
2008-08-06 00:00:00+00:00,27.16,26.38
2008-08-07 00:00:00+00:00,27.75,26.73
2008-08-08 00:00:00+00:00,28.23,27.19
2008-08-11 00:00:00+00:00,28.4,27.66
2008-08-12 00:00:00+00:00,28.36,27.58
2008-08-13 00:00:00+00:00,28.5,27.76
2008-08-14 00:00:00+00:00,28.28,27.56
2008-08-15 00:00:00+00:00,28.15,27.58
2008-08-18 00:00:00+00:00,28.05,27.55
2008-08-19 00:00:00+00:00,27.75,27.27
2008-08-20 00:00:00+00:00,27.58,27.17
2008-08-21 00:00:00+00:00,27.23,26.86
2008-08-22 00:00:00+00:00,27.88,27.22
2008-08-25 00:00:00+00:00,27.84,27.46
2008-08-26 00:00:00+00:00,27.72,27.17
2008-08-27 00:00:00+00:00,27.79,27.13
2008-08-28 00:00:00+00:00,28.01,27.6
2008-08-29 00:00:00+00:00,27.78,27.2879
2008-09-02 00:00:00+00:00,27.76,27.06
2008-09-03 00:00:00+00:00,27.18,26.84
2008-09-04 00:00:00+00:00,26.89,26.35
2008-09-05 00:00:00+00:00,26.22,25.63
2008-09-08 00:00:00+00:00,26.33,25.67
2008-09-09 00:00:00+00:00,26.6,26.05
2008-09-10 00:00:00+00:00,26.86,26.25
2008-09-11 00:00:00+00:00,27.46,26.03
2008-09-12 00:00:00+00:00,27.74,26.94
2008-09-15 00:00:00+00:00,27.49,26.73
2008-09-16 00:00:00+00:00,26.49,25.52
2008-09-17 00:00:00+00:00,25.87,24.5
2008-09-18 00:00:00+00:00,25.35,24.01
2008-09-19 00:00:00+00:00,26.4,23.5
2008-09-22 00:00:00+00:00,26.32,25.32
2008-09-23 00:00:00+00:00,26.17,25.34
2008-09-24 00:00:00+00:00,26.09,25.46
2008-09-25 00:00:00+00:00,26.88,25.74
2008-09-26 00:00:00+00:00,27.56,26.14
2008-09-29 00:00:00+00:00,27.66,25.0089
2008-09-30 00:00:00+00:00,26.6911,25.54
2008-10-01 00:00:00+00:00,26.99,26.28
2008-10-02 00:00:00+00:00,26.53,25.7
2008-10-03 00:00:00+00:00,27.47,26.24
2008-10-06 00:00:00+00:00,25.99,24.14
2008-10-07 00:00:00+00:00,25.21,23.14
2008-10-08 00:00:00+00:00,24.3,22.5
2008-10-09 00:00:00+00:00,23.91,22.07
2008-10-10 00:00:00+00:00,22.35,20.65
2008-10-13 00:00:00+00:00,25.5,22.63
2008-10-14 00:00:00+00:00,25.73,23.6
2008-10-15 00:00:00+00:00,24.25,22.48
2008-10-16 00:00:00+00:00,24.1902,21.31
2008-10-17 00:00:00+00:00,25.11,23.31
2008-10-20 00:00:00+00:00,24.75,23.01
2008-10-21 00:00:00+00:00,25.01,23.27
2008-10-22 00:00:00+00:00,23.06,20.9
2008-10-23 00:00:00+00:00,22.59,20.89
2008-10-24 00:00:00+00:00,22.86,20.95
2008-10-27 00:00:00+00:00,21.96,21.02
2008-10-28 00:00:00+00:00,23.21,21.34
2008-10-29 00:00:00+00:00,23.97,22.7
2008-10-30 00:00:00+00:00,23.88,22.39
2008-10-31 00:00:00+00:00,22.91,22.12
2008-11-03 00:00:00+00:00,22.91,22.21
2008-11-04 00:00:00+00:00,23.66,22.87
2008-11-05 00:00:00+00:00,23.34,22.05
2008-11-06 00:00:00+00:00,22.08,20.86
2008-11-07 00:00:00+00:00,21.54,21.0
2008-11-10 00:00:00+00:00,21.97,21.19
2008-11-11 00:00:00+00:00,21.3,20.79
2008-11-12 00:00:00+00:00,21.0,20.28
2008-11-13 00:00:00+00:00,21.25,18.74
2008-11-14 00:00:00+00:00,21.34,19.65
2008-11-17 00:00:00+00:00,20.24,19.15
2008-11-18 00:00:00+00:00,19.66,18.75
2008-11-19 00:00:00+00:00,19.95,18.25
2008-11-20 00:00:00+00:00,18.84,17.5
2008-11-21 00:00:00+00:00,19.7,17.98
2008-11-24 00:00:00+00:00,20.94,19.87
2008-11-25 00:00:00+00:00,20.93,19.55
2008-11-26 00:00:00+00:00,20.6761,19.73
2008-11-28 00:00:00+00:00,20.31,20.02
2008-12-01 00:00:00+00:00,19.95,18.603
2008-12-02 00:00:00+00:00,19.31,18.56
2008-12-03 00:00:00+00:00,19.9,18.6
2008-12-04 00:00:00+00:00,19.92,18.79
2008-12-05 00:00:00+00:00,19.98,18.47
2008-12-08 00:00:00+00:00,21.25,20.14
2008-12-09 00:00:00+00:00,21.25,20.46
2008-12-10 00:00:00+00:00,20.96,20.3
2008-12-11 00:00:00+00:00,20.12,19.31
2008-12-12 00:00:00+00:00,19.85,18.7
2008-12-15 00:00:00+00:00,19.44,18.89
2008-12-16 00:00:00+00:00,20.18,19.0
2008-12-17 00:00:00+00:00,20.05,19.5
2008-12-18 00:00:00+00:00,20.02,18.99
2008-12-19 00:00:00+00:00,19.8,19.11
2008-12-22 00:00:00+00:00,19.29,18.89
2008-12-23 00:00:00+00:00,19.57,19.01
2008-12-24 00:00:00+00:00,19.45,19.1
2008-12-26 00:00:00+00:00,19.33,19.09
2008-12-29 00:00:00+00:00,19.21,18.64
2008-12-30 00:00:00+00:00,19.49,19.0
2008-12-31 00:00:00+00:00,19.68,19.27
2009-01-02 00:00:00+00:00,20.4,19.37
2009-01-05 00:00:00+00:00,20.67,20.06
2009-01-06 00:00:00+00:00,21.0,20.61
2009-01-07 00:00:00+00:00,20.29,19.48
2009-01-08 00:00:00+00:00,20.19,19.55
2009-01-09 00:00:00+00:00,20.3,19.41
2009-01-12 00:00:00+00:00,19.79,19.3
2009-01-13 00:00:00+00:00,19.99,19.52
2009-01-14 00:00:00+00:00,19.68,19.01
2009-01-15 00:00:00+00:00,19.3,18.52
2009-01-16 00:00:00+00:00,19.91,19.15
2009-01-20 00:00:00+00:00,19.62,18.37
2009-01-21 00:00:00+00:00,19.45,18.46
2009-01-22 00:00:00+00:00,18.18,17.07
2009-01-23 00:00:00+00:00,17.49,16.75
2009-01-26 00:00:00+00:00,17.81,17.23
2009-01-27 00:00:00+00:00,17.97,17.43
2009-01-28 00:00:00+00:00,18.31,17.76
2009-01-29 00:00:00+00:00,17.96,17.56
2009-01-30 00:00:00+00:00,17.79,17.1
2009-02-02 00:00:00+00:00,18.13,17.0
2009-02-03 00:00:00+00:00,18.61,17.6
2009-02-04 00:00:00+00:00,19.0,18.5
2009-02-05 00:00:00+00:00,19.14,18.25
2009-02-06 00:00:00+00:00,19.93,19.06
2009-02-09 00:00:00+00:00,19.77,19.26
2009-02-10 00:00:00+00:00,19.8,18.7
2009-02-11 00:00:00+00:00,19.49,18.92
2009-02-12 00:00:00+00:00,19.32,18.54
2009-02-13 00:00:00+00:00,19.47,19.04
2009-02-17 00:00:00+00:00,18.5,17.89
2009-02-18 00:00:00+00:00,18.45,18.0
2009-02-19 00:00:00+00:00,18.38,17.81
2009-02-20 00:00:00+00:00,18.19,17.66
2009-02-23 00:00:00+00:00,18.15,17.16
2009-02-24 00:00:00+00:00,17.35,16.36
2009-02-25 00:00:00+00:00,17.24,16.46
2009-02-26 00:00:00+00:00,17.08,16.42
2009-02-27 00:00:00+00:00,16.52,16.1
2009-03-02 00:00:00+00:00,16.25,15.72
2009-03-03 00:00:00+00:00,16.24,15.64
2009-03-04 00:00:00+00:00,16.4,15.89
2009-03-05 00:00:00+00:00,15.88,15.2675
2009-03-06 00:00:00+00:00,15.62,14.87
2009-03-09 00:00:00+00:00,15.74,15.1
2009-03-10 00:00:00+00:00,16.62,15.25
2009-03-11 00:00:00+00:00,17.2,16.43
2009-03-12 00:00:00+00:00,17.04,16.48
2009-03-13 00:00:00+00:00,17.05,16.18
2009-03-16 00:00:00+00:00,16.96,16.24
2009-03-17 00:00:00+00:00,16.9,16.26
2009-03-18 00:00:00+00:00,17.22,16.6
2009-03-19 00:00:00+00:00,17.45,16.92
2009-03-20 00:00:00+00:00,17.65,16.88
2009-03-23 00:00:00+00:00,18.59,17.31
2009-03-24 00:00:00+00:00,18.2122,17.84
2009-03-25 00:00:00+00:00,18.31,17.52
2009-03-26 00:00:00+00:00,18.88,18.12
2009-03-27 00:00:00+00:00,18.615,18.05
2009-03-30 00:00:00+00:00,17.76,17.27
2009-03-31 00:00:00+00:00,18.79,17.78
2009-04-01 00:00:00+00:00,19.36,18.18
2009-04-02 00:00:00+00:00,19.89,19.0
2009-04-03 00:00:00+00:00,19.15,18.4343
2009-04-06 00:00:00+00:00,18.76,18.265
2009-04-07 00:00:00+00:00,19.14,18.63
2009-04-08 00:00:00+00:00,19.62,18.96
2009-04-09 00:00:00+00:00,19.7,19.22
2009-04-13 00:00:00+00:00,19.85,19.37
2009-04-14 00:00:00+00:00,19.55,19.0
2009-04-15 00:00:00+00:00,19.25,18.51
2009-04-16 00:00:00+00:00,19.78,18.99
2009-04-17 00:00:00+00:00,19.69,19.0
2009-04-20 00:00:00+00:00,18.95,18.57
2009-04-21 00:00:00+00:00,19.08,18.57
2009-04-22 00:00:00+00:00,19.19,18.7
2009-04-23 00:00:00+00:00,18.94,18.47
2009-04-24 00:00:00+00:00,21.2,19.5
2009-04-27 00:00:00+00:00,20.82,20.28
2009-04-28 00:00:00+00:00,20.27,19.79
2009-04-29 00:00:00+00:00,20.89,20.06
2009-04-30 00:00:00+00:00,21.1,20.01
2009-05-01 00:00:00+00:00,20.35,19.8625
2009-05-04 00:00:00+00:00,20.4,19.98
2009-05-05 00:00:00+00:00,20.24,19.64
2009-05-06 00:00:00+00:00,20.07,19.61
2009-05-07 00:00:00+00:00,19.99,19.14
2009-05-08 00:00:00+00:00,19.64,19.14
2009-05-11 00:00:00+00:00,19.73,19.01
2009-05-12 00:00:00+00:00,20.06,19.47
2009-05-13 00:00:00+00:00,20.0,19.67
2009-05-14 00:00:00+00:00,20.23,19.8
2009-05-15 00:00:00+00:00,20.5,19.975
2009-05-18 00:00:00+00:00,20.6,20.24
2009-05-19 00:00:00+00:00,20.74,20.25
2009-05-20 00:00:00+00:00,20.69,20.22
2009-05-21 00:00:00+00:00,20.23,19.51
2009-05-22 00:00:00+00:00,20.17,19.47
2009-05-26 00:00:00+00:00,20.45,19.45
2009-05-27 00:00:00+00:00,20.6,20.07
2009-05-28 00:00:00+00:00,20.63,20.05
2009-05-29 00:00:00+00:00,20.94,20.3
2009-06-01 00:00:00+00:00,21.5,20.86
2009-06-02 00:00:00+00:00,21.98,21.2
2009-06-03 00:00:00+00:00,21.76,21.29
2009-06-04 00:00:00+00:00,21.9,21.58
2009-06-05 00:00:00+00:00,22.31,21.81
2009-06-08 00:00:00+00:00,22.32,21.63
2009-06-09 00:00:00+00:00,22.32,21.88
2009-06-10 00:00:00+00:00,22.62,22.12
2009-06-11 00:00:00+00:00,23.26,22.57
2009-06-12 00:00:00+00:00,23.38,22.74
2009-06-15 00:00:00+00:00,23.54,23.02
2009-06-16 00:00:00+00:00,24.11,23.44
2009-06-17 00:00:00+00:00,23.82,23.17
2009-06-18 00:00:00+00:00,23.69,23.3
2009-06-19 00:00:00+00:00,24.34,23.75
2009-06-22 00:00:00+00:00,23.95,23.25
2009-06-23 00:00:00+00:00,23.66,23.21
2009-06-24 00:00:00+00:00,23.75,23.36
2009-06-25 00:00:00+00:00,23.92,23.2
2009-06-26 00:00:00+00:00,23.69,23.32
2009-06-29 00:00:00+00:00,24.03,23.55
2009-06-30 00:00:00+00:00,24.24,23.63
2009-07-01 00:00:00+00:00,24.3,23.96
2009-07-02 00:00:00+00:00,24.04,23.21
2009-07-06 00:00:00+00:00,23.28,22.87
2009-07-07 00:00:00+00:00,23.14,22.46
2009-07-08 00:00:00+00:00,22.69,22.0
2009-07-09 00:00:00+00:00,22.81,22.37
2009-07-10 00:00:00+00:00,22.54,22.15
2009-07-13 00:00:00+00:00,23.29,22.14
2009-07-14 00:00:00+00:00,23.22,22.86
2009-07-15 00:00:00+00:00,24.12,23.56
2009-07-16 00:00:00+00:00,24.44,23.86
2009-07-17 00:00:00+00:00,24.45,24.1
2009-07-20 00:00:00+00:00,24.53,24.15
2009-07-21 00:00:00+00:00,24.83,24.37
2009-07-22 00:00:00+00:00,24.9,24.51
2009-07-23 00:00:00+00:00,25.72,24.84
2009-07-24 00:00:00+00:00,23.89,22.81
2009-07-27 00:00:00+00:00,23.45,22.9
2009-07-28 00:00:00+00:00,23.55,22.9
2009-07-29 00:00:00+00:00,23.91,23.34
2009-07-30 00:00:00+00:00,24.43,23.71
2009-07-31 00:00:00+00:00,24.07,23.5
2009-08-03 00:00:00+00:00,23.86,23.5
2009-08-04 00:00:00+00:00,23.79,23.53
2009-08-05 00:00:00+00:00,24.25,23.79
2009-08-06 00:00:00+00:00,23.98,23.27
2009-08-07 00:00:00+00:00,23.82,23.5
2009-08-10 00:00:00+00:00,23.55,23.3
2009-08-11 00:00:00+00:00,23.4,23.05
2009-08-12 00:00:00+00:00,23.9,23.03
2009-08-13 00:00:00+00:00,23.85,23.4
2009-08-14 00:00:00+00:00,23.8,23.51
2009-08-17 00:00:00+00:00,23.6,23.23
2009-08-18 00:00:00+00:00,23.65,23.27
2009-08-19 00:00:00+00:00,23.72,23.25
2009-08-20 00:00:00+00:00,23.87,23.54
2009-08-21 00:00:00+00:00,24.42,23.77
2009-08-24 00:00:00+00:00,24.7326,24.28
2009-08-25 00:00:00+00:00,24.82,24.46
2009-08-26 00:00:00+00:00,24.75,24.42
2009-08-27 00:00:00+00:00,24.78,24.3
2009-08-28 00:00:00+00:00,25.49,24.61
2009-08-31 00:00:00+00:00,24.85,24.29
2009-09-01 00:00:00+00:00,24.74,23.9
2009-09-02 00:00:00+00:00,24.14,23.78
2009-09-03 00:00:00+00:00,24.14,23.76
2009-09-04 00:00:00+00:00,24.8001,24.08
2009-09-08 00:00:00+00:00,24.84,24.41
2009-09-09 00:00:00+00:00,24.95,24.665
2009-09-10 00:00:00+00:00,25.05,24.65
2009-09-11 00:00:00+00:00,25.17,24.81
2009-09-14 00:00:00+00:00,25.09,24.64
2009-09-15 00:00:00+00:00,25.27,24.86
2009-09-16 00:00:00+00:00,25.35,24.95
2009-09-17 00:00:00+00:00,25.38,25.06
2009-09-18 00:00:00+00:00,25.48,25.1
2009-09-21 00:00:00+00:00,25.37,25.1
2009-09-22 00:00:00+00:00,25.82,25.29
2009-09-23 00:00:00+00:00,26.25,25.64
2009-09-24 00:00:00+00:00,26.11,25.66
2009-09-25 00:00:00+00:00,25.82,25.52
2009-09-28 00:00:00+00:00,26.16,25.6
2009-09-29 00:00:00+00:00,25.96,25.69
2009-09-30 00:00:00+00:00,25.99,25.38
2009-10-01 00:00:00+00:00,25.47,24.8
2009-10-02 00:00:00+00:00,25.09,24.43
2009-10-05 00:00:00+00:00,25.06,24.52
2009-10-06 00:00:00+00:00,25.21,24.655
2009-10-07 00:00:00+00:00,25.18,24.88
2009-10-08 00:00:00+00:00,25.9,25.22
2009-10-09 00:00:00+00:00,25.79,25.46
2009-10-12 00:00:00+00:00,25.89,25.55
2009-10-13 00:00:00+00:00,25.94,25.52
2009-10-14 00:00:00+00:00,26.2,25.82
2009-10-15 00:00:00+00:00,26.71,25.9
2009-10-16 00:00:00+00:00,26.63,26.1
2009-10-19 00:00:00+00:00,26.58,26.25
2009-10-20 00:00:00+00:00,26.51,25.94
2009-10-21 00:00:00+00:00,26.75,26.39
2009-10-22 00:00:00+00:00,26.72,26.13
2009-10-23 00:00:00+00:00,29.35,27.88
2009-10-26 00:00:00+00:00,29.02,28.11
2009-10-27 00:00:00+00:00,28.88,28.44
2009-10-28 00:00:00+00:00,28.77,27.95
2009-10-29 00:00:00+00:00,28.41,27.85
2009-10-30 00:00:00+00:00,28.4,27.66
2009-11-02 00:00:00+00:00,28.05,27.41
2009-11-03 00:00:00+00:00,27.74,27.43
2009-11-04 00:00:00+00:00,28.39,27.62
2009-11-05 00:00:00+00:00,28.74,28.28
2009-11-06 00:00:00+00:00,28.63,28.2
2009-11-09 00:00:00+00:00,29.0,28.53
2009-11-10 00:00:00+00:00,29.28,28.81
2009-11-11 00:00:00+00:00,29.3,29.02
2009-11-12 00:00:00+00:00,29.49,29.0
2009-11-13 00:00:00+00:00,29.79,29.37
2009-11-16 00:00:00+00:00,29.8,29.37
2009-11-17 00:00:00+00:00,30.0,29.47
2009-11-18 00:00:00+00:00,30.14,29.81
2009-11-19 00:00:00+00:00,30.0,29.7
2009-11-20 00:00:00+00:00,29.77,29.43
2009-11-23 00:00:00+00:00,30.01,29.7
2009-11-24 00:00:00+00:00,29.99,29.75
2009-11-25 00:00:00+00:00,29.86,29.58
2009-11-27 00:00:00+00:00,29.39,28.75
2009-11-30 00:00:00+00:00,29.45,29.0
2009-12-01 00:00:00+00:00,30.05,29.41
2009-12-02 00:00:00+00:00,29.99,29.65
2009-12-03 00:00:00+00:00,30.2,29.76
2009-12-04 00:00:00+00:00,30.37,29.83
2009-12-07 00:00:00+00:00,30.08,29.68
2009-12-08 00:00:00+00:00,29.74,29.38
2009-12-09 00:00:00+00:00,29.81,29.25
2009-12-10 00:00:00+00:00,29.96,29.66
2009-12-11 00:00:00+00:00,30.0,29.79
2009-12-14 00:00:00+00:00,30.16,29.9
2009-12-15 00:00:00+00:00,30.21,29.88
2009-12-16 00:00:00+00:00,30.41,30.04
2009-12-17 00:00:00+00:00,29.96,29.57
2009-12-18 00:00:00+00:00,30.45,29.8
2009-12-21 00:00:00+00:00,30.84,30.37
2009-12-22 00:00:00+00:00,30.93,30.54
2009-12-23 00:00:00+00:00,30.95,30.69
2009-12-24 00:00:00+00:00,31.0,30.76
2009-12-28 00:00:00+00:00,31.18,30.89
2009-12-29 00:00:00+00:00,31.5,31.23
2009-12-30 00:00:00+00:00,31.29,30.8
2009-12-31 00:00:00+00:00,30.99,30.48
2010-01-04 00:00:00+00:00,31.1,30.59
2010-01-05 00:00:00+00:00,31.1,30.64
2010-01-06 00:00:00+00:00,31.08,30.52
2010-01-07 00:00:00+00:00,30.7,30.19
2010-01-08 00:00:00+00:00,30.88,30.24
2010-01-11 00:00:00+00:00,30.76,30.12
2010-01-12 00:00:00+00:00,30.4,29.91
2010-01-13 00:00:00+00:00,30.52,30.01
2010-01-14 00:00:00+00:00,31.1,30.26
2010-01-15 00:00:00+00:00,31.24,30.71
2010-01-19 00:00:00+00:00,31.24,30.68
2010-01-20 00:00:00+00:00,30.94,30.31
2010-01-21 00:00:00+00:00,30.72,30.0
2010-01-22 00:00:00+00:00,30.2,28.84
2010-01-25 00:00:00+00:00,29.66,29.1
2010-01-26 00:00:00+00:00,29.85,29.09
2010-01-27 00:00:00+00:00,29.82,29.02
2010-01-28 00:00:00+00:00,29.87,28.89
2010-01-29 00:00:00+00:00,29.92,27.66
2010-02-01 00:00:00+00:00,28.48,27.92
2010-02-02 00:00:00+00:00,28.5,28.14
2010-02-03 00:00:00+00:00,28.79,28.12
2010-02-04 00:00:00+00:00,28.5,27.81
2010-02-05 00:00:00+00:00,28.28,27.57
2010-02-08 00:00:00+00:00,28.08,27.57
2010-02-09 00:00:00+00:00,28.34,27.75
2010-02-10 00:00:00+00:00,28.24,27.84
2010-02-11 00:00:00+00:00,28.4,27.7
2010-02-12 00:00:00+00:00,28.06,27.58
2010-02-16 00:00:00+00:00,28.37,28.02
2010-02-17 00:00:00+00:00,28.65,28.36
2010-02-18 00:00:00+00:00,29.03,28.51
2010-02-19 00:00:00+00:00,28.92,28.69
2010-02-22 00:00:00+00:00,28.94,28.65
2010-02-23 00:00:00+00:00,28.83,28.09
2010-02-24 00:00:00+00:00,28.79,28.38
2010-02-25 00:00:00+00:00,28.65,28.02
2010-02-26 00:00:00+00:00,28.85,28.51
2010-03-01 00:00:00+00:00,29.05,28.53
2010-03-02 00:00:00+00:00,29.3,28.24
2010-03-03 00:00:00+00:00,28.61,28.35
2010-03-04 00:00:00+00:00,28.65,28.27
2010-03-05 00:00:00+00:00,28.68,28.42
2010-03-08 00:00:00+00:00,28.93,28.5
2010-03-09 00:00:00+00:00,29.11,28.55
2010-03-10 00:00:00+00:00,29.11,28.8
2010-03-11 00:00:00+00:00,29.19,28.85
2010-03-12 00:00:00+00:00,29.38,29.04
2010-03-15 00:00:00+00:00,29.37,29.01
2010-03-16 00:00:00+00:00,29.49,29.2
2010-03-17 00:00:00+00:00,29.87,29.4
2010-03-18 00:00:00+00:00,29.72,29.5
2010-03-19 00:00:00+00:00,29.9,29.35
2010-03-22 00:00:00+00:00,29.7,29.39
2010-03-23 00:00:00+00:00,29.9,29.41
2010-03-24 00:00:00+00:00,29.85,29.6
2010-03-25 00:00:00+00:00,30.57,29.8
2010-03-26 00:00:00+00:00,30.2,29.59
2010-03-29 00:00:00+00:00,29.82,29.55
2010-03-30 00:00:00+00:00,29.86,29.5
2010-03-31 00:00:00+00:00,29.72,29.17
2010-04-01 00:00:00+00:00,29.54,28.62
2010-04-05 00:00:00+00:00,29.425,29.03
2010-04-06 00:00:00+00:00,29.58,28.98
2010-04-07 00:00:00+00:00,29.56,29.14
2010-04-08 00:00:00+00:00,29.975,29.3
2010-04-09 00:00:00+00:00,30.41,29.895
2010-04-12 00:00:00+00:00,30.49,30.205
2010-04-13 00:00:00+00:00,30.5,30.13
2010-04-14 00:00:00+00:00,31.0,30.66
2010-04-15 00:00:00+00:00,30.95,30.71
2010-04-16 00:00:00+00:00,30.98,30.6
2010-04-19 00:00:00+00:00,31.25,30.76
2010-04-20 00:00:00+00:00,31.44,31.13
2010-04-21 00:00:00+00:00,31.5,31.23
2010-04-22 00:00:00+00:00,31.53,30.9
2010-04-23 00:00:00+00:00,31.58,30.65
2010-04-26 00:00:00+00:00,31.275,30.86
2010-04-27 00:00:00+00:00,31.25,30.7493
2010-04-28 00:00:00+00:00,31.0,30.62
2010-04-29 00:00:00+00:00,31.4333,30.67
2010-04-30 00:00:00+00:00,31.08,30.52
2010-05-03 00:00:00+00:00,31.0606,30.58
2010-05-04 00:00:00+00:00,30.55,29.75
2010-05-05 00:00:00+00:00,30.09,29.69
2010-05-06 00:00:00+00:00,29.88,27.91
2010-05-07 00:00:00+00:00,28.95,27.32
2010-05-10 00:00:00+00:00,29.48,28.71
2010-05-11 00:00:00+00:00,29.65,28.57
2010-05-12 00:00:00+00:00,29.58,28.92
2010-05-13 00:00:00+00:00,29.73,29.18
2010-05-14 00:00:00+00:00,29.21,28.64
2010-05-17 00:00:00+00:00,29.23,28.45
2010-05-18 00:00:00+00:00,29.0,28.4
2010-05-19 00:00:00+00:00,28.69,27.79
2010-05-20 00:00:00+00:00,27.84,27.04
2010-05-21 00:00:00+00:00,27.11,26.44
2010-05-24 00:00:00+00:00,26.86,26.26
2010-05-25 00:00:00+00:00,26.33,25.38
2010-05-26 00:00:00+00:00,26.605,24.56
2010-05-27 00:00:00+00:00,26.36,25.725
2010-05-28 00:00:00+00:00,26.12,25.66
2010-06-01 00:00:00+00:00,26.31,25.52
2010-06-02 00:00:00+00:00,26.48,25.73
2010-06-03 00:00:00+00:00,26.93,26.41
2010-06-04 00:00:00+00:00,26.57,25.62
2010-06-07 00:00:00+00:00,25.83,25.24
2010-06-08 00:00:00+00:00,25.26,24.65
2010-06-09 00:00:00+00:00,25.52,24.75
2010-06-10 00:00:00+00:00,25.15,24.78
2010-06-11 00:00:00+00:00,25.72,24.77
2010-06-14 00:00:00+00:00,25.96,25.47
2010-06-15 00:00:00+00:00,26.65,25.74
2010-06-16 00:00:00+00:00,26.58,26.23
2010-06-17 00:00:00+00:00,26.67,26.04
2010-06-18 00:00:00+00:00,26.53,26.17
2010-06-21 00:00:00+00:00,26.89,25.89
2010-06-22 00:00:00+00:00,26.45,25.76
2010-06-23 00:00:00+00:00,25.78,25.22
2010-06-24 00:00:00+00:00,25.72,24.93
2010-06-25 00:00:00+00:00,25.11,24.31
2010-06-28 00:00:00+00:00,24.61,24.12
2010-06-29 00:00:00+00:00,24.2,23.11
2010-06-30 00:00:00+00:00,23.68,22.95
2010-07-01 00:00:00+00:00,23.32,22.73
2010-07-02 00:00:00+00:00,23.48,23.05
2010-07-06 00:00:00+00:00,24.09,23.584
2010-07-07 00:00:00+00:00,24.32,23.61
2010-07-08 00:00:00+00:00,24.62,23.9719
2010-07-09 00:00:00+00:00,24.41,24.15
2010-07-12 00:00:00+00:00,24.89,24.42
2010-07-13 00:00:00+00:00,25.3,24.9
2010-07-14 00:00:00+00:00,25.61,25.12
2010-07-15 00:00:00+00:00,25.59,24.98
2010-07-16 00:00:00+00:00,25.64,24.88
2010-07-19 00:00:00+00:00,25.3,24.91
2010-07-20 00:00:00+00:00,25.48,24.7
2010-07-21 00:00:00+00:00,25.65,24.975
2010-07-22 00:00:00+00:00,25.99,25.47
2010-07-23 00:00:00+00:00,26.02,25.25
2010-07-26 00:00:00+00:00,26.2,25.8
2010-07-27 00:00:00+00:00,26.24,25.96
2010-07-28 00:00:00+00:00,26.19,25.83
2010-07-29 00:00:00+00:00,26.41,25.6
2010-07-30 00:00:00+00:00,25.84,25.35
2010-08-02 00:00:00+00:00,26.38,25.75
2010-08-03 00:00:00+00:00,26.35,25.97
2010-08-04 00:00:00+00:00,26.24,25.44
2010-08-05 00:00:00+00:00,25.58,25.21
2010-08-06 00:00:00+00:00,25.56,25.02
2010-08-09 00:00:00+00:00,25.73,25.37
2010-08-10 00:00:00+00:00,25.34,24.88
2010-08-11 00:00:00+00:00,24.9,24.56
2010-08-12 00:00:00+00:00,24.6825,24.36
2010-08-13 00:00:00+00:00,24.67,24.24
2010-08-16 00:00:00+00:00,24.61,24.3
2010-08-17 00:00:00+00:00,24.96,24.6
2010-08-18 00:00:00+00:00,24.95,24.41
2010-08-19 00:00:00+00:00,24.74,24.21
2010-08-20 00:00:00+00:00,24.4,24.2
2010-08-23 00:00:00+00:00,24.6403,24.24
2010-08-24 00:00:00+00:00,24.35,24.0
2010-08-25 00:00:00+00:00,24.22,23.87
2010-08-26 00:00:00+00:00,24.19,23.79
2010-08-27 00:00:00+00:00,24.02,23.51
2010-08-30 00:00:00+00:00,23.82,23.6
2010-08-31 00:00:00+00:00,23.73,23.32
2010-09-01 00:00:00+00:00,23.95,23.54
2010-09-02 00:00:00+00:00,23.9499,23.71
2010-09-03 00:00:00+00:00,24.45,24.2
2010-09-07 00:00:00+00:00,24.3,23.92
2010-09-08 00:00:00+00:00,24.2,23.74
2010-09-09 00:00:00+00:00,24.21,23.99
2010-09-10 00:00:00+00:00,24.03,23.79
2010-09-13 00:00:00+00:00,25.29,24.09
2010-09-14 00:00:00+00:00,25.35,24.89
2010-09-15 00:00:00+00:00,25.22,24.92
2010-09-16 00:00:00+00:00,25.37,25.05
2010-09-17 00:00:00+00:00,25.53,25.08
2010-09-20 00:00:00+00:00,25.52,25.11
2010-09-21 00:00:00+00:00,25.42,25.08
2010-09-22 00:00:00+00:00,24.97,24.36
2010-09-23 00:00:00+00:00,24.59,24.36
2010-09-24 00:00:00+00:00,24.8,24.58
2010-09-27 00:00:00+00:00,24.99,24.59
2010-09-28 00:00:00+00:00,24.9,24.35
2010-09-29 00:00:00+00:00,24.66,24.4
2010-09-30 00:00:00+00:00,24.83,24.36
2010-10-01 00:00:00+00:00,24.82,24.3
2010-10-04 00:00:00+00:00,23.99,23.78
2010-10-05 00:00:00+00:00,24.45,23.91
2010-10-06 00:00:00+00:00,24.54,24.13
2010-10-07 00:00:00+00:00,24.75,24.28
2010-10-08 00:00:00+00:00,24.65,24.37
2010-10-11 00:00:00+00:00,24.74,24.5
2010-10-12 00:00:00+00:00,24.93,24.43
2010-10-13 00:00:00+00:00,25.54,24.89
2010-10-14 00:00:00+00:00,25.34,25.0
2010-10-15 00:00:00+00:00,25.55,25.23
2010-10-18 00:00:00+00:00,25.95,25.45
2010-10-19 00:00:00+00:00,25.37,24.95
2010-10-20 00:00:00+00:00,25.4,25.1
2010-10-21 00:00:00+00:00,25.54,25.05
2010-10-22 00:00:00+00:00,25.54,25.27
2010-10-25 00:00:00+00:00,25.3493,25.17
2010-10-26 00:00:00+00:00,25.97,25.06
2010-10-27 00:00:00+00:00,26.11,25.62
2010-10-28 00:00:00+00:00,26.38,25.92
2010-10-29 00:00:00+00:00,27.2,26.48
2010-11-01 00:00:00+00:00,27.22,26.7
2010-11-02 00:00:00+00:00,27.42,27.02
2010-11-03 00:00:00+00:00,27.49,26.96
2010-11-04 00:00:00+00:00,27.43,27.01
2010-11-05 00:00:00+00:00,27.19,26.53
2010-11-08 00:00:00+00:00,27.05,26.58
2010-11-09 00:00:00+00:00,27.11,26.71
2010-11-10 00:00:00+00:00,27.08,26.81
2010-11-11 00:00:00+00:00,26.72,26.28
2010-11-12 00:00:00+00:00,26.52,26.1
2010-11-15 00:00:00+00:00,26.5,26.17
2010-11-16 00:00:00+00:00,26.04,25.65
2010-11-17 00:00:00+00:00,25.91,25.55
2010-11-18 00:00:00+00:00,26.08,25.61
2010-11-19 00:00:00+00:00,25.83,25.6
2010-11-22 00:00:00+00:00,25.74,25.44
2010-11-23 00:00:00+00:00,25.6,25.09
2010-11-24 00:00:00+00:00,25.46,25.16
2010-11-26 00:00:00+00:00,25.41,25.17
2010-11-29 00:00:00+00:00,25.42,24.93
2010-11-30 00:00:00+00:00,25.47,25.0
2010-12-01 00:00:00+00:00,26.25,25.56
2010-12-02 00:00:00+00:00,26.98,26.2
2010-12-03 00:00:00+00:00,27.06,26.78
2010-12-06 00:00:00+00:00,26.98,26.76
2010-12-07 00:00:00+00:00,27.13,26.85
2010-12-08 00:00:00+00:00,27.24,26.8
2010-12-09 00:00:00+00:00,27.34,27.01
2010-12-10 00:00:00+00:00,27.4,27.11
2010-12-13 00:00:00+00:00,27.45,27.1725
2010-12-14 00:00:00+00:00,27.75,27.26
2010-12-15 00:00:00+00:00,27.99,27.53
2010-12-16 00:00:00+00:00,27.99,27.66
2010-12-17 00:00:00+00:00,28.09,27.75
2010-12-20 00:00:00+00:00,27.99,27.68
2010-12-21 00:00:00+00:00,28.14,27.76
2010-12-22 00:00:00+00:00,28.4,27.98
2010-12-23 00:00:00+00:00,28.32,27.96
2010-12-27 00:00:00+00:00,28.2,27.88
2010-12-28 00:00:00+00:00,28.17,27.96
2010-12-29 00:00:00+00:00,28.12,27.88
2010-12-30 00:00:00+00:00,28.0,27.775
2010-12-31 00:00:00+00:00,27.92,27.63
2011-01-03 00:00:00+00:00,28.18,27.92
2011-01-04 00:00:00+00:00,28.17,27.85
2011-01-05 00:00:00+00:00,28.01,27.77
2011-01-06 00:00:00+00:00,28.85,27.86
2011-01-07 00:00:00+00:00,28.74,28.25
2011-01-10 00:00:00+00:00,28.4,28.04
2011-01-11 00:00:00+00:00,28.25,28.05
2011-01-12 00:00:00+00:00,28.59,28.07
2011-01-13 00:00:00+00:00,28.39,28.01
2011-01-14 00:00:00+00:00,28.38,27.91
2011-01-18 00:00:00+00:00,28.74,28.14
2011-01-19 00:00:00+00:00,28.68,28.27
2011-01-20 00:00:00+00:00,28.55,28.13
2011-01-21 00:00:00+00:00,28.43,28.02
2011-01-24 00:00:00+00:00,28.56,27.99
2011-01-25 00:00:00+00:00,28.45,28.12
2011-01-26 00:00:00+00:00,28.99,28.5
2011-01-27 00:00:00+00:00,29.46,28.49
2011-01-28 00:00:00+00:00,28.93,27.45
2011-01-31 00:00:00+00:00,27.9,27.42
2011-02-01 00:00:00+00:00,28.06,27.61
2011-02-02 00:00:00+00:00,28.11,27.88
2011-02-03 00:00:00+00:00,27.97,27.54
2011-02-04 00:00:00+00:00,27.84,27.51
2011-02-07 00:00:00+00:00,28.34,27.79
2011-02-08 00:00:00+00:00,28.34,28.05
2011-02-09 00:00:00+00:00,28.26,27.91
2011-02-10 00:00:00+00:00,27.94,27.29
2011-02-11 00:00:00+00:00,27.8099,27.07
2011-02-14 00:00:00+00:00,27.27,26.95
2011-02-15 00:00:00+00:00,27.33,26.95
2011-02-16 00:00:00+00:00,27.07,26.6
2011-02-17 00:00:00+00:00,27.37,26.91
2011-02-18 00:00:00+00:00,27.21,26.99
2011-02-22 00:00:00+00:00,27.1,26.52
2011-02-23 00:00:00+00:00,26.86,26.43
2011-02-24 00:00:00+00:00,27.06,26.5
2011-02-25 00:00:00+00:00,26.95,26.5
2011-02-28 00:00:00+00:00,26.86,26.51
2011-03-01 00:00:00+00:00,26.78,26.15
2011-03-02 00:00:00+00:00,26.37,26.04
2011-03-03 00:00:00+00:00,26.4,26.18
2011-03-04 00:00:00+00:00,26.24,25.8
2011-03-07 00:00:00+00:00,26.27,25.55
2011-03-08 00:00:00+00:00,26.02,25.65
2011-03-09 00:00:00+00:00,25.98,25.66
2011-03-10 00:00:00+00:00,25.71,25.35
2011-03-11 00:00:00+00:00,25.85,25.36
2011-03-14 00:00:00+00:00,25.76,25.35
2011-03-15 00:00:00+00:00,25.47,25.0
2011-03-16 00:00:00+00:00,25.28,24.68
2011-03-17 00:00:00+00:00,25.22,24.75
2011-03-18 00:00:00+00:00,25.18,24.7979
2011-03-21 00:00:00+00:00,25.58,25.15
2011-03-22 00:00:00+00:00,25.46,25.23
2011-03-23 00:00:00+00:00,25.61,25.18
2011-03-24 00:00:00+00:00,25.87,25.5
2011-03-25 00:00:00+00:00,25.95,25.59
2011-03-28 00:00:00+00:00,25.72,25.38
2011-03-29 00:00:00+00:00,25.52,25.3
2011-03-30 00:00:00+00:00,25.72,25.5
2011-03-31 00:00:00+00:00,25.68,25.34
2011-04-01 00:00:00+00:00,25.53,25.31
2011-04-04 00:00:00+00:00,25.66,25.41
2011-04-05 00:00:00+00:00,26.18,25.74
2011-04-06 00:00:00+00:00,26.31,25.86
2011-04-07 00:00:00+00:00,26.26,25.9699
2011-04-08 00:00:00+00:00,26.28,25.96
2011-04-11 00:00:00+00:00,26.25,25.8
2011-04-12 00:00:00+00:00,25.85,25.55
2011-04-13 00:00:00+00:00,25.87,25.56
2011-04-14 00:00:00+00:00,25.44,25.09
2011-04-15 00:00:00+00:00,25.56,25.18
2011-04-18 00:00:00+00:00,25.28,24.72
2011-04-19 00:00:00+00:00,25.169,24.87
2011-04-20 00:00:00+00:00,26.0,25.51
2011-04-21 00:00:00+00:00,25.89,25.36
2011-04-25 00:00:00+00:00,25.62,25.34
2011-04-26 00:00:00+00:00,26.44,25.67
2011-04-27 00:00:00+00:00,26.39,26.13
2011-04-28 00:00:00+00:00,26.87,26.4
2011-04-29 00:00:00+00:00,26.64,25.36
2011-05-02 00:00:00+00:00,26.0,25.48
2011-05-03 00:00:00+00:00,25.85,25.49
2011-05-04 00:00:00+00:00,26.25,25.79
2011-05-05 00:00:00+00:00,26.08,25.68
2011-05-06 00:00:00+00:00,26.22,25.75
2011-05-09 00:00:00+00:00,25.96,25.67
2011-05-10 00:00:00+00:00,25.85,25.25
2011-05-11 00:00:00+00:00,25.66,25.21
2011-05-12 00:00:00+00:00,25.39,25.1
2011-05-13 00:00:00+00:00,25.32,24.95
2011-05-16 00:00:00+00:00,25.07,24.5
2011-05-17 00:00:00+00:00,24.7,24.27
2011-05-18 00:00:00+00:00,24.74,24.25
2011-05-19 00:00:00+00:00,24.88,24.5
2011-05-20 00:00:00+00:00,24.87,24.44
2011-05-23 00:00:00+00:00,24.25,24.03
2011-05-24 00:00:00+00:00,24.29,24.04
2011-05-25 00:00:00+00:00,24.31,24.16
2011-05-26 00:00:00+00:00,25.03,24.32
2011-05-27 00:00:00+00:00,24.9,24.65
2011-05-31 00:00:00+00:00,25.06,24.7
2011-06-01 00:00:00+00:00,25.1,24.37
2011-06-02 00:00:00+00:00,24.65,24.18
2011-06-03 00:00:00+00:00,24.14,23.84
2011-06-06 00:00:00+00:00,24.25,23.77
2011-06-07 00:00:00+00:00,24.17,23.9
2011-06-08 00:00:00+00:00,24.02,23.86
2011-06-09 00:00:00+00:00,24.04,23.82
2011-06-10 00:00:00+00:00,24.02,23.69
2011-06-13 00:00:00+00:00,24.19,23.7
2011-06-14 00:00:00+00:00,24.45,24.19
2011-06-15 00:00:00+00:00,24.01,23.67
2011-06-16 00:00:00+00:00,24.1,23.65
2011-06-17 00:00:00+00:00,24.3,23.98
2011-06-20 00:00:00+00:00,24.66,24.16
2011-06-21 00:00:00+00:00,24.86,24.4
2011-06-22 00:00:00+00:00,24.81,24.59
2011-06-23 00:00:00+00:00,24.65,24.2
2011-06-24 00:00:00+00:00,24.54,24.19
2011-06-27 00:00:00+00:00,25.46,24.23
2011-06-28 00:00:00+00:00,25.92,25.16
2011-06-29 00:00:00+00:00,25.71,25.36
2011-06-30 00:00:00+00:00,26.0,25.66
2011-07-01 00:00:00+00:00,26.17,25.84
2011-07-05 00:00:00+00:00,26.15,25.9
2011-07-06 00:00:00+00:00,26.37,25.96
2011-07-07 00:00:00+00:00,26.88,26.36
2011-07-08 00:00:00+00:00,26.98,26.51
2011-07-11 00:00:00+00:00,26.8,26.49
2011-07-12 00:00:00+00:00,26.79,26.34
2011-07-13 00:00:00+00:00,26.96,26.51
2011-07-14 00:00:00+00:00,27.01,26.36
2011-07-15 00:00:00+00:00,26.9295,26.47
2011-07-18 00:00:00+00:00,26.9,26.26
2011-07-19 00:00:00+00:00,27.64,26.78
2011-07-20 00:00:00+00:00,27.35,26.98
2011-07-21 00:00:00+00:00,27.31,26.65
2011-07-22 00:00:00+00:00,27.55,26.68
2011-07-25 00:00:00+00:00,28.09,27.19
2011-07-26 00:00:00+00:00,28.145,27.78
2011-07-27 00:00:00+00:00,27.985,27.2
2011-07-28 00:00:00+00:00,28.07,27.21
2011-07-29 00:00:00+00:00,27.71,27.26
2011-08-01 00:00:00+00:00,27.685,26.75
2011-08-02 00:00:00+00:00,27.45,26.76
2011-08-03 00:00:00+00:00,27.0,26.48
2011-08-04 00:00:00+00:00,26.87,25.93
2011-08-05 00:00:00+00:00,26.1,25.23
2011-08-08 00:00:00+00:00,25.6,24.39
2011-08-09 00:00:00+00:00,25.62,24.03
2011-08-10 00:00:00+00:00,25.09,24.1
2011-08-11 00:00:00+00:00,25.38,24.4
2011-08-12 00:00:00+00:00,25.335,24.65
2011-08-15 00:00:00+00:00,25.58,25.15
2011-08-16 00:00:00+00:00,25.59,25.05
2011-08-17 00:00:00+00:00,25.7,24.93
2011-08-18 00:00:00+00:00,25.09,24.03
2011-08-19 00:00:00+00:00,24.62,23.91
2011-08-22 00:00:00+00:00,24.49,23.79
2011-08-23 00:00:00+00:00,24.75,24.03
2011-08-24 00:00:00+00:00,24.93,24.42
2011-08-25 00:00:00+00:00,25.16,24.5
2011-08-26 00:00:00+00:00,25.34,24.42
2011-08-29 00:00:00+00:00,25.86,25.37
2011-08-30 00:00:00+00:00,26.43,25.7
2011-08-31 00:00:00+00:00,26.71,26.26
2011-09-01 00:00:00+00:00,26.86,26.21
2011-09-02 00:00:00+00:00,26.0,25.66
2011-09-06 00:00:00+00:00,25.59,25.11
2011-09-07 00:00:00+00:00,26.0,25.57
2011-09-08 00:00:00+00:00,26.66,25.95
2011-09-09 00:00:00+00:00,26.18,25.5
2011-09-12 00:00:00+00:00,25.93,25.27
2011-09-13 00:00:00+00:00,26.185,25.81
2011-09-14 00:00:00+00:00,26.8,25.89
2011-09-15 00:00:00+00:00,27.03,26.31
2011-09-16 00:00:00+00:00,27.27,26.83
2011-09-19 00:00:00+00:00,27.31,26.6
2011-09-20 00:00:00+00:00,27.5,26.93
2011-09-21 00:00:00+00:00,27.06,25.97
2011-09-22 00:00:00+00:00,25.65,24.6
2011-09-23 00:00:00+00:00,25.15,24.69
2011-09-26 00:00:00+00:00,25.52,24.73
2011-09-27 00:00:00+00:00,25.92,25.45
2011-09-28 00:00:00+00:00,26.37,25.51
2011-09-29 00:00:00+00:00,26.17,25.09
2011-09-30 00:00:00+00:00,25.5,24.88
2011-10-03 00:00:00+00:00,25.335,24.52
2011-10-04 00:00:00+00:00,25.39,24.26
2011-10-05 00:00:00+00:00,26.16,25.16
2011-10-06 00:00:00+00:00,26.4,25.7
2011-10-07 00:00:00+00:00,26.51,26.2
2011-10-10 00:00:00+00:00,26.97,26.47
2011-10-11 00:00:00+00:00,27.07,26.72
2011-10-12 00:00:00+00:00,27.31,26.9
2011-10-13 00:00:00+00:00,27.2,26.62
2011-10-14 00:00:00+00:00,27.5,27.02
2011-10-17 00:00:00+00:00,27.42,26.85
2011-10-18 00:00:00+00:00,27.4,26.8
2011-10-19 00:00:00+00:00,27.47,27.01
2011-10-20 00:00:00+00:00,27.34,26.4
2011-10-21 00:00:00+00:00,27.19,26.8
2011-10-24 00:00:00+00:00,27.4,27.04
2011-10-25 00:00:00+00:00,27.23,26.72
2011-10-26 00:00:00+00:00,27.06,26.1
2011-10-27 00:00:00+00:00,27.4,26.65
2011-10-28 00:00:00+00:00,27.19,26.79
2011-10-31 00:00:00+00:00,27.0,26.62
2011-11-01 00:00:00+00:00,26.32,25.86
2011-11-02 00:00:00+00:00,26.2,25.7
2011-11-03 00:00:00+00:00,26.585,25.98
2011-11-04 00:00:00+00:00,26.4,26.0
2011-11-07 00:00:00+00:00,26.82,26.13
2011-11-08 00:00:00+00:00,27.2,26.685
2011-11-09 00:00:00+00:00,26.75,26.06
2011-11-10 00:00:00+00:00,26.5,26.12
2011-11-11 00:00:00+00:00,27.075,26.57
2011-11-14 00:00:00+00:00,27.0,26.65
2011-11-15 00:00:00+00:00,26.94,26.4
2011-11-16 00:00:00+00:00,26.51,26.04
2011-11-17 00:00:00+00:00,26.04,25.44
2011-11-18 00:00:00+00:00,25.5,25.15
2011-11-21 00:00:00+00:00,25.25,24.9
2011-11-22 00:00:00+00:00,24.96,24.65
2011-11-23 00:00:00+00:00,24.79,24.47
2011-11-25 00:00:00+00:00,24.67,24.3
2011-11-28 00:00:00+00:00,24.97,24.69
2011-11-29 00:00:00+00:00,25.04,24.75
2011-11-30 00:00:00+00:00,25.585,25.14
2011-12-01 00:00:00+00:00,25.63,25.2
2011-12-02 00:00:00+00:00,25.62,25.16
2011-12-05 00:00:00+00:00,25.8,25.5
2011-12-06 00:00:00+00:00,25.87,25.61
2011-12-07 00:00:00+00:00,25.76,25.335
2011-12-08 00:00:00+00:00,25.72,25.37
2011-12-09 00:00:00+00:00,25.87,25.5
2011-12-12 00:00:00+00:00,25.57,25.29
2011-12-13 00:00:00+00:00,26.1,25.651
2011-12-14 00:00:00+00:00,25.86,25.57
2011-12-15 00:00:00+00:00,25.88,25.54
2011-12-16 00:00:00+00:00,26.17,25.63
2011-12-19 00:00:00+00:00,26.12,25.46
2011-12-20 00:00:00+00:00,26.1,25.81
2011-12-21 00:00:00+00:00,26.19,25.44
2011-12-22 00:00:00+00:00,25.86,25.475
2011-12-23 00:00:00+00:00,26.04,25.73
2011-12-27 00:00:00+00:00,26.14,25.93
2011-12-28 00:00:00+00:00,26.15,25.76
2011-12-29 00:00:00+00:00,26.05,25.86
2011-12-30 00:00:00+00:00,26.12,25.91
2012-01-03 00:00:00+00:00,26.96,26.39
2012-01-04 00:00:00+00:00,27.47,26.78
2012-01-05 00:00:00+00:00,27.728,27.29
2012-01-06 00:00:00+00:00,28.19,27.525
2012-01-09 00:00:00+00:00,28.1,27.72
2012-01-10 00:00:00+00:00,28.15,27.75
2012-01-11 00:00:00+00:00,27.98,27.37
2012-01-12 00:00:00+00:00,28.02,27.645
2012-01-13 00:00:00+00:00,28.25,27.79
2012-01-17 00:00:00+00:00,28.65,28.17
2012-01-18 00:00:00+00:00,28.4,27.97
2012-01-19 00:00:00+00:00,28.435,28.03
2012-01-20 00:00:00+00:00,29.74,28.75
2012-01-23 00:00:00+00:00,29.95,29.35
2012-01-24 00:00:00+00:00,29.5703,29.18
2012-01-25 00:00:00+00:00,29.65,29.07
2012-01-26 00:00:00+00:00,29.7,29.4
2012-01-27 00:00:00+00:00,29.53,29.17
2012-01-30 00:00:00+00:00,29.62,28.83
2012-01-31 00:00:00+00:00,29.7,29.23
2012-02-01 00:00:00+00:00,30.05,29.76
2012-02-02 00:00:00+00:00,30.17,29.71
2012-02-03 00:00:00+00:00,30.4,30.09
2012-02-06 00:00:00+00:00,30.22,29.97
2012-02-07 00:00:00+00:00,30.485,30.05
2012-02-08 00:00:00+00:00,30.67,30.22
2012-02-09 00:00:00+00:00,30.8,30.48
2012-02-10 00:00:00+00:00,30.8,30.36
2012-02-13 00:00:00+00:00,30.77,30.43
2012-02-14 00:00:00+00:00,30.46,29.85
2012-02-15 00:00:00+00:00,30.39,30.03
2012-02-16 00:00:00+00:00,31.55,30.3
2012-02-17 00:00:00+00:00,31.32,30.95
2012-02-21 00:00:00+00:00,31.61,31.15
2012-02-22 00:00:00+00:00,31.68,31.18
2012-02-23 00:00:00+00:00,31.59,31.0
2012-02-24 00:00:00+00:00,31.5,31.24
2012-02-27 00:00:00+00:00,31.5,31.1
2012-02-28 00:00:00+00:00,31.93,31.38
2012-02-29 00:00:00+00:00,32.0,31.61
2012-03-01 00:00:00+00:00,32.39,31.85
2012-03-02 00:00:00+00:00,32.44,32.0
2012-03-05 00:00:00+00:00,32.05,31.62
2012-03-06 00:00:00+00:00,31.98,31.49
2012-03-07 00:00:00+00:00,31.92,31.53
2012-03-08 00:00:00+00:00,32.21,31.9
2012-03-09 00:00:00+00:00,32.16,31.92
2012-03-12 00:00:00+00:00,32.2,31.82
2012-03-13 00:00:00+00:00,32.69,32.15
2012-03-14 00:00:00+00:00,32.88,32.49
2012-03-15 00:00:00+00:00,32.94,32.58
2012-03-16 00:00:00+00:00,32.95,32.5
2012-03-19 00:00:00+00:00,32.61,32.15
2012-03-20 00:00:00+00:00,32.15,31.74
2012-03-21 00:00:00+00:00,32.15,31.82
2012-03-22 00:00:00+00:00,32.09,31.79
2012-03-23 00:00:00+00:00,32.11,31.72
2012-03-26 00:00:00+00:00,32.61,32.155
2012-03-27 00:00:00+00:00,32.7,32.4
2012-03-28 00:00:00+00:00,32.7,32.04
2012-03-29 00:00:00+00:00,32.19,31.81
2012-03-30 00:00:00+00:00,32.41,32.04
2012-04-02 00:00:00+00:00,32.46,31.95
2012-04-03 00:00:00+00:00,32.19,31.66
2012-04-04 00:00:00+00:00,31.69,31.05
2012-04-05 00:00:00+00:00,31.63,31.0501
2012-04-09 00:00:00+00:00,31.4,30.97
2012-04-10 00:00:00+00:00,31.19,30.3
2012-04-11 00:00:00+00:00,30.53,30.23
2012-04-12 00:00:00+00:00,31.04,30.42
2012-04-13 00:00:00+00:00,31.16,30.72
2012-04-16 00:00:00+00:00,31.19,30.77
2012-04-17 00:00:00+00:00,31.61,31.2
2012-04-18 00:00:00+00:00,31.31,31.04
2012-04-19 00:00:00+00:00,31.68,30.94
2012-04-20 00:00:00+00:00,32.89,32.05
2012-04-23 00:00:00+00:00,32.5,32.03
2012-04-24 00:00:00+00:00,32.52,31.83
2012-04-25 00:00:00+00:00,32.32,31.87
2012-04-26 00:00:00+00:00,32.23,31.92
2012-04-27 00:00:00+00:00,32.22,31.88
2012-04-30 00:00:00+00:00,32.11,31.92
2012-05-01 00:00:00+00:00,32.335,31.95
2012-05-02 00:00:00+00:00,31.925,31.64
2012-05-03 00:00:00+00:00,31.9,31.61
2012-05-04 00:00:00+00:00,31.57,30.92
2012-05-07 00:00:00+00:00,30.86,30.57
2012-05-08 00:00:00+00:00,30.78,30.17
2012-05-09 00:00:00+00:00,30.83,30.1
2012-05-10 00:00:00+00:00,31.02,30.45
2012-05-11 00:00:00+00:00,31.54,30.69
2012-05-14 00:00:00+00:00,31.04,30.64
2012-05-15 00:00:00+00:00,30.795,30.15
2012-05-16 00:00:00+00:00,30.32,29.74
2012-05-17 00:00:00+00:00,30.2084,29.71
2012-05-18 00:00:00+00:00,29.81,29.17
2012-05-21 00:00:00+00:00,29.79,29.06
2012-05-22 00:00:00+00:00,29.88,29.5
2012-05-23 00:00:00+00:00,29.4,28.64
2012-05-24 00:00:00+00:00,29.3,28.76
2012-05-25 00:00:00+00:00,29.36,29.01
2012-05-29 00:00:00+00:00,29.72,29.22
2012-05-30 00:00:00+00:00,29.479,29.12
2012-05-31 00:00:00+00:00,29.42,28.94
2012-06-01 00:00:00+00:00,28.96,28.44
2012-06-04 00:00:00+00:00,28.78,28.32
2012-06-05 00:00:00+00:00,28.75,28.39
2012-06-06 00:00:00+00:00,29.37,28.8075
2012-06-07 00:00:00+00:00,29.7,29.17
2012-06-08 00:00:00+00:00,29.68,29.05
2012-06-11 00:00:00+00:00,29.81,28.82
2012-06-12 00:00:00+00:00,29.3,28.84
2012-06-13 00:00:00+00:00,29.44,29.05
2012-06-14 00:00:00+00:00,29.46,28.88
2012-06-15 00:00:00+00:00,30.08,29.49
2012-06-18 00:00:00+00:00,30.03,29.71
2012-06-19 00:00:00+00:00,31.11,30.05
2012-06-20 00:00:00+00:00,31.05,30.64
2012-06-21 00:00:00+00:00,31.14,30.06
2012-06-22 00:00:00+00:00,30.73,30.03
2012-06-25 00:00:00+00:00,30.32,29.62
2012-06-26 00:00:00+00:00,30.27,29.94
2012-06-27 00:00:00+00:00,30.5,30.03
2012-06-28 00:00:00+00:00,30.05,29.42
2012-06-29 00:00:00+00:00,30.69,30.14
2012-07-02 00:00:00+00:00,30.62,30.21
2012-07-03 00:00:00+00:00,30.76,30.17
2012-07-05 00:00:00+00:00,30.78,30.375
2012-07-06 00:00:00+00:00,30.7,29.95
2012-07-09 00:00:00+00:00,30.23,29.78
2012-07-10 00:00:00+00:00,30.22,29.51
2012-07-11 00:00:00+00:00,29.735,29.105
2012-07-12 00:00:00+00:00,29.18,28.54
2012-07-13 00:00:00+00:00,29.48,28.72
2012-07-16 00:00:00+00:00,29.53,29.04
2012-07-17 00:00:00+00:00,29.86,29.2
2012-07-18 00:00:00+00:00,30.45,29.46
2012-07-19 00:00:00+00:00,30.8,30.38
2012-07-20 00:00:00+00:00,31.05,30.05
2012-07-23 00:00:00+00:00,29.58,29.01
2012-07-24 00:00:00+00:00,29.36,28.9
2012-07-25 00:00:00+00:00,29.33,28.78
2012-07-26 00:00:00+00:00,29.5,29.09
2012-07-27 00:00:00+00:00,29.85,29.18
2012-07-30 00:00:00+00:00,29.82,29.46
2012-07-31 00:00:00+00:00,29.71,29.33
2012-08-01 00:00:00+00:00,29.65,29.21
2012-08-02 00:00:00+00:00,29.525,28.97
2012-08-03 00:00:00+00:00,29.94,29.48
2012-08-06 00:00:00+00:00,30.11,29.81
2012-08-07 00:00:00+00:00,30.35,29.87
2012-08-08 00:00:00+00:00,30.47,30.11
2012-08-09 00:00:00+00:00,30.65,30.3
2012-08-10 00:00:00+00:00,30.62,30.25
2012-08-13 00:00:00+00:00,30.46,30.16
2012-08-14 00:00:00+00:00,30.39,30.01
2012-08-15 00:00:00+00:00,30.28,30.02
2012-08-16 00:00:00+00:00,30.94,30.26
2012-08-17 00:00:00+00:00,30.92,30.59
2012-08-20 00:00:00+00:00,30.85,30.58
2012-08-21 00:00:00+00:00,30.96,30.61
2012-08-22 00:00:00+00:00,30.76,30.465
2012-08-23 00:00:00+00:00,30.4,30.08
2012-08-24 00:00:00+00:00,30.63,30.18
2012-08-27 00:00:00+00:00,30.96,30.59
2012-08-28 00:00:00+00:00,30.8,30.52
2012-08-29 00:00:00+00:00,30.75,30.44
2012-08-30 00:00:00+00:00,30.61,30.22
2012-08-31 00:00:00+00:00,30.96,30.38
2012-09-04 00:00:00+00:00,30.66,30.15
2012-09-05 00:00:00+00:00,30.53,30.21
2012-09-06 00:00:00+00:00,31.36,30.46
2012-09-07 00:00:00+00:00,31.07,30.73
2012-09-10 00:00:00+00:00,30.9,30.51
2012-09-11 00:00:00+00:00,30.91,30.6101
2012-09-12 00:00:00+00:00,31.18,30.73
2012-09-13 00:00:00+00:00,31.18,30.4
2012-09-14 00:00:00+00:00,31.25,30.81
2012-09-17 00:00:00+00:00,31.26,31.04
2012-09-18 00:00:00+00:00,31.21,31.03
2012-09-19 00:00:00+00:00,31.19,31.04
2012-09-20 00:00:00+00:00,31.48,30.91
2012-09-21 00:00:00+00:00,31.61,31.09
2012-09-24 00:00:00+00:00,31.07,30.64
2012-09-25 00:00:00+00:00,31.0,30.36
2012-09-26 00:00:00+00:00,30.6,30.04
2012-09-27 00:00:00+00:00,30.4,29.89
2012-09-28 00:00:00+00:00,30.26,29.74
2012-10-01 00:00:00+00:00,29.98,29.42
2012-10-02 00:00:00+00:00,29.89,29.5
2012-10-03 00:00:00+00:00,29.99,29.67
2012-10-04 00:00:00+00:00,30.03,29.57
2012-10-05 00:00:00+00:00,30.25,29.74
2012-10-08 00:00:00+00:00,29.92,29.55
2012-10-09 00:00:00+00:00,29.74,29.18
2012-10-10 00:00:00+00:00,29.31,28.95
2012-10-11 00:00:00+00:00,29.25,28.87
2012-10-12 00:00:00+00:00,29.32,28.8
2012-10-15 00:00:00+00:00,29.72,29.25
2012-10-16 00:00:00+00:00,29.74,29.32
2012-10-17 00:00:00+00:00,29.64,29.09
2012-10-18 00:00:00+00:00,29.73,29.26
2012-10-19 00:00:00+00:00,29.08,28.5
2012-10-22 00:00:00+00:00,28.83,27.83
2012-10-23 00:00:00+00:00,28.2,27.76
2012-10-24 00:00:00+00:00,28.2,27.87
2012-10-25 00:00:00+00:00,28.2,27.86
2012-10-26 00:00:00+00:00,28.34,27.84
2012-10-31 00:00:00+00:00,28.88,28.5
2012-11-01 00:00:00+00:00,29.56,28.82
2012-11-02 00:00:00+00:00,29.77,29.33
2012-11-05 00:00:00+00:00,29.74,29.33
2012-11-06 00:00:00+00:00,30.2,29.61
2012-11-07 00:00:00+00:00,29.825,29.05
2012-11-08 00:00:00+00:00,29.37,28.8
2012-11-09 00:00:00+00:00,29.19,28.805
2012-11-12 00:00:00+00:00,29.01,28.21
2012-11-13 00:00:00+00:00,27.3,26.75
2012-11-14 00:00:00+00:00,27.29,26.8
2012-11-15 00:00:00+00:00,26.97,26.63
2012-11-16 00:00:00+00:00,26.7,26.3449
2012-11-19 00:00:00+00:00,26.8,26.47
2012-11-20 00:00:00+00:00,26.8,26.46
2012-11-21 00:00:00+00:00,27.1666,26.67
2012-11-23 00:00:00+00:00,27.77,27.2
2012-11-26 00:00:00+00:00,27.58,27.17
2012-11-27 00:00:00+00:00,27.38,27.0424
2012-11-28 00:00:00+00:00,27.39,26.77
2012-11-29 00:00:00+00:00,27.36,26.86
2012-11-30 00:00:00+00:00,27.13,26.49
2012-12-03 00:00:00+00:00,26.82,26.4
2012-12-04 00:00:00+00:00,26.63,26.34
2012-12-05 00:00:00+00:00,26.93,26.26
2012-12-06 00:00:00+00:00,26.98,26.61
2012-12-07 00:00:00+00:00,26.82,26.37
2012-12-10 00:00:00+00:00,26.97,26.52
2012-12-11 00:00:00+00:00,27.49,27.05
2012-12-12 00:00:00+00:00,27.62,27.08
2012-12-13 00:00:00+00:00,27.52,26.95
2012-12-14 00:00:00+00:00,27.13,26.7
2012-12-17 00:00:00+00:00,27.215,26.68
2012-12-18 00:00:00+00:00,27.63,27.14
2012-12-19 00:00:00+00:00,27.73,27.25
2012-12-20 00:00:00+00:00,27.68,27.15
2012-12-21 00:00:00+00:00,27.49,27.0
2012-12-24 00:00:00+00:00,27.25,27.0
2012-12-26 00:00:00+00:00,27.2,26.7
2012-12-27 00:00:00+00:00,27.09,26.57
2012-12-28 00:00:00+00:00,26.9,26.55
2012-12-31 00:00:00+00:00,26.77,26.37
2013-01-02 00:00:00+00:00,27.73,27.1499
2013-01-03 00:00:00+00:00,27.65,27.16
2013-01-04 00:00:00+00:00,27.34,26.73
2013-01-07 00:00:00+00:00,26.88,26.64
2013-01-08 00:00:00+00:00,26.79,26.46
2013-01-09 00:00:00+00:00,26.75,26.56
2013-01-10 00:00:00+00:00,26.98,26.29
2013-01-11 00:00:00+00:00,26.93,26.28
2013-01-14 00:00:00+00:00,27.08,26.76
2013-01-15 00:00:00+00:00,27.29,26.825
2013-01-16 00:00:00+00:00,27.23,27.01
2013-01-17 00:00:00+00:00,27.47,27.06
2013-01-18 00:00:00+00:00,27.29,27.04
2013-01-22 00:00:00+00:00,27.45,27.0
2013-01-23 00:00:00+00:00,27.635,27.2
2013-01-24 00:00:00+00:00,28.07,27.47
2013-01-25 00:00:00+00:00,28.23,27.39
2013-01-28 00:00:00+00:00,28.225,27.76
2013-01-29 00:00:00+00:00,28.13,27.6
2013-01-30 00:00:00+00:00,28.19,27.76
2013-01-31 00:00:00+00:00,27.97,27.4
2013-02-01 00:00:00+00:00,28.05,27.55
2013-02-04 00:00:00+00:00,28.02,27.42
2013-02-05 00:00:00+00:00,27.66,27.36
2013-02-06 00:00:00+00:00,27.54,27.25
2013-02-07 00:00:00+00:00,27.39,27.1
2013-02-08 00:00:00+00:00,27.71,27.31
2013-02-11 00:00:00+00:00,27.92,27.5
2013-02-12 00:00:00+00:00,28.0,27.75
2013-02-13 00:00:00+00:00,28.11,27.88
2013-02-14 00:00:00+00:00,28.06,27.87
2013-02-15 00:00:00+00:00,28.16,27.875
2013-02-19 00:00:00+00:00,28.09,27.8
2013-02-20 00:00:00+00:00,28.2,27.83
2013-02-21 00:00:00+00:00,27.74,27.23
2013-02-22 00:00:00+00:00,27.76,27.48
2013-02-25 00:00:00+00:00,28.05,27.37
2013-02-26 00:00:00+00:00,27.6,27.34
2013-02-27 00:00:00+00:00,28.0,27.33
2013-02-28 00:00:00+00:00,27.97,27.74
2013-03-01 00:00:00+00:00,27.98,27.52
2013-03-04 00:00:00+00:00,28.15,27.7
2013-03-05 00:00:00+00:00,28.54,28.16
2013-03-06 00:00:00+00:00,28.23,27.78
2013-03-07 00:00:00+00:00,28.28,28.005
2013-03-08 00:00:00+00:00,28.33,27.96
2013-03-11 00:00:00+00:00,27.97,27.67
2013-03-12 00:00:00+00:00,27.95,27.64
2013-03-13 00:00:00+00:00,28.02,27.75
2013-03-14 00:00:00+00:00,28.16,27.93
2013-03-15 00:00:00+00:00,28.16,27.98
2013-03-18 00:00:00+00:00,28.28,27.81
2013-03-19 00:00:00+00:00,28.22,28.03
2013-03-20 00:00:00+00:00,28.49,28.18
2013-03-21 00:00:00+00:00,28.36,28.05
2013-03-22 00:00:00+00:00,28.3379,28.1
2013-03-25 00:00:00+00:00,28.35,27.96
2013-03-26 00:00:00+00:00,28.34,28.11
2013-03-27 00:00:00+00:00,28.445,28.08
2013-03-28 00:00:00+00:00,28.66,28.26
2013-04-01 00:00:00+00:00,28.66,28.36
2013-04-02 00:00:00+00:00,28.85,28.52
2013-04-03 00:00:00+00:00,28.95,28.54
2013-04-04 00:00:00+00:00,28.61,28.27
2013-04-05 00:00:00+00:00,28.78,28.11
2013-04-08 00:00:00+00:00,28.73,28.47
2013-04-09 00:00:00+00:00,29.815,28.68
2013-04-10 00:00:00+00:00,30.32,29.52
2013-04-11 00:00:00+00:00,29.2,28.73
2013-04-12 00:00:00+00:00,29.02,28.66
2013-04-15 00:00:00+00:00,28.98,28.51
2013-04-16 00:00:00+00:00,29.14,28.695
2013-04-17 00:00:00+00:00,29.04,28.6
2013-04-18 00:00:00+00:00,28.98,28.5
2013-04-19 00:00:00+00:00,30.24,29.61
2013-04-22 00:00:00+00:00,31.18,30.28
2013-04-23 00:00:00+00:00,30.895,30.385
2013-04-24 00:00:00+00:00,31.92,30.6
2013-04-25 00:00:00+00:00,32.84,31.54
2013-04-26 00:00:00+00:00,31.98,31.45
2013-04-29 00:00:00+00:00,32.68,31.77
2013-04-30 00:00:00+00:00,33.11,32.28
2013-05-01 00:00:00+00:00,33.08,32.6
2013-05-02 00:00:00+00:00,33.17,32.39
2013-05-03 00:00:00+00:00,33.52,33.08
2013-05-06 00:00:00+00:00,33.91,33.25
2013-05-07 00:00:00+00:00,33.79,33.24
2013-05-08 00:00:00+00:00,33.24,32.65
2013-05-09 00:00:00+00:00,33.0,32.59
2013-05-10 00:00:00+00:00,32.72,32.32
2013-05-13 00:00:00+00:00,33.07,32.55
2013-05-14 00:00:00+00:00,33.53,32.8
2013-05-15 00:00:00+00:00,33.9,33.43
2013-05-16 00:00:00+00:00,34.15,33.55
2013-05-17 00:00:00+00:00,34.87,34.1
2013-05-20 00:00:00+00:00,35.095,34.68
2013-05-21 00:00:00+00:00,35.2725,34.72
2013-05-22 00:00:00+00:00,34.84,34.36
2013-05-23 00:00:00+00:00,34.55,33.9
2013-05-24 00:00:00+00:00,34.28,33.9
2013-05-28 00:00:00+00:00,35.18,34.41
2013-05-29 00:00:00+00:00,35.02,34.57
2013-05-30 00:00:00+00:00,35.25,34.813
2013-05-31 00:00:00+00:00,35.28,34.79
2013-06-03 00:00:00+00:00,35.63,34.83
2013-06-04 00:00:00+00:00,35.74,34.771
2013-06-05 00:00:00+00:00,34.89,34.43
2013-06-06 00:00:00+00:00,35.11,34.49
2013-06-07 00:00:00+00:00,35.78,35.06
2013-06-10 00:00:00+00:00,35.65,35.14
2013-06-11 00:00:00+00:00,35.18,34.68
2013-06-12 00:00:00+00:00,35.27,34.85
2013-06-13 00:00:00+00:00,35.02,34.59
2013-06-14 00:00:00+00:00,34.6901,34.25
2013-06-17 00:00:00+00:00,35.16,34.63
2013-06-18 00:00:00+00:00,35.17,34.895
2013-06-19 00:00:00+00:00,35.09,34.59
2013-06-20 00:00:00+00:00,34.33,33.37
2013-06-21 00:00:00+00:00,33.73,33.05
2013-06-24 00:00:00+00:00,34.2,32.57
2013-06-25 00:00:00+00:00,34.38,33.46
2013-06-26 00:00:00+00:00,34.48,33.8875
2013-06-27 00:00:00+00:00,34.78,34.5
2013-06-28 00:00:00+00:00,34.79,34.34
2013-07-01 00:00:00+00:00,34.99,34.33
2013-07-02 00:00:00+00:00,34.4389,33.63
2013-07-03 00:00:00+00:00,34.37,33.6
2013-07-05 00:00:00+00:00,34.24,33.581
2013-07-08 00:00:00+00:00,34.59,33.98
2013-07-09 00:00:00+00:00,34.6,34.14
2013-07-10 00:00:00+00:00,34.81,34.32
2013-07-11 00:00:00+00:00,35.77,34.9
2013-07-12 00:00:00+00:00,35.73,35.28
2013-07-15 00:00:00+00:00,36.22,35.58
2013-07-16 00:00:00+00:00,36.4299,35.96
2013-07-17 00:00:00+00:00,36.39,35.49
2013-07-18 00:00:00+00:00,35.89,35.22
2013-07-19 00:00:00+00:00,32.67,31.02
2013-07-22 00:00:00+00:00,32.01,31.6
2013-07-23 00:00:00+00:00,32.04,31.71
2013-07-24 00:00:00+00:00,32.19,31.89
2013-07-25 00:00:00+00:00,31.65,31.25
2013-07-26 00:00:00+00:00,31.62,31.205
2013-07-29 00:00:00+00:00,31.6,31.4
2013-07-30 00:00:00+00:00,32.12,31.55
2013-07-31 00:00:00+00:00,32.05,31.71
2013-08-01 00:00:00+00:00,32.09,31.6
2013-08-02 00:00:00+00:00,31.9,31.565
2013-08-05 00:00:00+00:00,32.0,31.64
2013-08-06 00:00:00+00:00,31.67,31.38
2013-08-07 00:00:00+00:00,32.1,31.25
2013-08-08 00:00:00+00:00,33.07,32.05
2013-08-09 00:00:00+00:00,32.9,32.47
2013-08-12 00:00:00+00:00,32.97,32.46
2013-08-13 00:00:00+00:00,32.55,32.21
2013-08-14 00:00:00+00:00,33.36,31.7
2013-08-15 00:00:00+00:00,32.18,30.84
2013-08-16 00:00:00+00:00,31.99,31.66
2013-08-19 00:00:00+00:00,31.97,31.38
2013-08-20 00:00:00+00:00,31.9,31.37
2013-08-21 00:00:00+00:00,32.01,31.54
2013-08-22 00:00:00+00:00,32.49,32.1
2013-08-23 00:00:00+00:00,35.2,34.0
2013-08-26 00:00:00+00:00,34.67,34.03
2013-08-27 00:00:00+00:00,34.1,33.15
2013-08-28 00:00:00+00:00,33.6,33.0
2013-08-29 00:00:00+00:00,33.6,32.8
2013-08-30 00:00:00+00:00,33.48,33.09
2013-09-03 00:00:00+00:00,32.07,31.29
2013-09-04 00:00:00+00:00,31.47,31.11
2013-09-05 00:00:00+00:00,31.44,30.95
2013-09-06 00:00:00+00:00,31.39,31.13
2013-09-09 00:00:00+00:00,31.79,31.2
2013-09-10 00:00:00+00:00,32.4,31.79
2013-09-11 00:00:00+00:00,32.93,32.53
2013-09-12 00:00:00+00:00,32.78,32.59
2013-09-13 00:00:00+00:00,33.07,32.505
2013-09-16 00:00:00+00:00,33.5,32.73
2013-09-17 00:00:00+00:00,33.47,32.9
2013-09-18 00:00:00+00:00,33.4,32.83
2013-09-19 00:00:00+00:00,33.68,33.32
2013-09-20 00:00:00+00:00,33.48,32.685
2013-09-23 00:00:00+00:00,32.969,32.5
2013-09-24 00:00:00+00:00,32.87,32.15
2013-09-25 00:00:00+00:00,32.8,32.4
2013-09-26 00:00:00+00:00,33.0,32.59
2013-09-27 00:00:00+00:00,33.75,32.87
2013-09-30 00:00:00+00:00,33.31,32.7
2013-10-01 00:00:00+00:00,33.61,33.3
2013-10-02 00:00:00+00:00,34.03,33.29
2013-10-03 00:00:00+00:00,34.0,33.42
2013-10-04 00:00:00+00:00,33.99,33.62
2013-10-07 00:00:00+00:00,33.71,33.2
2013-10-08 00:00:00+00:00,33.33,32.8
2013-10-09 00:00:00+00:00,33.3499,32.96
2013-10-10 00:00:00+00:00,33.89,33.26
2013-10-11 00:00:00+00:00,34.14,33.68
2013-10-14 00:00:00+00:00,34.5,33.78
2013-10-15 00:00:00+00:00,34.99,34.47
2013-10-16 00:00:00+00:00,34.895,34.56
2013-10-17 00:00:00+00:00,34.99,34.37
2013-10-18 00:00:00+00:00,34.99,34.33
2013-10-21 00:00:00+00:00,35.2,34.91
2013-10-22 00:00:00+00:00,35.1,34.52
2013-10-23 00:00:00+00:00,34.49,33.674
2013-10-24 00:00:00+00:00,34.1,33.57
2013-10-25 00:00:00+00:00,36.29,35.47
2013-10-28 00:00:00+00:00,35.73,35.27
2013-10-29 00:00:00+00:00,35.72,35.26
2013-10-30 00:00:00+00:00,35.79,35.43
2013-10-31 00:00:00+00:00,35.69,35.34
2013-11-01 00:00:00+00:00,35.69,35.39
2013-11-04 00:00:00+00:00,35.98,35.55
2013-11-05 00:00:00+00:00,36.71,35.77
2013-11-06 00:00:00+00:00,38.22,37.06
2013-11-07 00:00:00+00:00,38.01,37.43
2013-11-08 00:00:00+00:00,37.78,37.34
2013-11-11 00:00:00+00:00,37.775,37.355
2013-11-12 00:00:00+00:00,37.595,37.2
2013-11-13 00:00:00+00:00,38.16,36.9
2013-11-14 00:00:00+00:00,38.13,37.72
2013-11-15 00:00:00+00:00,38.02,37.72
2013-11-18 00:00:00+00:00,37.58,37.07
2013-11-19 00:00:00+00:00,37.23,36.67
2013-11-20 00:00:00+00:00,37.41,36.86
2013-11-21 00:00:00+00:00,37.53,37.26
2013-11-22 00:00:00+00:00,37.68,37.33
2013-11-25 00:00:00+00:00,37.95,37.57
2013-11-26 00:00:00+00:00,37.65,37.35
2013-11-27 00:00:00+00:00,37.76,37.49
2013-11-29 00:00:00+00:00,38.29,37.82
2013-12-02 00:00:00+00:00,38.78,38.06
2013-12-03 00:00:00+00:00,38.49,38.08
2013-12-04 00:00:00+00:00,38.98,38.12
2013-12-05 00:00:00+00:00,38.875,37.18
2013-12-06 00:00:00+00:00,38.55,37.99
2013-12-09 00:00:00+00:00,38.87,38.37
2013-12-10 00:00:00+00:00,38.9,38.02
2013-12-11 00:00:00+00:00,38.3,37.39
2013-12-12 00:00:00+00:00,37.64,37.18
2013-12-13 00:00:00+00:00,37.45,36.62
2013-12-16 00:00:00+00:00,37.0,36.54
2013-12-17 00:00:00+00:00,37.11,36.3344
2013-12-18 00:00:00+00:00,36.6,35.53
2013-12-19 00:00:00+00:00,36.55,36.08
2013-12-20 00:00:00+00:00,36.93,36.185
2013-12-23 00:00:00+00:00,36.89,36.55
2013-12-24 00:00:00+00:00,37.17,36.64
2013-12-26 00:00:00+00:00,37.49,37.17
2013-12-27 00:00:00+00:00,37.62,37.17
2013-12-30 00:00:00+00:00,37.38,36.9006
2013-12-31 00:00:00+00:00,37.58,37.217
2014-01-02 00:00:00+00:00,37.4,37.1
2014-01-03 00:00:00+00:00,37.22,36.6
2014-01-06 00:00:00+00:00,36.89,36.11
2014-01-07 00:00:00+00:00,36.49,36.21
2014-01-08 00:00:00+00:00,36.14,35.58
2014-01-09 00:00:00+00:00,35.91,35.4
2014-01-10 00:00:00+00:00,36.15,35.75
2014-01-13 00:00:00+00:00,36.02,34.83
2014-01-14 00:00:00+00:00,35.88,34.63
2014-01-15 00:00:00+00:00,36.79,35.85
2014-01-16 00:00:00+00:00,37.0,36.31
2014-01-17 00:00:00+00:00,36.83,36.15
2014-01-21 00:00:00+00:00,36.82,36.06
2014-01-22 00:00:00+00:00,36.32,35.75
2014-01-23 00:00:00+00:00,36.13,35.52
2014-01-24 00:00:00+00:00,37.55,36.53
2014-01-27 00:00:00+00:00,36.89,35.98
2014-01-28 00:00:00+00:00,36.39,35.75
2014-01-29 00:00:00+00:00,36.88,35.9
2014-01-30 00:00:00+00:00,36.88,36.23
2014-01-31 00:00:00+00:00,37.89,36.56
2014-02-03 00:00:00+00:00,37.985,36.43
2014-02-04 00:00:00+00:00,37.189,36.25
2014-02-05 00:00:00+00:00,36.47,35.8
2014-02-06 00:00:00+00:00,36.25,35.69
2014-02-07 00:00:00+00:00,36.59,36.01
2014-02-10 00:00:00+00:00,36.8,36.29
2014-02-11 00:00:00+00:00,37.26,36.86
2014-02-12 00:00:00+00:00,37.6,37.3
2014-02-13 00:00:00+00:00,37.86,37.33
2014-02-14 00:00:00+00:00,37.78,37.33
2014-02-18 00:00:00+00:00,37.78,37.41
2014-02-19 00:00:00+00:00,37.75,37.21
2014-02-20 00:00:00+00:00,37.87,37.395
2014-02-21 00:00:00+00:00,38.35,37.86
2014-02-24 00:00:00+00:00,37.975,37.54
2014-02-25 00:00:00+00:00,37.85,37.35
2014-02-26 00:00:00+00:00,37.74,37.19
2014-02-27 00:00:00+00:00,37.89,37.23
2014-02-28 00:00:00+00:00,38.46,37.82
2014-03-03 00:00:00+00:00,38.13,37.495
2014-03-04 00:00:00+00:00,38.48,38.07
2014-03-05 00:00:00+00:00,38.2699,37.93
2014-03-06 00:00:00+00:00,38.24,37.89
2014-03-07 00:00:00+00:00,38.36,37.69
2014-03-10 00:00:00+00:00,38.01,37.72
2014-03-11 00:00:00+00:00,38.23,37.72
2014-03-12 00:00:00+00:00,38.43,37.79
2014-03-13 00:00:00+00:00,38.45,37.6414
2014-03-14 00:00:00+00:00,38.135,37.5058
2014-03-17 00:00:00+00:00,38.41,37.79
2014-03-18 00:00:00+00:00,39.9,38.22
2014-03-19 00:00:00+00:00,39.55,38.91
2014-03-20 00:00:00+00:00,40.649,39.24
2014-03-21 00:00:00+00:00,40.94,40.01
2014-03-24 00:00:00+00:00,40.64,39.86
2014-03-25 00:00:00+00:00,40.99,39.9599
2014-03-26 00:00:00+00:00,40.705,39.6
2014-03-27 00:00:00+00:00,39.97,39.34
2014-03-28 00:00:00+00:00,40.635,39.68
2014-03-31 00:00:00+00:00,41.5,40.4
2014-04-01 00:00:00+00:00,41.59,41.07
2014-04-02 00:00:00+00:00,41.66,41.17
2014-04-03 00:00:00+00:00,41.29,40.71
2014-04-04 00:00:00+00:00,41.39,39.64
2014-04-07 00:00:00+00:00,40.27,39.74
2014-04-08 00:00:00+00:00,39.93,39.2
2014-04-09 00:00:00+00:00,40.55,39.88
2014-04-10 00:00:00+00:00,40.69,39.09
2014-04-11 00:00:00+00:00,39.79,39.0
2014-04-14 00:00:00+00:00,39.41,38.9
2014-04-15 00:00:00+00:00,39.96,39.05
2014-04-16 00:00:00+00:00,40.415,39.905
2014-04-17 00:00:00+00:00,40.195,39.51
2014-04-21 00:00:00+00:00,40.15,39.79
2014-04-22 00:00:00+00:00,40.14,39.83
2014-04-23 00:00:00+00:00,39.99,39.47
2014-04-24 00:00:00+00:00,39.97,39.3
2014-04-25 00:00:00+00:00,40.68,39.75
2014-04-28 00:00:00+00:00,41.29,40.09
2014-04-29 00:00:00+00:00,41.19,40.39
2014-04-30 00:00:00+00:00,40.5,40.1699
2014-05-01 00:00:00+00:00,40.36,39.95
2014-05-02 00:00:00+00:00,40.34,39.66
2014-05-05 00:00:00+00:00,39.6399,39.3
2014-05-06 00:00:00+00:00,39.35,38.95
2014-05-07 00:00:00+00:00,39.51,38.51
2014-05-08 00:00:00+00:00,39.9,38.97
2014-05-09 00:00:00+00:00,39.85,39.37
2014-05-12 00:00:00+00:00,40.02,39.65
2014-05-13 00:00:00+00:00,40.5,39.85
2014-05-14 00:00:00+00:00,40.45,40.05
2014-05-15 00:00:00+00:00,40.4,39.51
2014-05-16 00:00:00+00:00,39.84,39.27
2014-05-19 00:00:00+00:00,39.82,39.46
2014-05-20 00:00:00+00:00,39.94,39.46
2014-05-21 00:00:00+00:00,40.35,39.7399
2014-05-22 00:00:00+00:00,40.35,39.85
2014-05-23 00:00:00+00:00,40.37,40.0
2014-05-27 00:00:00+00:00,40.26,39.81
2014-05-28 00:00:00+00:00,40.19,39.82
2014-05-29 00:00:00+00:00,40.35,39.91
2014-05-30 00:00:00+00:00,40.97,40.25
2014-06-02 00:00:00+00:00,41.09,40.68
2014-06-03 00:00:00+00:00,40.68,40.25
2014-06-04 00:00:00+00:00,40.37,39.86
2014-06-05 00:00:00+00:00,41.25,40.4
2014-06-06 00:00:00+00:00,41.66,41.24
2014-06-09 00:00:00+00:00,41.48,41.02
2014-06-10 00:00:00+00:00,41.16,40.86
2014-06-11 00:00:00+00:00,41.07,40.765
2014-06-12 00:00:00+00:00,40.88,40.29
2014-06-13 00:00:00+00:00,41.565,40.86
2014-06-16 00:00:00+00:00,41.61,41.04
2014-06-17 00:00:00+00:00,41.91,40.335
2014-06-18 00:00:00+00:00,41.74,41.18
2014-06-19 00:00:00+00:00,41.77,41.3301
2014-06-20 00:00:00+00:00,41.83,41.38
2014-06-23 00:00:00+00:00,42.0,41.69
2014-06-24 00:00:00+00:00,41.94,41.56
2014-06-25 00:00:00+00:00,42.05,41.46
2014-06-26 00:00:00+00:00,41.94,41.43
2014-06-27 00:00:00+00:00,42.29,41.51
2014-06-30 00:00:00+00:00,42.21,41.7
2014-07-01 00:00:00+00:00,42.15,41.69
2014-07-02 00:00:00+00:00,41.9,41.53
2014-07-03 00:00:00+00:00,41.99,41.56
2014-07-07 00:00:00+00:00,42.12,41.71
2014-07-08 00:00:00+00:00,42.0,41.61
2014-07-09 00:00:00+00:00,41.99,41.53
2014-07-10 00:00:00+00:00,42.0,41.05
2014-07-11 00:00:00+00:00,42.09,41.48
2014-07-14 00:00:00+00:00,42.45,42.04
2014-07-15 00:00:00+00:00,42.47,42.03
2014-07-16 00:00:00+00:00,44.31,42.48
2014-07-17 00:00:00+00:00,45.71,44.25
2014-07-18 00:00:00+00:00,44.84,44.25
2014-07-21 00:00:00+00:00,45.16,44.22
2014-07-22 00:00:00+00:00,45.15,44.59
2014-07-23 00:00:00+00:00,45.45,44.62
2014-07-24 00:00:00+00:00,45.0,44.32
2014-07-25 00:00:00+00:00,44.66,44.3
2014-07-28 00:00:00+00:00,44.51,43.93
2014-07-29 00:00:00+00:00,44.09,43.64
2014-07-30 00:00:00+00:00,44.1,43.29
2014-07-31 00:00:00+00:00,43.69,43.08
2014-08-01 00:00:00+00:00,43.25,42.6
2014-08-04 00:00:00+00:00,43.47,42.81
2014-08-05 00:00:00+00:00,43.46,42.83
2014-08-06 00:00:00+00:00,43.17,42.21
2014-08-07 00:00:00+00:00,43.45,42.65
2014-08-08 00:00:00+00:00,43.315,42.91
2014-08-11 00:00:00+00:00,43.45,43.02
2014-08-12 00:00:00+00:00,43.59,43.0
2014-08-13 00:00:00+00:00,44.18,43.52
2014-08-14 00:00:00+00:00,44.417,44.01
2014-08-15 00:00:00+00:00,44.895,44.4
2014-08-18 00:00:00+00:00,45.11,44.68
2014-08-19 00:00:00+00:00,45.34,44.83
2014-08-20 00:00:00+00:00,45.4,44.9
2014-08-21 00:00:00+00:00,45.25,44.83
2014-08-22 00:00:00+00:00,45.47,45.07
2014-08-25 00:00:00+00:00,45.44,45.04
2014-08-26 00:00:00+00:00,45.395,44.94
2014-08-27 00:00:00+00:00,45.0,44.76
2014-08-28 00:00:00+00:00,44.98,44.61
2014-08-29 00:00:00+00:00,45.44,44.855
2014-09-02 00:00:00+00:00,45.46,44.85
2014-09-03 00:00:00+00:00,45.11,44.53
2014-09-04 00:00:00+00:00,45.27,44.72
2014-09-05 00:00:00+00:00,45.93,45.11
2014-09-08 00:00:00+00:00,46.8,45.99
2014-09-09 00:00:00+00:00,46.97,46.42
2014-09-10 00:00:00+00:00,46.94,46.28
2014-09-11 00:00:00+00:00,47.0,46.47
2014-09-12 00:00:00+00:00,47.02,46.6
2014-09-15 00:00:00+00:00,46.71,46.1
2014-09-16 00:00:00+00:00,46.85,46.29
2014-09-17 00:00:00+00:00,46.69,46.23
2014-09-18 00:00:00+00:00,46.83,46.46
2014-09-19 00:00:00+00:00,47.57,46.6
2014-09-22 00:00:00+00:00,47.38,46.98
2014-09-23 00:00:00+00:00,46.98,46.47
2014-09-24 00:00:00+00:00,47.11,46.34
2014-09-25 00:00:00+00:00,47.09,46.03
2014-09-26 00:00:00+00:00,46.62,45.76
2014-09-29 00:00:00+00:00,46.56,45.76
2014-09-30 00:00:00+00:00,46.4763,46.01
2014-10-01 00:00:00+00:00,46.53,45.845
2014-10-02 00:00:00+00:00,46.1,45.64
2014-10-03 00:00:00+00:00,46.3,45.61
2014-10-06 00:00:00+00:00,46.3,45.9199
2014-10-07 00:00:00+00:00,45.93,45.42
2014-10-08 00:00:00+00:00,46.89,45.34
2014-10-09 00:00:00+00:00,46.8,45.74
2014-10-10 00:00:00+00:00,46.12,43.95
2014-10-13 00:00:00+00:00,44.56,43.49
2014-10-14 00:00:00+00:00,44.38,43.56
2014-10-15 00:00:00+00:00,43.39,42.1
2014-10-16 00:00:00+00:00,43.08,42.22
2014-10-17 00:00:00+00:00,43.935,42.79
2014-10-20 00:00:00+00:00,44.14,42.81
2014-10-21 00:00:00+00:00,44.975,44.19
2014-10-22 00:00:00+00:00,45.07,44.225
2014-10-23 00:00:00+00:00,45.445,44.53
2014-10-24 00:00:00+00:00,46.9,45.18
2014-10-27 00:00:00+00:00,46.1,45.71
2014-10-28 00:00:00+00:00,46.5,45.77
2014-10-29 00:00:00+00:00,46.7,46.34
2014-10-30 00:00:00+00:00,46.32,45.77
2014-10-31 00:00:00+00:00,46.97,46.48
2014-11-03 00:00:00+00:00,47.46,46.73
2014-11-04 00:00:00+00:00,47.73,47.25
2014-11-05 00:00:00+00:00,47.9,47.26
2014-11-06 00:00:00+00:00,48.86,47.79
2014-11-07 00:00:00+00:00,48.92,48.2901
2014-11-10 00:00:00+00:00,49.15,48.55
2014-11-11 00:00:00+00:00,48.93,48.645
2014-11-12 00:00:00+00:00,48.92,48.52
2014-11-13 00:00:00+00:00,49.645,48.705
2014-11-14 00:00:00+00:00,50.045,49.39
2014-11-17 00:00:00+00:00,49.705,49.14
2014-11-18 00:00:00+00:00,49.325,48.7
2014-11-19 00:00:00+00:00,48.7549,47.93
2014-11-20 00:00:00+00:00,48.7,47.87
2014-11-21 00:00:00+00:00,49.05,47.57
2014-11-24 00:00:00+00:00,48.0,47.39
2014-11-25 00:00:00+00:00,47.97,47.45
2014-11-26 00:00:00+00:00,47.99,47.28
2014-11-28 00:00:00+00:00,48.195,47.61
2014-12-01 00:00:00+00:00,48.78,47.71
2014-12-02 00:00:00+00:00,49.05,48.2
2014-12-03 00:00:00+00:00,48.5,47.805
2014-12-04 00:00:00+00:00,49.06,48.2
2014-12-05 00:00:00+00:00,48.97,48.38
2014-12-08 00:00:00+00:00,48.35,47.445
2014-12-09 00:00:00+00:00,47.92,47.05
2014-12-10 00:00:00+00:00,47.66,46.7001
2014-12-11 00:00:00+00:00,47.74,46.68
2014-12-12 00:00:00+00:00,47.73,46.67
2014-12-15 00:00:00+00:00,47.67,46.55
2014-12-16 00:00:00+00:00,46.34,45.13
2014-12-17 00:00:00+00:00,45.945,44.9
2014-12-18 00:00:00+00:00,47.52,46.3386
2014-12-19 00:00:00+00:00,48.1,47.17
2014-12-22 00:00:00+00:00,48.12,47.71
2014-12-23 00:00:00+00:00,48.8,48.13
2014-12-24 00:00:00+00:00,48.64,48.08
2014-12-26 00:00:00+00:00,48.41,47.82
2014-12-29 00:00:00+00:00,47.78,47.26
2014-12-30 00:00:00+00:00,47.62,46.84
2014-12-31 00:00:00+00:00,47.44,46.45
2015-01-02 00:00:00+00:00,47.42,46.54
2015-01-05 00:00:00+00:00,46.73,46.25
2015-01-06 00:00:00+00:00,46.749,45.54
2015-01-07 00:00:00+00:00,46.46,45.49
2015-01-08 00:00:00+00:00,47.7499,46.72
2015-01-09 00:00:00+00:00,47.82,46.9
2015-01-12 00:00:00+00:00,47.54,46.36
2015-01-13 00:00:00+00:00,47.91,46.06
2015-01-14 00:00:00+00:00,46.24,45.62
2015-01-15 00:00:00+00:00,46.38,45.41
2015-01-16 00:00:00+00:00,46.28,45.17
2015-01-20 00:00:00+00:00,46.65,45.57
2015-01-21 00:00:00+00:00,46.14,45.48
2015-01-22 00:00:00+00:00,47.135,46.08
2015-01-23 00:00:00+00:00,47.39,46.8
2015-01-26 00:00:00+00:00,47.1339,46.2399
2015-01-27 00:00:00+00:00,43.2,42.105
2015-01-28 00:00:00+00:00,42.79,41.16
2015-01-29 00:00:00+00:00,42.12,40.79
2015-01-30 00:00:00+00:00,41.58,40.35
2015-02-02 00:00:00+00:00,41.37,40.23
2015-02-03 00:00:00+00:00,41.93,41.045
2015-02-04 00:00:00+00:00,42.21,41.36
2015-02-05 00:00:00+00:00,42.64,41.855
2015-02-06 00:00:00+00:00,42.79,42.15
2015-02-09 00:00:00+00:00,42.74,42.21
2015-02-10 00:00:00+00:00,42.77,42.18
2015-02-11 00:00:00+00:00,42.65,42.21
2015-02-12 00:00:00+00:00,43.09,42.51
2015-02-13 00:00:00+00:00,43.87,43.15
2015-02-17 00:00:00+00:00,44.0,43.19
2015-02-18 00:00:00+00:00,43.7,43.39
2015-02-19 00:00:00+00:00,43.5263,43.05
2015-02-20 00:00:00+00:00,43.88,43.29
2015-02-23 00:00:00+00:00,44.19,43.65
2015-02-24 00:00:00+00:00,44.3,43.92
2015-02-25 00:00:00+00:00,44.09,43.8
2015-02-26 00:00:00+00:00,44.23,43.89
2015-02-27 00:00:00+00:00,44.2,43.66
2015-03-02 00:00:00+00:00,44.19,43.55
2015-03-03 00:00:00+00:00,43.825,43.09
2015-03-04 00:00:00+00:00,43.21,42.88
2015-03-05 00:00:00+00:00,43.24,42.82
2015-03-06 00:00:00+00:00,43.11,42.15
2015-03-09 00:00:00+00:00,43.125,42.19
2015-03-10 00:00:00+00:00,42.71,42.03
2015-03-11 00:00:00+00:00,42.37,41.84
2015-03-12 00:00:00+00:00,41.65,40.86
2015-03-13 00:00:00+00:00,41.47,40.61
2015-03-16 00:00:00+00:00,41.64,41.28
2015-03-17 00:00:00+00:00,41.83,41.15
2015-03-18 00:00:00+00:00,42.83,41.33
2015-03-19 00:00:00+00:00,42.59,42.22
2015-03-20 00:00:00+00:00,42.98,42.49
2015-03-23 00:00:00+00:00,43.13,42.78
2015-03-24 00:00:00+00:00,43.17,42.75
2015-03-25 00:00:00+00:00,42.925,41.44
2015-03-26 00:00:00+00:00,41.61,40.92
2015-03-27 00:00:00+00:00,41.43,40.83
2015-03-30 00:00:00+00:00,41.54,40.91
2015-03-31 00:00:00+00:00,41.03,40.54
2015-04-01 00:00:00+00:00,40.76,40.31
2015-04-02 00:00:00+00:00,40.74,40.12
2015-04-06 00:00:00+00:00,41.78,40.18
2015-04-07 00:00:00+00:00,41.91,41.31
2015-04-08 00:00:00+00:00,41.69,41.04
2015-04-09 00:00:00+00:00,41.62,41.25
2015-04-10 00:00:00+00:00,41.95,41.41
2015-04-13 00:00:00+00:00,42.06,41.39
2015-04-14 00:00:00+00:00,42.03,41.39
2015-04-15 00:00:00+00:00,42.46,41.68
2015-04-16 00:00:00+00:00,42.34,41.82
2015-04-17 00:00:00+00:00,41.74,41.16
2015-04-20 00:00:00+00:00,43.17,41.68
2015-04-21 00:00:00+00:00,43.15,42.53
2015-04-22 00:00:00+00:00,43.13,42.55
2015-04-23 00:00:00+00:00,43.61,42.8
2015-04-24 00:00:00+00:00,48.14,45.65
2015-04-27 00:00:00+00:00,48.13,47.22
2015-04-28 00:00:00+00:00,49.21,47.7
2015-04-29 00:00:00+00:00,49.31,48.5
2015-04-30 00:00:00+00:00,49.54,48.6
2015-05-01 00:00:00+00:00,48.875,48.4
2015-05-04 00:00:00+00:00,48.87,48.18
2015-05-05 00:00:00+00:00,48.16,47.31
2015-05-06 00:00:00+00:00,47.77,46.02
2015-05-07 00:00:00+00:00,47.085,46.16
2015-05-08 00:00:00+00:00,47.98,47.52
2015-05-11 00:00:00+00:00,47.91,47.37
2015-05-12 00:00:00+00:00,47.68,46.42
2015-05-13 00:00:00+00:00,48.32,47.57
2015-05-14 00:00:00+00:00,48.82,48.03
2015-05-15 00:00:00+00:00,48.905,48.05
2015-05-18 00:00:00+00:00,48.22,47.61
2015-05-19 00:00:00+00:00,47.81,47.18
2015-05-20 00:00:00+00:00,47.93,47.27
2015-05-21 00:00:00+00:00,47.6,47.005
2015-05-22 00:00:00+00:00,47.35,46.82
2015-05-26 00:00:00+00:00,46.88,46.19
2015-05-27 00:00:00+00:00,47.77,46.62
2015-05-28 00:00:00+00:00,48.02,47.39
2015-05-29 00:00:00+00:00,47.57,46.59
2015-06-01 00:00:00+00:00,47.77,46.62
2015-06-02 00:00:00+00:00,47.35,46.62
2015-06-03 00:00:00+00:00,47.735,46.82
2015-06-04 00:00:00+00:00,47.16,46.2
2015-06-05 00:00:00+00:00,46.52,45.84
2015-06-08 00:00:00+00:00,46.43,45.67
2015-06-09 00:00:00+00:00,45.94,45.46
2015-06-10 00:00:00+00:00,46.83,45.69
2015-06-11 00:00:00+00:00,46.92,46.13
2015-06-12 00:00:00+00:00,46.47,45.9
2015-06-15 00:00:00+00:00,45.65,45.0201
2015-06-16 00:00:00+00:00,46.24,45.3
2015-06-17 00:00:00+00:00,46.07,45.36
2015-06-18 00:00:00+00:00,46.8,46.17
2015-06-19 00:00:00+00:00,46.825,45.99
2015-06-22 00:00:00+00:00,46.72,46.16
2015-06-23 00:00:00+00:00,46.28,45.62
2015-06-24 00:00:00+00:00,46.245,45.55
2015-06-25 00:00:00+00:00,46.06,45.5
2015-06-26 00:00:00+00:00,46.28,45.03
2015-06-29 00:00:00+00:00,45.23,44.36
2015-06-30 00:00:00+00:00,44.72,43.94
2015-07-01 00:00:00+00:00,45.23,44.1
2015-07-02 00:00:00+00:00,44.75,44.06
2015-07-06 00:00:00+00:00,44.48,43.95
2015-07-07 00:00:00+00:00,44.49,43.32
2015-07-08 00:00:00+00:00,44.9,44.03
2015-07-09 00:00:00+00:00,45.22,44.5
2015-07-10 00:00:00+00:00,45.14,44.57
2015-07-13 00:00:00+00:00,45.62,44.9501
2015-07-14 00:00:00+00:00,45.96,45.31
2015-07-15 00:00:00+00:00,45.89,45.43
2015-07-16 00:00:00+00:00,46.69,45.965
2015-07-17 00:00:00+00:00,46.78,46.26
2015-07-20 00:00:00+00:00,47.13,46.44
2015-07-21 00:00:00+00:00,47.33,46.48
2015-07-22 00:00:00+00:00,46.93,45.203
2015-07-23 00:00:00+00:00,46.23,45.1
2015-07-24 00:00:00+00:00,46.32,45.8
2015-07-27 00:00:00+00:00,46.01,45.25
2015-07-28 00:00:00+00:00,45.639,44.79
2015-07-29 00:00:00+00:00,46.78,45.26
2015-07-30 00:00:00+00:00,47.4,45.93
2015-07-31 00:00:00+00:00,47.37,46.5
2015-08-03 00:00:00+00:00,47.0,46.45
2015-08-04 00:00:00+00:00,47.71,46.68
2015-08-05 00:00:00+00:00,48.41,47.54
2015-08-06 00:00:00+00:00,47.77,46.33
2015-08-07 00:00:00+00:00,46.78,46.26
2015-08-10 00:00:00+00:00,47.49,46.84
2015-08-11 00:00:00+00:00,46.94,45.9
2015-08-12 00:00:00+00:00,46.9,45.705
2015-08-13 00:00:00+00:00,47.1,46.49
2015-08-14 00:00:00+00:00,47.1,46.52
2015-08-17 00:00:00+00:00,47.45,46.57
2015-08-18 00:00:00+00:00,47.43,46.7
2015-08-19 00:00:00+00:00,47.08,46.3
2015-08-20 00:00:00+00:00,46.47,45.66
2015-08-21 00:00:00+00:00,45.48,43.07
2015-08-24 00:00:00+00:00,43.31,39.72
2015-08-25 00:00:00+00:00,43.24,40.39
2015-08-26 00:00:00+00:00,42.84,41.06
2015-08-27 00:00:00+00:00,43.95,42.925
2015-08-28 00:00:00+00:00,44.15,43.39
2015-08-31 00:00:00+00:00,43.93,43.1
2015-09-01 00:00:00+00:00,42.59,41.66
2015-09-02 00:00:00+00:00,43.38,41.88
2015-09-03 00:00:00+00:00,43.98,43.28
2015-09-04 00:00:00+00:00,43.04,42.195
2015-09-08 00:00:00+00:00,44.0,43.2
2015-09-09 00:00:00+00:00,44.4,42.91
2015-09-10 00:00:00+00:00,43.79,42.745
2015-09-11 00:00:00+00:00,43.59,42.9399
2015-09-14 00:00:00+00:00,43.44,42.86
2015-09-15 00:00:00+00:00,44.29,43.08
2015-09-16 00:00:00+00:00,44.38,43.84
2015-09-17 00:00:00+00:00,45.0,44.08
2015-09-18 00:00:00+00:00,43.99,43.33
2015-09-21 00:00:00+00:00,44.47,43.6
2015-09-22 00:00:00+00:00,44.05,43.31
2015-09-23 00:00:00+00:00,44.17,43.51
2015-09-24 00:00:00+00:00,44.13,43.27
2015-09-25 00:00:00+00:00,44.73,43.76
2015-09-28 00:00:00+00:00,44.085,43.205
2015-09-29 00:00:00+00:00,43.57,43.05
2015-09-30 00:00:00+00:00,44.3,43.66
2015-10-01 00:00:00+00:00,44.75,43.75
2015-10-02 00:00:00+00:00,45.57,43.92
2015-10-05 00:00:00+00:00,46.89,45.7
2015-10-06 00:00:00+00:00,47.175,46.22
2015-10-07 00:00:00+00:00,47.35,45.95
2015-10-08 00:00:00+00:00,47.515,46.5
2015-10-09 00:00:00+00:00,47.54,46.92
2015-10-12 00:00:00+00:00,47.07,46.5
2015-10-13 00:00:00+00:00,47.1299,46.56
2015-10-14 00:00:00+00:00,47.1,46.53
2015-10-15 00:00:00+00:00,47.03,46.53
2015-10-16 00:00:00+00:00,47.54,46.897
2015-10-19 00:00:00+00:00,47.88,47.02
2015-10-20 00:00:00+00:00,47.81,47.02
2015-10-21 00:00:00+00:00,47.99,47.11
2015-10-22 00:00:00+00:00,48.95,47.09
2015-10-23 00:00:00+00:00,54.07,52.25
2015-10-26 00:00:00+00:00,54.32,52.5
2015-10-27 00:00:00+00:00,54.37,53.58
2015-10-28 00:00:00+00:00,53.98,52.86
2015-10-29 00:00:00+00:00,53.83,53.22
2015-10-30 00:00:00+00:00,53.99,52.62
2015-11-02 00:00:00+00:00,53.36,52.62
2015-11-03 00:00:00+00:00,54.39,52.9
2015-11-04 00:00:00+00:00,54.88,54.06
2015-11-05 00:00:00+00:00,54.7,54.0
2015-11-06 00:00:00+00:00,54.98,53.964
2015-11-09 00:00:00+00:00,54.87,53.56
2015-11-10 00:00:00+00:00,54.13,53.27
2015-11-11 00:00:00+00:00,54.2,53.46
2015-11-12 00:00:00+00:00,53.9791,53.19
2015-11-13 00:00:00+00:00,53.29,52.53
2015-11-16 00:00:00+00:00,53.89,52.85
2015-11-17 00:00:00+00:00,53.53,52.85
2015-11-18 00:00:00+00:00,53.98,52.9799
2015-11-19 00:00:00+00:00,54.66,53.781
2015-11-20 00:00:00+00:00,54.3,53.265
2015-11-23 00:00:00+00:00,54.46,53.75
2015-11-24 00:00:00+00:00,54.44,53.58
2015-11-25 00:00:00+00:00,54.23,53.69
2015-11-27 00:00:00+00:00,54.08,53.79
2015-11-30 00:00:00+00:00,54.96,53.9999
2015-12-01 00:00:00+00:00,55.23,54.3
2015-12-02 00:00:00+00:00,55.96,55.06
2015-12-03 00:00:00+00:00,55.77,53.93
2015-12-04 00:00:00+00:00,56.23,54.1
2015-12-07 00:00:00+00:00,55.97,55.29
2015-12-08 00:00:00+00:00,56.1,54.99
2015-12-09 00:00:00+00:00,55.87,54.51
2015-12-10 00:00:00+00:00,55.655,55.01
2015-12-11 00:00:00+00:00,55.1,54.01
2015-12-14 00:00:00+00:00,55.21,53.68
2015-12-15 00:00:00+00:00,55.9,55.09
2015-12-16 00:00:00+00:00,56.245,54.76
2015-12-17 00:00:00+00:00,56.79,55.5348
2015-12-18 00:00:00+00:00,56.0,54.03
2015-12-21 00:00:00+00:00,55.35,54.2262
2015-12-22 00:00:00+00:00,55.48,54.5
2015-12-23 00:00:00+00:00,55.88,55.44
2015-12-24 00:00:00+00:00,55.96,55.43
2015-12-28 00:00:00+00:00,55.95,54.98
2015-12-29 00:00:00+00:00,56.85,56.06
2015-12-30 00:00:00+00:00,56.78,56.2875
2015-12-31 00:00:00+00:00,56.19,55.42
2016-01-04 00:00:00+00:00,54.8,53.39
2016-01-05 00:00:00+00:00,55.39,54.54
2016-01-06 00:00:00+00:00,54.4001,53.64
2016-01-07 00:00:00+00:00,53.485,52.07
2016-01-08 00:00:00+00:00,53.28,52.15
2016-01-11 00:00:00+00:00,52.85,51.46
2016-01-12 00:00:00+00:00,53.1,52.06
2016-01-13 00:00:00+00:00,54.07,51.3038
2016-01-14 00:00:00+00:00,53.4163,51.57
2016-01-15 00:00:00+00:00,51.97,50.34
2016-01-19 00:00:00+00:00,51.68,50.06
2016-01-20 00:00:00+00:00,51.38,49.1
2016-01-21 00:00:00+00:00,51.58,50.3
2016-01-22 00:00:00+00:00,52.33,51.26
2016-01-25 00:00:00+00:00,52.65,51.65
2016-01-26 00:00:00+00:00,52.44,51.55
2016-01-27 00:00:00+00:00,52.2,51.0201
2016-01-28 00:00:00+00:00,52.21,51.25
2016-01-29 00:00:00+00:00,55.09,54.0
2016-02-01 00:00:00+00:00,55.09,54.495
2016-02-02 00:00:00+00:00,54.26,52.65
2016-02-03 00:00:00+00:00,53.39,51.26
2016-02-04 00:00:00+00:00,52.81,51.37
2016-02-05 00:00:00+00:00,52.0,49.56
2016-02-08 00:00:00+00:00,49.57,48.19
2016-02-09 00:00:00+00:00,50.24,48.67
2016-02-10 00:00:00+00:00,50.39,49.52
2016-02-11 00:00:00+00:00,50.11,48.51
2016-02-12 00:00:00+00:00,50.68,49.75
2016-02-16 00:00:00+00:00,51.09,50.13
2016-02-17 00:00:00+00:00,52.77,51.45
2016-02-18 00:00:00+00:00,52.95,52.1
2016-02-19 00:00:00+00:00,52.28,51.53
2016-02-22 00:00:00+00:00,53.0,52.28
2016-02-23 00:00:00+00:00,52.37,50.98
2016-02-24 00:00:00+00:00,51.5,50.2
2016-02-25 00:00:00+00:00,52.1,50.61
2016-02-26 00:00:00+00:00,52.68,51.1
2016-02-29 00:00:00+00:00,51.65,50.66
2016-03-01 00:00:00+00:00,52.59,50.9199
2016-03-02 00:00:00+00:00,52.96,52.155
2016-03-03 00:00:00+00:00,52.97,51.78
2016-03-04 00:00:00+00:00,52.45,51.71
2016-03-07 00:00:00+00:00,51.8,50.58
2016-03-08 00:00:00+00:00,52.13,50.595
2016-03-09 00:00:00+00:00,52.85,51.855
2016-03-10 00:00:00+00:00,52.94,51.16
2016-03-11 00:00:00+00:00,53.07,52.38
2016-03-14 00:00:00+00:00,53.59,52.63
2016-03-15 00:00:00+00:00,53.59,52.74
2016-03-16 00:00:00+00:00,54.6,53.4
2016-03-17 00:00:00+00:00,55.0,54.0
2016-03-18 00:00:00+00:00,54.97,53.445
2016-03-21 00:00:00+00:00,53.9298,52.93
2016-03-22 00:00:00+00:00,54.25,53.46
2016-03-23 00:00:00+00:00,54.24,53.74
2016-03-24 00:00:00+00:00,54.33,53.73
2016-03-28 00:00:00+00:00,54.29,53.33
2016-03-29 00:00:00+00:00,54.86,53.45
2016-03-30 00:00:00+00:00,55.64,54.9
2016-03-31 00:00:00+00:00,55.59,54.86
2016-04-01 00:00:00+00:00,55.61,54.57
2016-04-04 00:00:00+00:00,55.66,55.0
2016-04-05 00:00:00+00:00,55.3,54.46
2016-04-06 00:00:00+00:00,55.2,54.21
2016-04-07 00:00:00+00:00,54.91,54.23
2016-04-08 00:00:00+00:00,55.28,54.32
2016-04-11 00:00:00+00:00,55.15,54.3
2016-04-12 00:00:00+00:00,54.78,53.76
2016-04-13 00:00:00+00:00,55.4375,54.89
2016-04-14 00:00:00+00:00,55.575,55.07
2016-04-15 00:00:00+00:00,55.92,55.11
2016-04-18 00:00:00+00:00,56.59,55.21
2016-04-19 00:00:00+00:00,56.77,55.68
2016-04-20 00:00:00+00:00,56.5,55.485
2016-04-21 00:00:00+00:00,56.23,55.415
2016-04-22 00:00:00+00:00,52.4297,50.77
2016-04-25 00:00:00+00:00,52.13,51.63
2016-04-26 00:00:00+00:00,52.35,51.09
2016-04-27 00:00:00+00:00,51.5,50.55
2016-04-28 00:00:00+00:00,50.77,49.56
2016-04-29 00:00:00+00:00,50.25,49.35
2016-05-02 00:00:00+00:00,50.75,49.7799
2016-05-03 00:00:00+00:00,50.41,49.6
2016-05-04 00:00:00+00:00,50.06,49.46
2016-05-05 00:00:00+00:00,50.3,49.73
2016-05-06 00:00:00+00:00,50.39,49.66
2016-05-09 00:00:00+00:00,50.585,50.0
2016-05-10 00:00:00+00:00,51.1,50.19
2016-05-11 00:00:00+00:00,51.78,51.0
2016-05-12 00:00:00+00:00,51.81,50.92
2016-05-13 00:00:00+00:00,51.895,51.04
2016-05-16 00:00:00+00:00,51.96,50.75
2016-05-17 00:00:00+00:00,51.73,50.36
2016-05-18 00:00:00+00:00,51.14,50.3
2016-05-19 00:00:00+00:00,50.62,49.82
2016-05-20 00:00:00+00:00,51.22,50.4
2016-05-23 00:00:00+00:00,50.68,49.98
2016-05-24 00:00:00+00:00,51.71,50.4
2016-05-25 00:00:00+00:00,52.49,51.79
2016-05-26 00:00:00+00:00,51.9793,51.36
2016-05-27 00:00:00+00:00,52.32,51.77
2016-05-31 00:00:00+00:00,53.0,52.08
2016-06-01 00:00:00+00:00,52.95,52.44
2016-06-02 00:00:00+00:00,52.74,51.835
2016-06-03 00:00:00+00:00,52.42,51.6
2016-06-06 00:00:00+00:00,52.35,51.89
2016-06-07 00:00:00+00:00,52.73,52.1
2016-06-08 00:00:00+00:00,52.44,51.87
2016-06-09 00:00:00+00:00,52.0,51.49
2016-06-10 00:00:00+00:00,52.05,51.04
2016-06-13 00:00:00+00:00,50.715,49.06
2016-06-14 00:00:00+00:00,50.1,49.57
2016-06-15 00:00:00+00:00,50.12,49.69
2016-06-16 00:00:00+00:00,50.47,49.5068
2016-06-17 00:00:00+00:00,50.43,49.82
2016-06-20 00:00:00+00:00,50.83,50.03
2016-06-21 00:00:00+00:00,51.43,50.16
2016-06-22 00:00:00+00:00,51.46,50.9525
2016-06-23 00:00:00+00:00,52.06,51.15
2016-06-24 00:00:00+00:00,50.94,49.52
2016-06-27 00:00:00+00:00,49.1466,48.035
2016-06-28 00:00:00+00:00,49.47,48.67
2016-06-29 00:00:00+00:00,50.72,49.8
2016-06-30 00:00:00+00:00,51.3,50.5
2016-07-01 00:00:00+00:00,51.72,51.07
2016-07-05 00:00:00+00:00,51.28,50.74
2016-07-06 00:00:00+00:00,51.54,50.39
2016-07-07 00:00:00+00:00,51.61,51.07
2016-07-08 00:00:00+00:00,52.36,51.55
2016-07-11 00:00:00+00:00,52.83,52.47
2016-07-12 00:00:00+00:00,53.4,52.785
2016-07-13 00:00:00+00:00,53.86,53.18
2016-07-14 00:00:00+00:00,53.99,53.58
2016-07-15 00:00:00+00:00,54.0,53.21
2016-07-18 00:00:00+00:00,54.34,53.55
2016-07-19 00:00:00+00:00,53.9,52.93
2016-07-20 00:00:00+00:00,56.84,55.53
2016-07-21 00:00:00+00:00,56.23,55.76
2016-07-22 00:00:00+00:00,56.6275,55.78
2016-07-25 00:00:00+00:00,56.74,56.255
2016-07-26 00:00:00+00:00,57.29,56.51
2016-07-27 00:00:00+00:00,56.8,56.11
2016-07-28 00:00:00+00:00,56.37,55.72
2016-07-29 00:00:00+00:00,56.76,56.05
2016-08-01 00:00:00+00:00,56.75,56.14
2016-08-02 00:00:00+00:00,56.9,56.31
2016-08-03 00:00:00+00:00,57.11,56.49
2016-08-04 00:00:00+00:00,57.5193,56.67
2016-08-05 00:00:00+00:00,58.21,57.45
2016-08-08 00:00:00+00:00,58.085,57.78
2016-08-09 00:00:00+00:00,58.5,58.02
2016-08-10 00:00:00+00:00,58.32,57.82
2016-08-11 00:00:00+00:00,58.45,58.03
2016-08-12 00:00:00+00:00,58.19,57.62
2016-08-15 00:00:00+00:00,58.5,57.96
2016-08-16 00:00:00+00:00,57.62,57.27
2016-08-17 00:00:00+00:00,57.68,57.23
2016-08-18 00:00:00+00:00,57.7,57.27
2016-08-19 00:00:00+00:00,57.73,57.2
2016-08-22 00:00:00+00:00,57.75,57.26
2016-08-23 00:00:00+00:00,58.18,57.85
2016-08-24 00:00:00+00:00,58.04,57.715
2016-08-25 00:00:00+00:00,58.29,57.78
2016-08-26 00:00:00+00:00,58.7,57.69
2016-08-29 00:00:00+00:00,58.6,58.1
2016-08-30 00:00:00+00:00,58.19,57.61
2016-08-31 00:00:00+00:00,57.8,57.3
2016-09-01 00:00:00+00:00,57.82,57.01
2016-09-02 00:00:00+00:00,58.19,57.42
2016-09-06 00:00:00+00:00,57.8,57.21
2016-09-07 00:00:00+00:00,57.84,57.405
2016-09-08 00:00:00+00:00,57.79,57.18
2016-09-09 00:00:00+00:00,57.52,56.21
2016-09-12 00:00:00+00:00,57.205,55.61
2016-09-13 00:00:00+00:00,56.65,56.05
2016-09-14 00:00:00+00:00,56.63,56.03
2016-09-15 00:00:00+00:00,57.35,55.98
2016-09-16 00:00:00+00:00,57.63,56.75
2016-09-19 00:00:00+00:00,57.75,56.85
2016-09-20 00:00:00+00:00,57.35,56.75
2016-09-21 00:00:00+00:00,57.85,57.08
2016-09-22 00:00:00+00:00,58.0,57.63
2016-09-23 00:00:00+00:00,57.91,57.38
2016-09-26 00:00:00+00:00,57.14,56.83
2016-09-27 00:00:00+00:00,58.06,56.681
2016-09-28 00:00:00+00:00,58.06,57.67
2016-09-29 00:00:00+00:00,58.1679,57.21
2016-09-30 00:00:00+00:00,57.77,57.34
2016-10-03 00:00:00+00:00,57.55,57.06
2016-10-04 00:00:00+00:00,57.595,56.97
2016-10-05 00:00:00+00:00,57.9601,57.26
2016-10-06 00:00:00+00:00,57.86,57.28
2016-10-07 00:00:00+00:00,57.98,57.42
2016-10-10 00:00:00+00:00,58.39,57.87
2016-10-11 00:00:00+00:00,58.02,56.89
2016-10-12 00:00:00+00:00,57.27,56.4
2016-10-13 00:00:00+00:00,57.3,56.315
2016-10-14 00:00:00+00:00,57.74,57.12
2016-10-17 00:00:00+00:00,57.46,56.87
2016-10-18 00:00:00+00:00,57.945,57.41
2016-10-19 00:00:00+00:00,57.84,57.395
2016-10-20 00:00:00+00:00,57.52,56.66
2016-10-21 00:00:00+00:00,60.45,59.485
2016-10-24 00:00:00+00:00,61.0,59.93
2016-10-25 00:00:00+00:00,61.3699,60.8
2016-10-26 00:00:00+00:00,61.2,60.47
2016-10-27 00:00:00+00:00,60.83,60.09
2016-10-28 00:00:00+00:00,60.52,59.58
2016-10-31 00:00:00+00:00,60.42,59.92
2016-11-01 00:00:00+00:00,60.02,59.25
2016-11-02 00:00:00+00:00,59.93,59.3
2016-11-03 00:00:00+00:00,59.64,59.11
2016-11-04 00:00:00+00:00,59.28,58.52
2016-11-07 00:00:00+00:00,60.52,59.78
2016-11-08 00:00:00+00:00,60.78,60.15
2016-11-09 00:00:00+00:00,60.59,59.2
2016-11-10 00:00:00+00:00,60.49,57.6302
2016-11-11 00:00:00+00:00,59.116,58.01
2016-11-14 00:00:00+00:00,59.08,57.28
2016-11-15 00:00:00+00:00,59.49,58.315
2016-11-16 00:00:00+00:00,59.66,58.81
2016-11-17 00:00:00+00:00,60.95,59.965
2016-11-18 00:00:00+00:00,61.14,60.3
2016-11-21 00:00:00+00:00,60.97,60.42
2016-11-22 00:00:00+00:00,61.26,60.805
2016-11-23 00:00:00+00:00,61.1,60.25
2016-11-25 00:00:00+00:00,60.53,60.13
2016-11-28 00:00:00+00:00,61.02,60.21
2016-11-29 00:00:00+00:00,61.41,60.52
2016-11-30 00:00:00+00:00,61.18,60.215
2016-12-01 00:00:00+00:00,60.15,58.935
2016-12-02 00:00:00+00:00,59.47,58.8
2016-12-05 00:00:00+00:00,60.585,59.56
2016-12-06 00:00:00+00:00,60.46,59.8
2016-12-07 00:00:00+00:00,61.38,59.8
2016-12-08 00:00:00+00:00,61.58,60.84
2016-12-09 00:00:00+00:00,61.99,61.125
2016-12-12 00:00:00+00:00,62.3,61.72
2016-12-13 00:00:00+00:00,63.42,62.24
2016-12-14 00:00:00+00:00,63.45,62.53
2016-12-15 00:00:00+00:00,63.1535,62.3
2016-12-16 00:00:00+00:00,62.95,62.115
2016-12-19 00:00:00+00:00,63.77,62.42
2016-12-20 00:00:00+00:00,63.8,63.025
2016-12-21 00:00:00+00:00,63.7,63.12
2016-12-22 00:00:00+00:00,64.1,63.405
2016-12-23 00:00:00+00:00,63.54,62.8
2016-12-27 00:00:00+00:00,64.07,63.21
2016-12-28 00:00:00+00:00,63.4,62.83
2016-12-29 00:00:00+00:00,63.2,62.73
2016-12-30 00:00:00+00:00,62.99,62.03
2017-01-03 00:00:00+00:00,62.84,62.125
2017-01-04 00:00:00+00:00,62.75,62.12
2017-01-05 00:00:00+00:00,62.66,62.03
2017-01-06 00:00:00+00:00,63.15,62.04
2017-01-09 00:00:00+00:00,63.08,62.54
2017-01-10 00:00:00+00:00,63.07,62.28
2017-01-11 00:00:00+00:00,63.23,62.43
2017-01-12 00:00:00+00:00,63.4,61.95
2017-01-13 00:00:00+00:00,62.865,62.35
2017-01-17 00:00:00+00:00,62.7,62.03
2017-01-18 00:00:00+00:00,62.7,62.12
2017-01-19 00:00:00+00:00,62.98,62.195
2017-01-20 00:00:00+00:00,62.82,62.37
2017-01-23 00:00:00+00:00,63.1159,62.57
2017-01-24 00:00:00+00:00,63.735,62.94
2017-01-25 00:00:00+00:00,64.1,63.45
2017-01-26 00:00:00+00:00,64.535,63.55
2017-01-27 00:00:00+00:00,65.91,64.89
2017-01-30 00:00:00+00:00,65.79,64.8
2017-01-31 00:00:00+00:00,65.15,64.26
2017-02-01 00:00:00+00:00,64.62,63.47
2017-02-02 00:00:00+00:00,63.41,62.75
2017-02-03 00:00:00+00:00,63.7,63.07
2017-02-06 00:00:00+00:00,63.65,63.14
2017-02-07 00:00:00+00:00,63.78,63.23
2017-02-08 00:00:00+00:00,63.81,63.22
2017-02-09 00:00:00+00:00,64.435,63.32
2017-02-10 00:00:00+00:00,64.3,63.975
2017-02-13 00:00:00+00:00,64.86,64.13
2017-02-14 00:00:00+00:00,64.72,64.02
2017-02-15 00:00:00+00:00,64.57,64.155
2017-02-16 00:00:00+00:00,65.24,64.44
2017-02-17 00:00:00+00:00,64.69,64.3
2017-02-21 00:00:00+00:00,64.95,64.45
2017-02-22 00:00:00+00:00,64.39,64.05
2017-02-23 00:00:00+00:00,64.7285,64.195
2017-02-24 00:00:00+00:00,64.8,64.135
2017-02-27 00:00:00+00:00,64.54,64.045
2017-02-28 00:00:00+00:00,64.2,63.76
2017-03-01 00:00:00+00:00,64.99,64.0218
2017-03-02 00:00:00+00:00,64.75,63.88
2017-03-03 00:00:00+00:00,64.28,63.62
2017-03-06 00:00:00+00:00,64.56,63.81
2017-03-07 00:00:00+00:00,64.775,64.19
2017-03-08 00:00:00+00:00,65.085,64.25
2017-03-09 00:00:00+00:00,65.2,64.48
2017-03-10 00:00:00+00:00,65.26,64.75
2017-03-13 00:00:00+00:00,65.195,64.57
2017-03-14 00:00:00+00:00,64.55,64.15
2017-03-15 00:00:00+00:00,64.92,64.25
2017-03-16 00:00:00+00:00,64.76,64.3
2017-03-17 00:00:00+00:00,65.24,64.68
2017-03-20 00:00:00+00:00,65.175,64.72
2017-03-21 00:00:00+00:00,65.5,64.13
2017-03-22 00:00:00+00:00,65.14,64.12
2017-03-23 00:00:00+00:00,65.235,64.765
2017-03-24 00:00:00+00:00,65.45,64.76
2017-03-27 00:00:00+00:00,65.22,64.35
2017-03-28 00:00:00+00:00,65.47,64.65
2017-03-29 00:00:00+00:00,65.5,64.9475
2017-03-30 00:00:00+00:00,65.98,65.36
2017-03-31 00:00:00+00:00,66.19,65.45
2017-04-03 00:00:00+00:00,65.94,65.19
2017-04-04 00:00:00+00:00,65.81,65.28
2017-04-05 00:00:00+00:00,66.35,65.4443
2017-04-06 00:00:00+00:00,66.055,65.48
2017-04-07 00:00:00+00:00,65.96,65.44
2017-04-10 00:00:00+00:00,65.82,65.36
2017-04-11 00:00:00+00:00,65.61,64.85
2017-04-12 00:00:00+00:00,65.51,65.11
2017-04-13 00:00:00+00:00,65.86,64.95
2017-04-17 00:00:00+00:00,65.49,65.01
2017-04-18 00:00:00+00:00,65.71,65.16
2017-04-19 00:00:00+00:00,65.75,64.89
2017-04-20 00:00:00+00:00,65.75,65.14
2017-04-21 00:00:00+00:00,66.7,65.45
2017-04-24 00:00:00+00:00,67.66,67.1
2017-04-25 00:00:00+00:00,68.04,67.6
2017-04-26 00:00:00+00:00,68.31,67.62
2017-04-27 00:00:00+00:00,68.38,67.58
2017-04-28 00:00:00+00:00,69.14,67.69
2017-05-01 00:00:00+00:00,69.55,68.5
2017-05-02 00:00:00+00:00,69.71,69.13
2017-05-03 00:00:00+00:00,69.38,68.71
2017-05-04 00:00:00+00:00,69.08,68.64
2017-05-05 00:00:00+00:00,69.03,68.485
2017-05-08 00:00:00+00:00,69.05,68.42
2017-05-09 00:00:00+00:00,69.28,68.68
2017-05-10 00:00:00+00:00,69.56,68.92
2017-05-11 00:00:00+00:00,68.73,68.12
2017-05-12 00:00:00+00:00,68.61,68.04
2017-05-15 00:00:00+00:00,68.48,67.57
2017-05-16 00:00:00+00:00,69.44,68.16
2017-05-17 00:00:00+00:00,69.1,67.43
2017-05-18 00:00:00+00:00,68.13,67.14
2017-05-19 00:00:00+00:00,68.095,67.43
2017-05-22 00:00:00+00:00,68.5,67.5
2017-05-23 00:00:00+00:00,68.75,68.38
2017-05-24 00:00:00+00:00,68.88,68.45
2017-05-25 00:00:00+00:00,69.88,68.91
2017-05-26 00:00:00+00:00,70.22,69.52
2017-05-30 00:00:00+00:00,70.41,69.77
2017-05-31 00:00:00+00:00,70.74,69.81
2017-06-01 00:00:00+00:00,70.61,69.451
2017-06-02 00:00:00+00:00,71.86,70.24
2017-06-05 00:00:00+00:00,72.89,71.81
2017-06-06 00:00:00+00:00,72.62,72.27
2017-06-07 00:00:00+00:00,72.77,71.95
2017-06-08 00:00:00+00:00,72.52,71.5
2017-06-09 00:00:00+00:00,72.08,68.59
2017-06-12 00:00:00+00:00,69.94,68.13
2017-06-13 00:00:00+00:00,70.82,69.96
2017-06-14 00:00:00+00:00,71.1,69.43
2017-06-15 00:00:00+00:00,70.21,68.8
2017-06-16 00:00:00+00:00,70.0252,69.22
2017-06-19 00:00:00+00:00,70.945,70.35
2017-06-20 00:00:00+00:00,70.87,69.87
2017-06-21 00:00:00+00:00,70.62,69.94
2017-06-22 00:00:00+00:00,70.59,69.71
2017-06-23 00:00:00+00:00,71.25,69.92
2017-06-26 00:00:00+00:00,71.71,70.445
2017-06-27 00:00:00+00:00,70.18,69.18
2017-06-28 00:00:00+00:00,69.841,68.79
2017-06-29 00:00:00+00:00,69.49,68.09
2017-06-30 00:00:00+00:00,69.38,68.74
2017-07-03 00:00:00+00:00,69.6,68.02
2017-07-05 00:00:00+00:00,69.44,68.22
2017-07-06 00:00:00+00:00,68.78,68.12
2017-07-07 00:00:00+00:00,69.84,68.7
2017-07-10 00:00:00+00:00,70.25,69.2
2017-07-11 00:00:00+00:00,70.68,69.75
2017-07-12 00:00:00+00:00,71.28,70.55
2017-07-13 00:00:00+00:00,72.0399,71.31
2017-07-14 00:00:00+00:00,73.27,71.96
2017-07-17 00:00:00+00:00,73.45,72.72
2017-07-18 00:00:00+00:00,73.39,72.66
2017-07-19 00:00:00+00:00,74.04,73.45
2017-07-20 00:00:00+00:00,74.3,73.28
2017-07-21 00:00:00+00:00,74.29,73.17
2017-07-24 00:00:00+00:00,73.75,73.13
2017-07-25 00:00:00+00:00,74.31,73.5
2017-07-26 00:00:00+00:00,74.38,73.81
2017-07-27 00:00:00+00:00,74.42,72.32
2017-07-28 00:00:00+00:00,73.31,72.54
2017-07-31 00:00:00+00:00,73.44,72.41
2017-08-01 00:00:00+00:00,73.42,72.49
2017-08-02 00:00:00+00:00,72.56,71.445
2017-08-03 00:00:00+00:00,72.44,71.845
2017-08-04 00:00:00+00:00,73.04,72.24
2017-08-07 00:00:00+00:00,72.9,72.26
2017-08-08 00:00:00+00:00,73.13,71.75
2017-08-09 00:00:00+00:00,72.51,72.05
2017-08-10 00:00:00+00:00,72.19,71.35
2017-08-11 00:00:00+00:00,72.7,71.28
2017-08-14 00:00:00+00:00,73.72,72.95
2017-08-15 00:00:00+00:00,73.59,73.04
2017-08-16 00:00:00+00:00,74.1,73.17
2017-08-17 00:00:00+00:00,73.87,72.4
2017-08-18 00:00:00+00:00,72.84,71.93
2017-08-21 00:00:00+00:00,72.48,71.7
2017-08-22 00:00:00+00:00,73.24,72.35
2017-08-23 00:00:00+00:00,73.15,72.53
2017-08-24 00:00:00+00:00,72.86,72.07
2017-08-25 00:00:00+00:00,73.35,72.48
2017-08-28 00:00:00+00:00,73.09,72.55
2017-08-29 00:00:00+00:00,73.16,72.05
2017-08-30 00:00:00+00:00,74.2099,72.8293
2017-08-31 00:00:00+00:00,74.96,73.8
2017-09-01 00:00:00+00:00,74.74,73.64
2017-09-05 00:00:00+00:00,73.89,72.98
2017-09-06 00:00:00+00:00,74.04,73.35
2017-09-07 00:00:00+00:00,74.6,73.6
2017-09-08 00:00:00+00:00,74.44,73.84
2017-09-11 00:00:00+00:00,74.945,74.31
2017-09-12 00:00:00+00:00,75.24,74.37
2017-09-13 00:00:00+00:00,75.23,74.55
2017-09-14 00:00:00+00:00,75.49,74.52
2017-09-15 00:00:00+00:00,75.39,74.07
2017-09-18 00:00:00+00:00,75.97,75.04
2017-09-19 00:00:00+00:00,75.71,75.01
2017-09-20 00:00:00+00:00,75.55,74.31
2017-09-21 00:00:00+00:00,75.24,74.11
2017-09-22 00:00:00+00:00,74.51,73.85
2017-09-25 00:00:00+00:00,74.25,72.92
2017-09-26 00:00:00+00:00,73.81,72.99
2017-09-27 00:00:00+00:00,74.17,73.17
2017-09-28 00:00:00+00:00,73.97,73.31
2017-09-29 00:00:00+00:00,74.535,73.88
2017-10-02 00:00:00+00:00,75.01,74.295
2017-10-03 00:00:00+00:00,74.88,74.195
2017-10-04 00:00:00+00:00,74.72,73.71
2017-10-05 00:00:00+00:00,76.12,74.96
2017-10-06 00:00:00+00:00,76.03,75.54
2017-10-09 00:00:00+00:00,76.55,75.86
2017-10-10 00:00:00+00:00,76.63,76.14
2017-10-11 00:00:00+00:00,76.46,75.95
2017-10-12 00:00:00+00:00,77.29,76.37
2017-10-13 00:00:00+00:00,77.87,77.29
2017-10-16 00:00:00+00:00,77.81,77.35
2017-10-17 00:00:00+00:00,77.62,77.25
2017-10-18 00:00:00+00:00,77.85,77.37
2017-10-19 00:00:00+00:00,77.93,77.35
2017-10-20 00:00:00+00:00,78.97,78.22
2017-10-23 00:00:00+00:00,79.34,78.76
2017-10-24 00:00:00+00:00,79.2,78.46
2017-10-25 00:00:00+00:00,79.1,78.01
2017-10-26 00:00:00+00:00,79.42,78.75
2017-10-27 00:00:00+00:00,86.2,83.61
2017-10-30 00:00:00+00:00,84.325,83.105
2017-10-31 00:00:00+00:00,84.36,83.11
2017-11-01 00:00:00+00:00,83.76,82.88
2017-11-02 00:00:00+00:00,84.46,83.12
2017-11-03 00:00:00+00:00,84.54,83.4
2017-11-06 00:00:00+00:00,84.7,84.0825
2017-11-07 00:00:00+00:00,84.9,83.93
2017-11-08 00:00:00+00:00,84.61,83.83
2017-11-09 00:00:00+00:00,84.27,82.9
2017-11-10 00:00:00+00:00,84.095,83.23
2017-11-13 00:00:00+00:00,83.94,83.46
2017-11-14 00:00:00+00:00,84.1,82.98
2017-11-15 00:00:00+00:00,83.69,82.69
2017-11-16 00:00:00+00:00,83.42,82.94
2017-11-17 00:00:00+00:00,83.12,82.24
2017-11-20 00:00:00+00:00,82.59,82.25
2017-11-21 00:00:00+00:00,83.84,82.74
2017-11-22 00:00:00+00:00,83.9,83.04
2017-11-24 00:00:00+00:00,83.43,82.78
2017-11-27 00:00:00+00:00,83.98,83.3
2017-11-28 00:00:00+00:00,85.06,84.02
2017-11-29 00:00:00+00:00,84.92,83.18
2017-11-30 00:00:00+00:00,84.52,83.34
2017-12-01 00:00:00+00:00,84.81,83.22
2017-12-04 00:00:00+00:00,84.4299,80.7
2017-12-05 00:00:00+00:00,82.68,80.9801
2017-12-06 00:00:00+00:00,83.14,81.43
2017-12-07 00:00:00+00:00,82.8,82.0
2017-12-08 00:00:00+00:00,84.58,83.33
2017-12-11 00:00:00+00:00,85.37,84.12
2017-12-12 00:00:00+00:00,86.05,85.08
2017-12-13 00:00:00+00:00,86.0,85.17
2017-12-14 00:00:00+00:00,85.8739,84.53
2017-12-15 00:00:00+00:00,87.09,84.88
2017-12-18 00:00:00+00:00,87.4999,86.23
2017-12-19 00:00:00+00:00,86.35,85.27
2017-12-20 00:00:00+00:00,86.3,84.71
2017-12-21 00:00:00+00:00,86.1,85.4
2017-12-22 00:00:00+00:00,85.63,84.92
2017-12-26 00:00:00+00:00,85.53,85.03
2017-12-27 00:00:00+00:00,85.98,85.22
2017-12-28 00:00:00+00:00,85.93,85.55
2017-12-29 00:00:00+00:00,86.05,85.5
2018-01-02 00:00:00+00:00,86.31,85.5
2018-01-03 00:00:00+00:00,86.51,85.97
2018-01-04 00:00:00+00:00,87.66,86.57
2018-01-05 00:00:00+00:00,88.41,87.43
2018-01-08 00:00:00+00:00,88.58,87.6
2018-01-09 00:00:00+00:00,88.73,87.86
2018-01-10 00:00:00+00:00,88.19,87.41
2018-01-11 00:00:00+00:00,88.13,87.24
2018-01-12 00:00:00+00:00,89.78,88.45
2018-01-16 00:00:00+00:00,90.79,88.01
2018-01-17 00:00:00+00:00,90.28,88.75
2018-01-18 00:00:00+00:00,90.67,89.66
2018-01-19 00:00:00+00:00,90.61,89.66
2018-01-22 00:00:00+00:00,91.62,89.74
2018-01-23 00:00:00+00:00,92.3,91.54
2018-01-24 00:00:00+00:00,93.43,91.58
2018-01-25 00:00:00+00:00,93.24,91.93
2018-01-26 00:00:00+00:00,94.06,92.58
2018-01-29 00:00:00+00:00,95.45,93.72
2018-01-30 00:00:00+00:00,93.66,92.1
2018-01-31 00:00:00+00:00,95.4,93.51
2018-02-01 00:00:00+00:00,96.07,93.58
2018-02-02 00:00:00+00:00,93.97,91.5
2018-02-05 00:00:00+00:00,93.24,88.0
2018-02-06 00:00:00+00:00,91.48,85.25
2018-02-07 00:00:00+00:00,91.77,89.2
2018-02-08 00:00:00+00:00,89.88,84.76
2018-02-09 00:00:00+00:00,88.93,83.83
2018-02-12 00:00:00+00:00,89.78,87.93
2018-02-13 00:00:00+00:00,90.0,87.8
2018-02-14 00:00:00+00:00,90.99,88.41
2018-02-15 00:00:00+00:00,92.72,90.62
2018-02-16 00:00:00+00:00,93.5,91.8
2018-02-20 00:00:00+00:00,93.06,91.01
2018-02-21 00:00:00+00:00,93.36,91.49
2018-02-22 00:00:00+00:00,92.73,91.36
2018-02-23 00:00:00+00:00,94.07,92.36
2018-02-26 00:00:00+00:00,95.45,94.25
2018-02-27 00:00:00+00:00,95.84,94.2
2018-02-28 00:00:00+00:00,95.71,93.63
2018-03-01 00:00:00+00:00,94.57,91.84
2018-03-02 00:00:00+00:00,93.15,90.86
2018-03-05 00:00:00+00:00,94.27,92.26
2018-03-06 00:00:00+00:00,94.49,92.94
2018-03-07 00:00:00+00:00,93.94,92.43
2018-03-08 00:00:00+00:00,95.1,93.77
2018-03-09 00:00:00+00:00,96.54,95.0
2018-03-12 00:00:00+00:00,97.21,96.04
2018-03-13 00:00:00+00:00,97.24,93.97
2018-03-14 00:00:00+00:00,95.41,93.5
2018-03-15 00:00:00+00:00,94.58,92.83
2018-03-16 00:00:00+00:00,95.38,93.92
2018-03-19 00:00:00+00:00,93.9,92.11
2018-03-20 00:00:00+00:00,93.77,93.0
2018-03-21 00:00:00+00:00,94.05,92.21
2018-03-22 00:00:00+00:00,91.75,89.66
2018-03-23 00:00:00+00:00,90.46,87.08
2018-03-26 00:00:00+00:00,94.0,90.4
2018-03-27 00:00:00+00:00,95.14,88.51
2018-03-28 00:00:00+00:00,91.23,88.87
2018-03-29 00:00:00+00:00,92.29,88.4
2018-04-02 00:00:00+00:00,90.88,87.51
2018-04-03 00:00:00+00:00,90.05,87.89
2018-04-04 00:00:00+00:00,92.76,87.73
2018-04-05 00:00:00+00:00,93.07,91.4
2018-04-06 00:00:00+00:00,92.46,89.48
2018-04-09 00:00:00+00:00,93.17,90.62
2018-04-10 00:00:00+00:00,93.28,91.64
2018-04-11 00:00:00+00:00,93.29,91.48
2018-04-12 00:00:00+00:00,94.16,92.43
2018-04-13 00:00:00+00:00,94.18,92.44
2018-04-16 00:00:00+00:00,94.66,93.42
2018-04-17 00:00:00+00:00,96.54,94.88
2018-04-18 00:00:00+00:00,96.72,95.52
2018-04-19 00:00:00+00:00,97.07,95.34
2018-04-20 00:00:00+00:00,96.11,94.05
2018-04-23 00:00:00+00:00,96.29,94.63
2018-04-24 00:00:00+00:00,96.47,92.41
2018-04-25 00:00:00+00:00,93.3,90.28
2018-04-26 00:00:00+00:00,95.15,93.1
2018-04-27 00:00:00+00:00,97.9,93.91
2018-04-30 00:00:00+00:00,96.4,93.15
2018-05-01 00:00:00+00:00,95.29,92.79
2018-05-02 00:00:00+00:00,95.17,93.19
2018-05-03 00:00:00+00:00,94.93,92.45
2018-05-04 00:00:00+00:00,95.37,92.92
2018-05-07 00:00:00+00:00,96.71,95.1
2018-05-08 00:00:00+00:00,96.16,95.06
2018-05-09 00:00:00+00:00,96.97,95.05
2018-05-10 00:00:00+00:00,97.95,97.05
2018-05-11 00:00:00+00:00,97.87,97.04
2018-05-14 00:00:00+00:00,98.69,97.31
2018-05-15 00:00:00+00:00,97.85,96.34
2018-05-16 00:00:00+00:00,97.4,96.62
2018-05-17 00:00:00+00:00,97.54,95.83
2018-05-18 00:00:00+00:00,96.93,96.01
2018-05-21 00:00:00+00:00,98.01,96.8
2018-05-22 00:00:00+00:00,98.17,97.2
2018-05-23 00:00:00+00:00,98.73,96.32
2018-05-24 00:00:00+00:00,98.94,96.81
2018-05-25 00:00:00+00:00,98.98,97.86
2018-05-29 00:00:00+00:00,98.88,97.23
2018-05-30 00:00:00+00:00,99.25,97.91
2018-05-31 00:00:00+00:00,99.99,98.61
2018-06-01 00:00:00+00:00,100.86,99.17
2018-06-04 00:00:00+00:00,101.86,100.85
2018-06-05 00:00:00+00:00,102.33,101.53
2018-06-06 00:00:00+00:00,102.6,101.9
2018-06-07 00:00:00+00:00,102.69,100.38
2018-06-08 00:00:00+00:00,101.95,100.54
2018-06-11 00:00:00+00:00,101.59,100.67
2018-06-12 00:00:00+00:00,101.45,100.75
2018-06-13 00:00:00+00:00,102.01,100.56
2018-06-14 00:00:00+00:00,102.03,101.0
2018-06-15 00:00:00+00:00,101.53,100.07
2018-06-18 00:00:00+00:00,101.11,99.42
2018-06-19 00:00:00+00:00,101.0,99.5
2018-06-20 00:00:00+00:00,102.52,101.12
2018-06-21 00:00:00+00:00,102.46,100.88
2018-06-22 00:00:00+00:00,100.77,99.63
2018-06-25 00:00:00+00:00,100.11,97.3
2018-06-26 00:00:00+00:00,100.08,98.75
2018-06-27 00:00:00+00:00,100.02,97.4
2018-06-28 00:00:00+00:00,99.11,97.26
2018-06-29 00:00:00+00:00,99.91,98.33
2018-07-02 00:00:00+00:00,100.06,98.0
2018-07-03 00:00:00+00:00,100.63,98.94
2018-07-05 00:00:00+00:00,99.92,99.03
2018-07-06 00:00:00+00:00,101.43,99.67
2018-07-09 00:00:00+00:00,102.25,101.25
2018-07-10 00:00:00+00:00,102.51,101.86
2018-07-11 00:00:00+00:00,102.34,101.1
2018-07-12 00:00:00+00:00,104.41,102.73
2018-07-13 00:00:00+00:00,105.6,104.09
2018-07-16 00:00:00+00:00,105.82,104.52
2018-07-17 00:00:00+00:00,106.5,104.32
2018-07-18 00:00:00+00:00,106.05,104.72
2018-07-19 00:00:00+00:00,105.31,103.89
2018-07-20 00:00:00+00:00,108.2,106.08
2018-07-23 00:00:00+00:00,108.14,106.13
2018-07-24 00:00:00+00:00,108.82,107.26
2018-07-25 00:00:00+00:00,111.15,107.6
2018-07-26 00:00:00+00:00,111.0,109.5
2018-07-27 00:00:00+00:00,110.18,106.14
2018-07-30 00:00:00+00:00,107.53,104.76
2018-07-31 00:00:00+00:00,106.72,105.38
2018-08-01 00:00:00+00:00,106.45,105.42
2018-08-02 00:00:00+00:00,108.09,104.84
2018-08-03 00:00:00+00:00,108.05,106.82
2018-08-06 00:00:00+00:00,108.42,107.56
2018-08-07 00:00:00+00:00,109.1,108.17
2018-08-08 00:00:00+00:00,109.75,108.76
2018-08-09 00:00:00+00:00,110.16,109.6
2018-08-10 00:00:00+00:00,109.69,108.38
2018-08-13 00:00:00+00:00,109.58,108.1
2018-08-14 00:00:00+00:00,109.75,108.04
2018-08-15 00:00:00+00:00,108.99,106.82
2018-08-16 00:00:00+00:00,108.86,107.3
2018-08-17 00:00:00+00:00,107.9,106.69
2018-08-20 00:00:00+00:00,107.9,106.48
2018-08-21 00:00:00+00:00,107.35,105.85
2018-08-22 00:00:00+00:00,107.34,105.78
2018-08-23 00:00:00+00:00,108.18,106.87
2018-08-24 00:00:00+00:00,108.56,107.56
2018-08-27 00:00:00+00:00,109.64,108.51
2018-08-28 00:00:00+00:00,110.5,109.79
2018-08-29 00:00:00+00:00,112.03,110.27
2018-08-30 00:00:00+00:00,112.61,111.44
2018-08-31 00:00:00+00:00,112.78,111.52
2018-09-04 00:00:00+00:00,111.96,110.22
2018-09-05 00:00:00+00:00,111.42,108.1
2018-09-06 00:00:00+00:00,108.99,107.51
2018-09-07 00:00:00+00:00,108.72,107.23
2018-09-10 00:00:00+00:00,109.64,108.36
2018-09-11 00:00:00+00:00,111.59,108.89
2018-09-12 00:00:00+00:00,111.85,110.51
2018-09-13 00:00:00+00:00,113.73,112.12
2018-09-14 00:00:00+00:00,113.73,112.44
2018-09-17 00:00:00+00:00,113.7,111.86
2018-09-18 00:00:00+00:00,113.7,111.72
2018-09-19 00:00:00+00:00,113.32,111.04
2018-09-20 00:00:00+00:00,113.8,111.93
2018-09-21 00:00:00+00:00,115.29,113.51
2018-09-24 00:00:00+00:00,114.9,112.22
2018-09-25 00:00:00+00:00,115.1,113.75
2018-09-26 00:00:00+00:00,115.06,113.74
2018-09-27 00:00:00+00:00,114.91,114.2
2018-09-28 00:00:00+00:00,114.57,113.68
2018-10-01 00:00:00+00:00,115.68,114.73
2018-10-02 00:00:00+00:00,115.84,114.44
2018-10-03 00:00:00+00:00,116.18,114.93
2018-10-04 00:00:00+00:00,114.76,111.63
2018-10-05 00:00:00+00:00,113.17,110.64
2018-10-08 00:00:00+00:00,112.03,109.34
2018-10-09 00:00:00+00:00,113.08,110.8
2018-10-10 00:00:00+00:00,111.5,105.79
2018-10-11 00:00:00+00:00,108.93,104.2
2018-10-12 00:00:00+00:00,111.24,107.12
2018-10-15 00:00:00+00:00,109.48,106.95
2018-10-16 00:00:00+00:00,111.41,108.95
2018-10-17 00:00:00+00:00,111.81,109.55
2018-10-18 00:00:00+00:00,110.53,107.83
2018-10-19 00:00:00+00:00,110.86,108.21
2018-10-22 00:00:00+00:00,110.54,108.24
2018-10-23 00:00:00+00:00,108.97,105.11
2018-10-24 00:00:00+00:00,108.49,101.59
2018-10-25 00:00:00+00:00,109.27,106.15
2018-10-26 00:00:00+00:00,108.75,104.76
2018-10-29 00:00:00+00:00,108.7,101.63
2018-10-30 00:00:00+00:00,104.38,100.11
2018-10-31 00:00:00+00:00,108.14,105.39
2018-11-01 00:00:00+00:00,107.32,105.53
2018-11-02 00:00:00+00:00,107.32,104.98
2018-11-05 00:00:00+00:00,107.74,105.9
2018-11-06 00:00:00+00:00,108.84,106.28
2018-11-07 00:00:00+00:00,112.24,109.4
2018-11-08 00:00:00+00:00,112.21,110.91
2018-11-09 00:00:00+00:00,111.45,108.76
2018-11-12 00:00:00+00:00,109.96,106.1
2018-11-13 00:00:00+00:00,108.74,106.64
2018-11-14 00:00:00+00:00,108.26,104.47
2018-11-15 00:00:00+00:00,107.8,103.91
2018-11-16 00:00:00+00:00,108.88,106.8
2018-11-19 00:00:00+00:00,108.56,103.55
2018-11-20 00:00:00+00:00,102.97,99.35
2018-11-21 00:00:00+00:00,104.43,102.24
2018-11-23 00:00:00+00:00,103.8099,102.0
2018-11-26 00:00:00+00:00,106.63,104.58
2018-11-27 00:00:00+00:00,107.33,105.36
2018-11-28 00:00:00+00:00,111.33,107.86
2018-11-29 00:00:00+00:00,111.12,109.03
2018-11-30 00:00:00+00:00,110.97,109.36
2018-12-03 00:00:00+00:00,113.42,110.73
2018-12-04 00:00:00+00:00,112.64,108.21
2018-12-06 00:00:00+00:00,109.24,105.0
2018-12-07 00:00:00+00:00,109.45,104.3
2018-12-10 00:00:00+00:00,107.98,103.89
2018-12-11 00:00:00+00:00,110.95,107.44
2018-12-12 00:00:00+00:00,111.27,109.04
2018-12-13 00:00:00+00:00,110.87,108.63
2018-12-14 00:00:00+00:00,109.26,105.5
2018-12-17 00:00:00+00:00,105.8,101.71
2018-12-18 00:00:00+00:00,104.51,102.52
2018-12-19 00:00:00+00:00,106.88,101.35
2018-12-20 00:00:00+00:00,104.31,98.78
2018-12-21 00:00:00+00:00,103.0,97.46
2018-12-24 00:00:00+00:00,97.97,93.98
2018-12-26 00:00:00+00:00,100.69,93.96
2018-12-27 00:00:00+00:00,101.19,96.4
2018-12-28 00:00:00+00:00,102.41,99.52
2018-12-31 00:00:00+00:00,102.4,100.44
2019-01-02 00:00:00+00:00,101.75,98.94
2019-01-03 00:00:00+00:00,100.19,97.2
2019-01-04 00:00:00+00:00,102.51,98.93
2019-01-07 00:00:00+00:00,103.27,100.98
2019-01-08 00:00:00+00:00,103.97,101.71
2019-01-09 00:00:00+00:00,104.88,103.24
2019-01-10 00:00:00+00:00,103.75,102.38
2019-01-11 00:00:00+00:00,103.44,101.64
2019-01-14 00:00:00+00:00,102.87,101.26
2019-01-15 00:00:00+00:00,105.05,101.88
2019-01-16 00:00:00+00:00,106.26,104.96
2019-01-17 00:00:00+00:00,106.63,104.76
2019-01-18 00:00:00+00:00,107.9,105.91
2019-01-22 00:00:00+00:00,107.1,104.86
2019-01-23 00:00:00+00:00,107.04,105.34
2019-01-24 00:00:00+00:00,107.0,105.34
2019-01-25 00:00:00+00:00,107.88,106.2
2019-01-28 00:00:00+00:00,106.48,104.66
2019-01-29 00:00:00+00:00,104.97,102.17
2019-01-30 00:00:00+00:00,106.38,104.33
2019-01-31 00:00:00+00:00,105.22,103.18
2019-02-01 00:00:00+00:00,104.1,102.35
2019-02-04 00:00:00+00:00,105.8,102.77
2019-02-05 00:00:00+00:00,107.27,105.96
2019-02-06 00:00:00+00:00,107.0,105.53
2019-02-07 00:00:00+00:00,105.59,104.29
2019-02-08 00:00:00+00:00,105.78,104.26
2019-02-11 00:00:00+00:00,106.58,104.97
2019-02-12 00:00:00+00:00,107.14,105.48
2019-02-13 00:00:00+00:00,107.78,106.71
2019-02-14 00:00:00+00:00,107.29,105.66
2019-02-15 00:00:00+00:00,108.3,107.36
2019-02-19 00:00:00+00:00,108.66,107.78
2019-02-20 00:00:00+00:00,107.94,106.29
2019-02-21 00:00:00+00:00,109.48,106.87
2019-02-22 00:00:00+00:00,111.2,109.82
2019-02-25 00:00:00+00:00,112.18,111.26
2019-02-26 00:00:00+00:00,113.24,111.17
2019-02-27 00:00:00+00:00,112.36,110.88
2019-02-28 00:00:00+00:00,112.88,111.73
2019-03-01 00:00:00+00:00,113.02,111.67
2019-03-04 00:00:00+00:00,113.25,110.8
2019-03-05 00:00:00+00:00,112.39,111.23
2019-03-06 00:00:00+00:00,112.66,111.43
2019-03-07 00:00:00+00:00,111.55,109.87
2019-03-08 00:00:00+00:00,110.71,108.8
2019-03-11 00:00:00+00:00,112.95,110.98
2019-03-12 00:00:00+00:00,113.99,112.65
2019-03-13 00:00:00+00:00,115.0,113.78
2019-03-14 00:00:00+00:00,115.2,114.33
2019-03-15 00:00:00+00:00,117.25,114.59
2019-03-18 00:00:00+00:00,117.61,116.05
2019-03-19 00:00:00+00:00,118.44,116.99
2019-03-20 00:00:00+00:00,118.75,116.71
2019-03-21 00:00:00+00:00,120.82,117.09
2019-03-22 00:00:00+00:00,119.59,117.04
2019-03-25 00:00:00+00:00,118.01,116.32
2019-03-26 00:00:00+00:00,118.71,116.85
2019-03-27 00:00:00+00:00,118.21,115.52
2019-03-28 00:00:00+00:00,117.58,116.13
2019-03-29 00:00:00+00:00,118.32,116.96
2019-04-01 00:00:00+00:00,119.11,118.1
2019-04-02 00:00:00+00:00,119.48,118.52
2019-04-03 00:00:00+00:00,120.43,119.15
2019-04-04 00:00:00+00:00,120.23,118.38
2019-04-05 00:00:00+00:00,120.23,119.37
2019-04-08 00:00:00+00:00,120.02,118.64
2019-04-09 00:00:00+00:00,119.54,118.58
2019-04-10 00:00:00+00:00,120.35,119.54
2019-04-11 00:00:00+00:00,120.85,119.92
2019-04-12 00:00:00+00:00,120.98,120.37
2019-04-15 00:00:00+00:00,121.58,120.57
2019-04-16 00:00:00+00:00,121.65,120.1
2019-04-17 00:00:00+00:00,121.85,120.54
2019-04-18 00:00:00+00:00,123.52,121.3
2019-04-22 00:00:00+00:00,124.0,122.57
2019-04-23 00:00:00+00:00,125.58,123.83
2019-04-24 00:00:00+00:00,125.85,124.52
2019-04-25 00:00:00+00:00,131.37,128.83
2019-04-26 00:00:00+00:00,130.52,129.02
2019-04-29 00:00:00+00:00,130.18,129.35
2019-04-30 00:00:00+00:00,130.7,129.39
2019-05-01 00:00:00+00:00,130.65,127.7
2019-05-02 00:00:00+00:00,128.0,125.52
2019-05-03 00:00:00+00:00,129.43,127.25
2019-05-06 00:00:00+00:00,128.56,126.11
2019-05-07 00:00:00+00:00,127.18,124.22
2019-05-08 00:00:00+00:00,126.37,124.75
2019-05-09 00:00:00+00:00,125.79,123.57
2019-05-10 00:00:00+00:00,127.93,123.82
2019-05-13 00:00:00+00:00,125.55,123.04
2019-05-14 00:00:00+00:00,125.88,123.7
2019-05-15 00:00:00+00:00,126.71,123.7
2019-05-16 00:00:00+00:00,129.38,126.46
2019-05-17 00:00:00+00:00,130.46,127.92
2019-05-20 00:00:00+00:00,127.59,125.76
2019-05-21 00:00:00+00:00,127.53,126.58
2019-05-22 00:00:00+00:00,128.24,126.52
2019-05-23 00:00:00+00:00,126.29,124.74
2019-05-24 00:00:00+00:00,127.42,125.97
2019-05-28 00:00:00+00:00,128.0,126.05
2019-05-29 00:00:00+00:00,125.39,124.04
2019-05-30 00:00:00+00:00,125.76,124.78
2019-05-31 00:00:00+00:00,124.62,123.32
2019-06-03 00:00:00+00:00,124.37,119.01
2019-06-04 00:00:00+00:00,123.28,120.65
2019-06-05 00:00:00+00:00,125.87,124.21
2019-06-06 00:00:00+00:00,127.97,125.6
2019-06-07 00:00:00+00:00,132.25,128.26
2019-06-10 00:00:00+00:00,134.08,132.0
2019-06-11 00:00:00+00:00,134.24,131.28
2019-06-12 00:00:00+00:00,131.97,130.71
2019-06-13 00:00:00+00:00,133.0,131.56
2019-06-14 00:00:00+00:00,133.79,131.64
2019-06-17 00:00:00+00:00,133.73,132.53
2019-06-18 00:00:00+00:00,135.24,133.57
2019-06-19 00:00:00+00:00,135.93,133.81
2019-06-20 00:00:00+00:00,137.66,135.72
2019-06-21 00:00:00+00:00,137.73,136.46
2019-06-24 00:00:00+00:00,138.4,137.0
2019-06-25 00:00:00+00:00,137.59,132.73
2019-06-26 00:00:00+00:00,135.74,133.6
2019-06-27 00:00:00+00:00,134.71,133.51
2019-06-28 00:00:00+00:00,134.6,133.16
2019-07-01 00:00:00+00:00,136.7,134.97
2019-07-02 00:00:00+00:00,136.59,135.34
2019-07-03 00:00:00+00:00,137.74,136.29
2019-07-05 00:00:00+00:00,137.33,135.72
2019-07-08 00:00:00+00:00,137.1,135.37
2019-07-09 00:00:00+00:00,136.97,135.8
2019-07-10 00:00:00+00:00,138.58,137.02
2019-07-11 00:00:00+00:00,139.22,137.87
2019-07-12 00:00:00+00:00,139.13,138.01
2019-07-15 00:00:00+00:00,139.54,138.46
2019-07-16 00:00:00+00:00,139.05,136.52
2019-07-17 00:00:00+00:00,137.93,136.22
2019-07-18 00:00:00+00:00,136.62,134.67
2019-07-19 00:00:00+00:00,140.67,136.45
2019-07-22 00:00:00+00:00,139.19,137.33
2019-07-23 00:00:00+00:00,139.99,138.03
2019-07-24 00:00:00+00:00,140.74,138.85
2019-07-25 00:00:00+00:00,140.61,139.3215
2019-07-26 00:00:00+00:00,141.68,140.3
2019-07-29 00:00:00+00:00,141.51,139.37
2019-07-30 00:00:00+00:00,141.22,139.8
2019-07-31 00:00:00+00:00,140.49,135.08
2019-08-01 00:00:00+00:00,140.94,136.93
2019-08-02 00:00:00+00:00,138.32,135.26
2019-08-05 00:00:00+00:00,133.93,130.78
2019-08-06 00:00:00+00:00,135.68,133.21
2019-08-07 00:00:00+00:00,135.65,131.83
2019-08-08 00:00:00+00:00,138.99,135.93
2019-08-09 00:00:00+00:00,139.38,136.46
2019-08-12 00:00:00+00:00,137.86,135.24
2019-08-13 00:00:00+00:00,138.8,135.0
2019-08-14 00:00:00+00:00,136.92,133.67
2019-08-15 00:00:00+00:00,134.58,132.25
2019-08-16 00:00:00+00:00,136.46,134.72
2019-08-19 00:00:00+00:00,138.55,136.89
2019-08-20 00:00:00+00:00,138.71,137.24
2019-08-21 00:00:00+00:00,139.49,138.0
2019-08-22 00:00:00+00:00,139.2,136.29
2019-08-23 00:00:00+00:00,138.35,132.8
2019-08-26 00:00:00+00:00,135.56,133.9
2019-08-27 00:00:00+00:00,136.72,134.66
2019-08-28 00:00:00+00:00,135.76,133.55
2019-08-29 00:00:00+00:00,138.44,136.91
2019-08-30 00:00:00+00:00,139.18,136.27
2019-09-03 00:00:00+00:00,137.2,135.7
2019-09-04 00:00:00+00:00,137.69,136.48
2019-09-05 00:00:00+00:00,140.38,138.76
2019-09-06 00:00:00+00:00,140.18,138.2
2019-09-09 00:00:00+00:00,139.75,136.46
2019-09-10 00:00:00+00:00,136.89,134.51
2019-09-11 00:00:00+00:00,136.27,135.09
2019-09-12 00:00:00+00:00,138.42,136.87
2019-09-13 00:00:00+00:00,138.06,136.57
2019-09-16 00:00:00+00:00,136.7,135.66
2019-09-17 00:00:00+00:00,137.52,136.43
2019-09-18 00:00:00+00:00,138.67,136.53
2019-09-19 00:00:00+00:00,142.37,140.07
2019-09-20 00:00:00+00:00,141.65,138.25
2019-09-23 00:00:00+00:00,139.63,138.44
2019-09-24 00:00:00+00:00,140.69,136.88
2019-09-25 00:00:00+00:00,139.96,136.03
2019-09-26 00:00:00+00:00,140.18,138.44
2019-09-27 00:00:00+00:00,140.36,136.65
2019-09-30 00:00:00+00:00,139.22,137.78
2019-10-01 00:00:00+00:00,140.25,137.0
2019-10-02 00:00:00+00:00,136.37,133.58
2019-10-03 00:00:00+00:00,136.75,133.22
2019-10-04 00:00:00+00:00,138.25,136.42
2019-10-07 00:00:00+00:00,138.18,137.02
2019-10-08 00:00:00+00:00,137.76,135.62
2019-10-09 00:00:00+00:00,138.7,136.97
2019-10-10 00:00:00+00:00,139.67,138.25
2019-10-11 00:00:00+00:00,141.03,139.5
2019-10-14 00:00:00+00:00,140.29,139.52
2019-10-15 00:00:00+00:00,141.79,139.81
2019-10-16 00:00:00+00:00,140.99,139.53
2019-10-17 00:00:00+00:00,141.42,139.02
2019-10-18 00:00:00+00:00,140.0,136.56
2019-10-21 00:00:00+00:00,138.5,137.01
2019-10-22 00:00:00+00:00,140.01,136.26
2019-10-23 00:00:00+00:00,137.45,135.61
2019-10-24 00:00:00+00:00,140.42,138.67
2019-10-25 00:00:00+00:00,141.14,139.2
2019-10-28 00:00:00+00:00,145.67,143.51
2019-10-29 00:00:00+00:00,144.5,142.65
2019-10-30 00:00:00+00:00,145.0,142.79
2019-10-31 00:00:00+00:00,144.93,142.99
2019-11-01 00:00:00+00:00,144.42,142.97
2019-11-04 00:00:00+00:00,145.0,144.16
2019-11-05 00:00:00+00:00,145.02,143.91
2019-11-06 00:00:00+00:00,144.52,143.2
2019-11-07 00:00:00+00:00,144.88,143.77
2019-11-08 00:00:00+00:00,145.99,143.76
2019-11-11 00:00:00+00:00,146.42,144.73
2019-11-12 00:00:00+00:00,147.57,146.06
2019-11-13 00:00:00+00:00,147.46,146.28
2019-11-14 00:00:00+00:00,148.41,147.0
2019-11-15 00:00:00+00:00,149.99,148.27
2019-11-18 00:00:00+00:00,150.55,148.98
2019-11-19 00:00:00+00:00,151.33,150.2
2019-11-20 00:00:00+00:00,150.84,148.46
2019-11-21 00:00:00+00:00,149.8,148.5
2019-11-22 00:00:00+00:00,150.3,148.82
2019-11-25 00:00:00+00:00,151.35,149.92
2019-11-26 00:00:00+00:00,152.42,151.32
2019-11-27 00:00:00+00:00,152.5,151.52
2019-11-29 00:00:00+00:00,152.3,151.28
2019-12-02 00:00:00+00:00,151.83,148.32
2019-12-03 00:00:00+00:00,149.43,146.65
2019-12-04 00:00:00+00:00,150.18,149.2
2019-12-05 00:00:00+00:00,150.32,149.48
2019-12-06 00:00:00+00:00,151.87,150.27
2019-12-09 00:00:00+00:00,152.21,150.91
2019-12-10 00:00:00+00:00,151.89,150.76
2019-12-11 00:00:00+00:00,151.87,150.33
2019-12-12 00:00:00+00:00,153.44,151.02
2019-12-13 00:00:00+00:00,154.89,152.83
2019-12-16 00:00:00+00:00,155.9,154.82
2019-12-17 00:00:00+00:00,155.71,154.45
2019-12-18 00:00:00+00:00,155.48,154.18
2019-12-19 00:00:00+00:00,155.77,153.75
2019-12-20 00:00:00+00:00,158.49,156.29
2019-12-23 00:00:00+00:00,158.12,157.27
2019-12-24 00:00:00+00:00,157.71,157.12
2019-12-26 00:00:00+00:00,158.73,157.4
2019-12-27 00:00:00+00:00,159.55,158.22
2019-12-30 00:00:00+00:00,159.02,156.73
2019-12-31 00:00:00+00:00,157.77,156.45
2020-01-02 00:00:00+00:00,160.73,158.33
2020-01-03 00:00:00+00:00,159.95,158.06
2020-01-06 00:00:00+00:00,159.1,156.51
2020-01-07 00:00:00+00:00,159.67,157.32
2020-01-08 00:00:00+00:00,160.8,157.95
2020-01-09 00:00:00+00:00,162.22,161.03
2020-01-10 00:00:00+00:00,163.22,161.18
2020-01-13 00:00:00+00:00,163.31,161.26
2020-01-14 00:00:00+00:00,163.6,161.72
2020-01-15 00:00:00+00:00,163.94,162.57
2020-01-16 00:00:00+00:00,166.24,164.03
2020-01-17 00:00:00+00:00,167.47,165.43
2020-01-21 00:00:00+00:00,168.19,166.43
2020-01-22 00:00:00+00:00,167.49,165.68
2020-01-23 00:00:00+00:00,166.8,165.27
2020-01-24 00:00:00+00:00,167.53,164.45
2020-01-27 00:00:00+00:00,163.38,160.2
2020-01-28 00:00:00+00:00,165.76,163.07
2020-01-29 00:00:00+00:00,168.75,165.69
2020-01-30 00:00:00+00:00,174.05,170.79
2020-01-31 00:00:00+00:00,172.4,169.58
2020-02-03 00:00:00+00:00,174.5,170.4
2020-02-04 00:00:00+00:00,180.64,176.31
2020-02-05 00:00:00+00:00,184.2,178.41
2020-02-06 00:00:00+00:00,183.82,180.06
2020-02-07 00:00:00+00:00,185.63,182.48
2020-02-10 00:00:00+00:00,188.84,183.25
2020-02-11 00:00:00+00:00,190.7,183.5
2020-02-12 00:00:00+00:00,185.85,181.85
2020-02-13 00:00:00+00:00,186.23,182.87
2020-02-14 00:00:00+00:00,185.41,182.65
2020-02-18 00:00:00+00:00,187.7,185.5
2020-02-19 00:00:00+00:00,188.18,186.47
2020-02-20 00:00:00+00:00,187.25,181.1
2020-02-21 00:00:00+00:00,183.5,177.25
2020-02-24 00:00:00+00:00,174.55,163.23
2020-02-25 00:00:00+00:00,174.84,167.65
2020-02-26 00:00:00+00:00,173.26,168.21
2020-02-27 00:00:00+00:00,167.03,157.98
2020-02-28 00:00:00+00:00,163.71,152.0
2020-03-02 00:00:00+00:00,172.92,162.31
2020-03-03 00:00:00+00:00,175.0,162.26
2020-03-04 00:00:00+00:00,170.7,165.62
2020-03-05 00:00:00+00:00,170.87,165.69
2020-03-06 00:00:00+00:00,163.11,156.0
2020-03-09 00:00:00+00:00,157.75,150.0
2020-03-10 00:00:00+00:00,161.03,152.58
2020-03-11 00:00:00+00:00,157.7,151.15
2020-03-12 00:00:00+00:00,153.47,138.58
2020-03-13 00:00:00+00:00,161.91,140.73
2020-03-16 00:00:00+00:00,149.35,135.0
2020-03-17 00:00:00+00:00,147.5,135.0
2020-03-18 00:00:00+00:00,146.0,135.02
2020-03-19 00:00:00+00:00,150.15,139.0
2020-03-20 00:00:00+00:00,147.1,135.86
2020-03-23 00:00:00+00:00,140.57,132.52
2020-03-24 00:00:00+00:00,149.6,141.27
2020-03-25 00:00:00+00:00,154.33,144.44
2020-03-26 00:00:00+00:00,156.66,148.37
2020-03-27 00:00:00+00:00,154.89,149.2
2020-03-30 00:00:00+00:00,160.6,150.01
2020-03-31 00:00:00+00:00,164.78,156.56
2020-04-01 00:00:00+00:00,157.75,150.82
2020-04-02 00:00:00+00:00,155.48,150.36
2020-04-03 00:00:00+00:00,157.38,152.19
2020-04-06 00:00:00+00:00,166.5,157.58
2020-04-07 00:00:00+00:00,170.0,163.26
2020-04-08 00:00:00+00:00,166.67,163.5
2020-04-09 00:00:00+00:00,167.37,163.33
2020-04-13 00:00:00+00:00,165.57,162.3
2020-04-14 00:00:00+00:00,173.75,168.0
2020-04-15 00:00:00+00:00,173.57,169.24
2020-04-16 00:00:00+00:00,177.28,172.9
2020-04-17 00:00:00+00:00,180.0,175.87
2020-04-20 00:00:00+00:00,178.75,174.99
2020-04-21 00:00:00+00:00,173.67,166.11
2020-04-22 00:00:00+00:00,174.0,170.82
2020-04-23 00:00:00+00:00,175.06,170.91
2020-04-24 00:00:00+00:00,174.56,170.71
2020-04-27 00:00:00+00:00,176.9,173.3
2020-04-28 00:00:00+00:00,175.67,169.39
2020-04-29 00:00:00+00:00,177.68,171.88
2020-04-30 00:00:00+00:00,180.4,176.23
2020-05-01 00:00:00+00:00,178.64,174.01
2020-05-04 00:00:00+00:00,179.0,173.8
2020-05-05 00:00:00+00:00,183.65,179.9
2020-05-06 00:00:00+00:00,184.2,181.63
2020-05-07 00:00:00+00:00,184.55,182.58
2020-05-08 00:00:00+00:00,185.0,183.36
2020-05-11 00:00:00+00:00,187.51,182.85
2020-05-12 00:00:00+00:00,187.04,182.3
2020-05-13 00:00:00+00:00,184.05,176.54
2020-05-14 00:00:00+00:00,180.69,175.68
2020-05-15 00:00:00+00:00,187.06,177.0
2020-05-18 00:00:00+00:00,186.2,183.96
2020-05-19 00:00:00+00:00,186.6,183.49
2020-05-20 00:00:00+00:00,185.85,183.94
2020-05-21 00:00:00+00:00,186.67,183.29
2020-05-22 00:00:00+00:00,184.46,182.54
2020-05-26 00:00:00+00:00,186.5,181.1
2020-05-27 00:00:00+00:00,181.99,176.6
2020-05-28 00:00:00+00:00,184.15,180.38
2020-05-29 00:00:00+00:00,184.27,180.41
2020-06-01 00:00:00+00:00,183.0,181.46
2020-06-02 00:00:00+00:00,185.0,181.35
2020-06-03 00:00:00+00:00,185.94,183.58
2020-06-04 00:00:00+00:00,185.84,182.3
2020-06-05 00:00:00+00:00,187.73,182.01
2020-06-08 00:00:00+00:00,188.55,184.44
2020-06-09 00:00:00+00:00,190.7,187.26
2020-06-10 00:00:00+00:00,198.52,191.01
2020-06-11 00:00:00+00:00,195.76,186.07
2020-06-12 00:00:00+00:00,191.72,185.18
2020-06-15 00:00:00+00:00,190.82,184.01
2020-06-16 00:00:00+00:00,195.58,191.46
2020-06-17 00:00:00+00:00,196.32,193.69
2020-06-18 00:00:00+00:00,196.49,194.0
2020-06-19 00:00:00+00:00,199.29,194.37
2020-06-22 00:00:00+00:00,200.76,195.23
2020-06-23 00:00:00+00:00,203.95,201.43
2020-06-24 00:00:00+00:00,203.25,196.56
2020-06-25 00:00:00+00:00,200.61,195.47
2020-06-26 00:00:00+00:00,199.89,194.88
2020-06-29 00:00:00+00:00,198.53,193.55
2020-06-30 00:00:00+00:00,204.4,197.74
2020-07-01 00:00:00+00:00,206.35,201.77
2020-07-02 00:00:00+00:00,208.02,205.0
2020-07-06 00:00:00+00:00,211.13,208.09
2020-07-07 00:00:00+00:00,214.67,207.99
2020-07-08 00:00:00+00:00,213.26,208.69
2020-07-09 00:00:00+00:00,216.38,211.47
2020-07-10 00:00:00+00:00,214.08,211.08
2020-07-13 00:00:00+00:00,215.8,206.5
2020-07-14 00:00:00+00:00,208.85,202.03
2020-07-15 00:00:00+00:00,211.33,205.03
2020-07-16 00:00:00+00:00,205.7,202.31
2020-07-17 00:00:00+00:00,205.04,201.39
2020-07-20 00:00:00+00:00,212.3,203.01
2020-07-21 00:00:00+00:00,213.94,208.03
2020-07-22 00:00:00+00:00,212.3,208.39
2020-07-23 00:00:00+00:00,210.92,202.15
2020-07-24 00:00:00+00:00,202.86,197.51
2020-07-27 00:00:00+00:00,203.97,200.86
2020-07-28 00:00:00+00:00,204.7,201.74
2020-07-29 00:00:00+00:00,204.65,202.01
2020-07-30 00:00:00+00:00,204.46,199.57
2020-07-31 00:00:00+00:00,205.1,199.01
2020-08-03 00:00:00+00:00,217.64,210.44
2020-08-04 00:00:00+00:00,214.77,210.31
2020-08-05 00:00:00+00:00,215.0,211.57
2020-08-06 00:00:00+00:00,216.3705,211.55
2020-08-07 00:00:00+00:00,215.7,210.93
2020-08-10 00:00:00+00:00,211.88,206.35
2020-08-11 00:00:00+00:00,207.65,203.14
2020-08-12 00:00:00+00:00,210.28,204.75
2020-08-13 00:00:00+00:00,211.35,208.15
2020-08-14 00:00:00+00:00,209.59,207.51
2020-08-17 00:00:00+00:00,211.1874,208.915
2020-08-18 00:00:00+00:00,212.36,209.21
2020-08-19 00:00:00+00:00,212.1,209.25
2020-08-20 00:00:00+00:00,215.0,208.91
2020-08-21 00:00:00+00:00,216.25,212.85
2020-08-24 00:00:00+00:00,215.52,212.43
2020-08-25 00:00:00+00:00,216.61,213.1
2020-08-26 00:00:00+00:00,222.09,217.36
2020-08-27 00:00:00+00:00,231.15,219.4
2020-08-28 00:00:00+00:00,230.644,226.58
2020-08-31 00:00:00+00:00,228.7,224.31
2020-09-01 00:00:00+00:00,227.45,224.43
2020-09-02 00:00:00+00:00,232.86,227.35
2020-09-03 00:00:00+00:00,229.31,214.9602
2020-09-04 00:00:00+00:00,218.3599,205.19
2020-09-08 00:00:00+00:00,210.03,202.2
2020-09-09 00:00:00+00:00,214.8399,206.7
2020-09-10 00:00:00+00:00,214.74,204.11
2020-09-11 00:00:00+00:00,208.63,201.24
2020-09-14 00:00:00+00:00,209.2,204.03
2020-09-15 00:00:00+00:00,209.78,206.93
2020-09-16 00:00:00+00:00,210.65,204.64
2020-09-17 00:00:00+00:00,204.33,199.96
2020-09-18 00:00:00+00:00,203.65,196.25
2020-09-21 00:00:00+00:00,202.71,196.38
2020-09-22 00:00:00+00:00,208.1,202.075
2020-09-23 00:00:00+00:00,208.1,200.03
2020-09-24 00:00:00+00:00,205.57,199.2
2020-09-25 00:00:00+00:00,209.04,202.54
2020-09-28 00:00:00+00:00,212.57,208.06
2020-09-29 00:00:00+00:00,210.07,206.81
2020-09-30 00:00:00+00:00,211.98,206.54
2020-10-01 00:00:00+00:00,213.99,211.32
2020-10-02 00:00:00+00:00,210.99,205.54
2020-10-05 00:00:00+00:00,210.41,206.98
2020-10-06 00:00:00+00:00,210.18,204.82
2020-10-07 00:00:00+00:00,210.11,206.72
2020-10-08 00:00:00+00:00,211.19,208.32
2020-10-09 00:00:00+00:00,215.86,211.23
2020-10-12 00:00:00+00:00,223.86,216.81
2020-10-13 00:00:00+00:00,225.21,220.43
2020-10-14 00:00:00+00:00,224.22,219.13
2020-10-15 00:00:00+00:00,220.36,216.01
2020-10-16 00:00:00+00:00,222.29,219.32
2020-10-19 00:00:00+00:00,222.3,213.72
2020-10-20 00:00:00+00:00,217.37,213.0901
2020-10-21 00:00:00+00:00,216.92,213.12
2020-10-22 00:00:00+00:00,216.055,211.7
2020-10-23 00:00:00+00:00,216.28,213.16
2020-10-26 00:00:00+00:00,216.3399,208.1
2020-10-27 00:00:00+00:00,214.67,210.329
2020-10-28 00:00:00+00:00,208.84,202.1
2020-10-29 00:00:00+00:00,207.36,203.37
2020-10-30 00:00:00+00:00,204.29,199.62
2020-11-02 00:00:00+00:00,205.28,200.12
2020-11-03 00:00:00+00:00,208.12,203.12
2020-11-04 00:00:00+00:00,218.32,212.4185
2020-11-05 00:00:00+00:00,224.12,221.15
2020-11-06 00:00:00+00:00,224.36,218.03
2020-11-09 00:00:00+00:00,228.12,217.88
2020-11-10 00:00:00+00:00,216.5,209.72
2020-11-11 00:00:00+00:00,218.04,212.2
2020-11-12 00:00:00+00:00,219.11,214.46
2020-11-13 00:00:00+00:00,217.42,214.16
2020-11-16 00:00:00+00:00,217.74,214.52
2020-11-17 00:00:00+00:00,217.68,214.08
2020-11-18 00:00:00+00:00,215.17,210.93
2020-11-19 00:00:00+00:00,213.03,209.93
2020-11-20 00:00:00+00:00,213.285,210.0
2020-11-23 00:00:00+00:00,212.29,208.16
2020-11-24 00:00:00+00:00,214.25,208.86
2020-11-25 00:00:00+00:00,215.29,212.46
2020-11-27 00:00:00+00:00,216.27,214.04
2020-11-30 00:00:00+00:00,214.76,210.835
2020-12-01 00:00:00+00:00,217.32,213.35
2020-12-02 00:00:00+00:00,215.47,212.8
2020-12-03 00:00:00+00:00,216.3757,213.65
2020-12-04 00:00:00+00:00,215.38,213.18
2020-12-07 00:00:00+00:00,215.54,212.99
2020-12-08 00:00:00+00:00,216.95,212.89
2020-12-09 00:00:00+00:00,215.225,211.214
2020-12-10 00:00:00+00:00,213.08,210.36
2020-12-11 00:00:00+00:00,213.32,209.11
2020-12-14 00:00:00+00:00,216.21,212.88
2020-12-15 00:00:00+00:00,215.42,212.24
2020-12-16 00:00:00+00:00,220.11,214.72
2020-12-17 00:00:00+00:00,220.89,217.92
2020-12-18 00:00:00+00:00,219.69,216.02
2020-12-21 00:00:00+00:00,224.0,217.2801
2020-12-22 00:00:00+00:00,225.63,221.85
2020-12-23 00:00:00+00:00,223.5589,220.8
2020-12-24 00:00:00+00:00,223.61,221.2
2020-12-28 00:00:00+00:00,226.03,223.02
2020-12-29 00:00:00+00:00,227.18,223.58
2020-12-30 00:00:00+00:00,225.63,221.47
2020-12-31 00:00:00+00:00,223.0,219.68
2021-01-04 00:00:00+00:00,223.0,214.81
2021-01-05 00:00:00+00:00,218.52,215.7
2021-01-06 00:00:00+00:00,216.4899,211.94
2021-01-07 00:00:00+00:00,219.34,213.71
2021-01-08 00:00:00+00:00,220.58,217.0261
2021-01-11 00:00:00+00:00,218.91,216.73
2021-01-12 00:00:00+00:00,217.1,213.3202
2021-01-13 00:00:00+00:00,216.76,213.9266
2021-01-14 00:00:00+00:00,217.46,212.74
2021-01-15 00:00:00+00:00,214.51,212.03
2021-01-19 00:00:00+00:00,216.98,212.63
2021-01-20 00:00:00+00:00,225.79,217.2908
2021-01-21 00:00:00+00:00,226.3,222.42
2021-01-22 00:00:00+00:00,230.07,225.8
2021-01-25 00:00:00+00:00,229.78,224.22
2021-01-26 00:00:00+00:00,234.18,230.08
2021-01-27 00:00:00+00:00,240.44,230.14
2021-01-28 00:00:00+00:00,242.64,235.09
2021-01-29 00:00:00+00:00,238.02,231.35
2021-02-01 00:00:00+00:00,242.5,232.43
2021-02-02 00:00:00+00:00,242.31,238.69
2021-02-03 00:00:00+00:00,245.09,239.26
2021-02-04 00:00:00+00:00,243.2399,240.37
2021-02-05 00:00:00+00:00,243.28,240.42
2021-02-08 00:00:00+00:00,243.68,240.81
2021-02-09 00:00:00+00:00,244.76,241.38
2021-02-10 00:00:00+00:00,245.92,240.89
2021-02-11 00:00:00+00:00,245.15,242.15
2021-02-12 00:00:00+00:00,245.3,242.73
2021-02-16 00:00:00+00:00,246.13,242.92
2021-02-17 00:00:00+00:00,244.31,240.94
2021-02-18 00:00:00+00:00,243.93,240.86
2021-02-19 00:00:00+00:00,243.86,240.18
2021-02-22 00:00:00+00:00,237.93,232.4
2021-02-23 00:00:00+00:00,234.83,228.73
2021-02-24 00:00:00+00:00,235.2,229.0
2021-02-25 00:00:00+00:00,234.5852,227.88
2021-02-26 00:00:00+00:00,235.37,229.54
2021-03-01 00:00:00+00:00,237.47,233.15
2021-03-02 00:00:00+00:00,237.3,233.45
2021-03-03 00:00:00+00:00,233.5799,227.26
2021-03-04 00:00:00+00:00,232.49,224.26
2021-03-05 00:00:00+00:00,233.27,226.46
2021-03-08 00:00:00+00:00,233.365,227.13
2021-03-09 00:00:00+00:00,235.3839,231.67
2021-03-10 00:00:00+00:00,237.0,232.04
2021-03-11 00:00:00+00:00,239.17,234.31
2021-03-12 00:00:00+00:00,235.82,233.23
2021-03-15 00:00:00+00:00,235.185,231.81
2021-03-16 00:00:00+00:00,240.055,235.94
2021-03-17 00:00:00+00:00,238.55,233.23
2021-03-18 00:00:00+00:00,234.19,230.33
2021-03-19 00:00:00+00:00,232.474,229.3496
2021-03-22 00:00:00+00:00,236.9,230.14
2021-03-23 00:00:00+00:00,241.05,237.07
2021-03-24 00:00:00+00:00,238.0,235.32
2021-03-25 00:00:00+00:00,236.94,231.57
2021-03-26 00:00:00+00:00,236.71,231.55
2021-03-29 00:00:00+00:00,236.8,231.88
2021-03-30 00:00:00+00:00,233.85,231.1
2021-03-31 00:00:00+00:00,239.1,232.39
2021-04-01 00:00:00+00:00,242.84,238.0501
2021-04-05 00:00:00+00:00,249.96,242.7
2021-04-06 00:00:00+00:00,249.4,246.88
2021-04-07 00:00:00+00:00,250.93,247.19
2021-04-08 00:00:00+00:00,254.139,252.0
2021-04-09 00:00:00+00:00,255.99,252.44
2021-04-12 00:00:00+00:00,257.67,254.62
2021-04-13 00:00:00+00:00,259.19,256.83
2021-04-14 00:00:00+00:00,258.83,255.16
2021-04-15 00:00:00+00:00,259.93,257.73
2021-04-16 00:00:00+00:00,261.0,257.6014
2021-04-19 00:00:00+00:00,261.48,257.821
2021-04-20 00:00:00+00:00,260.2,256.84
2021-04-21 00:00:00+00:00,260.68,257.25
2021-04-22 00:00:00+00:00,261.78,255.64
2021-04-23 00:00:00+00:00,261.51,257.27
2021-04-26 00:00:00+00:00,262.435,260.17
2021-04-27 00:00:00+00:00,263.19,260.12
2021-04-28 00:00:00+00:00,256.5399,252.95
2021-04-29 00:00:00+00:00,256.1,249.0
2021-04-30 00:00:00+00:00,253.08,249.6
2021-05-03 00:00:00+00:00,254.35,251.12
2021-05-04 00:00:00+00:00,251.21,245.76
2021-05-05 00:00:00+00:00,249.5,245.82
2021-05-06 00:00:00+00:00,249.86,244.69
2021-05-07 00:00:00+00:00,254.3,251.17
2021-05-10 00:00:00+00:00,251.73,247.12
2021-05-11 00:00:00+00:00,246.6,242.57
2021-05-12 00:00:00+00:00,244.38,238.07
2021-05-13 00:00:00+00:00,245.6,241.42
2021-05-14 00:00:00+00:00,249.18,245.49
2021-05-17 00:00:00+00:00,246.59,243.52
2021-05-18 00:00:00+00:00,246.41,242.9
2021-05-19 00:00:00+00:00,243.23,238.6
2021-05-20 00:00:00+00:00,247.95,243.86
2021-05-21 00:00:00+00:00,248.33,244.74
2021-05-24 00:00:00+00:00,251.16,247.51
2021-05-25 00:00:00+00:00,252.75,250.82
2021-05-26 00:00:00+00:00,252.94,250.75
2021-05-27 00:00:00+00:00,251.48,249.25
2021-05-28 00:00:00+00:00,252.08,249.56
2021-06-01 00:00:00+00:00,251.29,246.96
2021-06-02 00:00:00+00:00,249.27,245.84
2021-06-03 00:00:00+00:00,246.34,243.0
2021-06-04 00:00:00+00:00,251.65,247.51
2021-06-07 00:00:00+00:00,254.09,249.81
2021-06-08 00:00:00+00:00,256.01,252.51
2021-06-09 00:00:00+00:00,255.53,253.21
2021-06-10 00:00:00+00:00,257.46,253.67
2021-06-11 00:00:00+00:00,258.4868,256.61
2021-06-14 00:00:00+00:00,259.95,256.8
2021-06-15 00:00:00+00:00,259.99,257.68
2021-06-16 00:00:00+00:00,260.58,254.42
2021-06-17 00:00:00+00:00,261.75,256.01
2021-06-18 00:00:00+00:00,262.3,258.75
2021-06-21 00:00:00+00:00,263.52,257.92
2021-06-22 00:00:00+00:00,265.79,262.4
2021-06-23 00:00:00+00:00,266.83,264.43
2021-06-24 00:00:00+00:00,267.85,265.47
2021-06-25 00:00:00+00:00,267.25,264.76
2021-06-28 00:00:00+00:00,268.9,265.91
2021-06-29 00:00:00+00:00,271.65,267.98
2021-06-30 00:00:00+00:00,271.3598,269.6043
2021-07-01 00:00:00+00:00,271.84,269.6
2021-07-02 00:00:00+00:00,278.0,272.5
2021-07-06 00:00:00+00:00,279.3698,274.3
2021-07-07 00:00:00+00:00,280.6945,277.15
2021-07-08 00:00:00+00:00,278.73,274.87
2021-07-09 00:00:00+00:00,278.05,275.32
2021-07-12 00:00:00+00:00,279.77,276.58
2021-07-13 00:00:00+00:00,282.8477,277.39
2021-07-14 00:00:00+00:00,283.66,280.55
2021-07-15 00:00:00+00:00,282.51,279.83
2021-07-16 00:00:00+00:00,284.1,279.46
2021-07-19 00:00:00+00:00,280.37,274.45
2021-07-20 00:00:00+00:00,280.97,276.26
2021-07-21 00:00:00+00:00,281.52,277.29
2021-07-22 00:00:00+00:00,286.42,283.42
2021-07-23 00:00:00+00:00,289.99,286.5
2021-07-26 00:00:00+00:00,289.69,286.642
2021-07-27 00:00:00+00:00,289.575,282.95
2021-07-28 00:00:00+00:00,290.15,283.8303
2021-07-29 00:00:00+00:00,288.618,286.08
2021-07-30 00:00:00+00:00,286.66,283.91
2021-08-02 00:00:00+00:00,286.775,283.74
2021-08-03 00:00:00+00:00,287.23,284.0
2021-08-04 00:00:00+00:00,287.5883,284.65
2021-08-05 00:00:00+00:00,289.63,286.1
2021-08-06 00:00:00+00:00,289.5,287.6238
2021-08-09 00:00:00+00:00,291.55,287.81
2021-08-10 00:00:00+00:00,289.25,285.2
2021-08-11 00:00:00+00:00,288.66,285.86
2021-08-12 00:00:00+00:00,289.97,286.34
2021-08-13 00:00:00+00:00,292.9,289.3
2021-08-16 00:00:00+00:00,294.82,290.02
2021-08-17 00:00:00+00:00,293.43,291.08
2021-08-18 00:00:00+00:00,294.82,290.27
2021-08-19 00:00:00+00:00,297.47,288.64
2021-08-20 00:00:00+00:00,305.84,298.06
2021-08-23 00:00:00+00:00,305.4,301.85
2021-08-24 00:00:00+00:00,305.65,302.0035
2021-08-25 00:00:00+00:00,304.59,300.42
2021-08-26 00:00:00+00:00,302.429,298.95
2021-08-27 00:00:00+00:00,300.87,296.83
2021-08-30 00:00:00+00:00,304.22,301.06
2021-08-31 00:00:00+00:00,304.5,301.5
2021-09-01 00:00:00+00:00,305.19,301.49
2021-09-02 00:00:00+00:00,303.3602,300.18
2021-09-03 00:00:00+00:00,302.6,300.26
2021-09-07 00:00:00+00:00,301.09,298.2
2021-09-08 00:00:00+00:00,300.61,297.4651
2021-09-09 00:00:00+00:00,302.14,297.0
2021-09-10 00:00:00+00:00,299.92,295.38
2021-09-13 00:00:00+00:00,298.54,294.08
2021-09-14 00:00:00+00:00,301.39,298.1
2021-09-15 00:00:00+00:00,305.32,301.82
2021-09-16 00:00:00+00:00,305.31,300.76
2021-09-17 00:00:00+00:00,304.5,299.53
2021-09-20 00:00:00+00:00,298.72,289.52
2021-09-21 00:00:00+00:00,297.54,294.07
2021-09-22 00:00:00+00:00,300.22,294.51
2021-09-23 00:00:00+00:00,300.9,297.5339
2021-09-24 00:00:00+00:00,299.8,296.93
2021-09-27 00:00:00+00:00,296.47,292.9449
2021-09-28 00:00:00+00:00,290.78,282.75
2021-09-29 00:00:00+00:00,286.77,283.01
2021-09-30 00:00:00+00:00,287.83,281.62
2021-10-01 00:00:00+00:00,289.98,281.29
2021-10-04 00:00:00+00:00,287.75,280.25
2021-10-05 00:00:00+00:00,290.398,284.0464
2021-10-06 00:00:00+00:00,293.63,285.5093
2021-10-07 00:00:00+00:00,296.64,293.92
2021-10-08 00:00:00+00:00,296.6409,293.76
2021-10-11 00:00:00+00:00,297.97,292.745
2021-10-12 00:00:00+00:00,295.44,292.35
2021-10-13 00:00:00+00:00,297.28,293.49
2021-10-14 00:00:00+00:00,303.27,297.83
2021-10-15 00:00:00+00:00,304.45,300.5191
2021-10-18 00:00:00+00:00,308.21,302.69
2021-10-19 00:00:00+00:00,309.3,307.22
2021-10-20 00:00:00+00:00,309.7,306.11
2021-10-21 00:00:00+00:00,311.02,306.36
2021-10-22 00:00:00+00:00,311.09,307.8
2021-10-25 00:00:00+00:00,309.4,306.46
2021-10-26 00:00:00+00:00,312.395,308.5967
2021-10-27 00:00:00+00:00,326.0973,316.0
2021-10-28 00:00:00+00:00,324.87,321.3601
2021-10-29 00:00:00+00:00,332.0,323.9
2021-11-01 00:00:00+00:00,331.49,326.37
2021-11-02 00:00:00+00:00,333.45,330.0
2021-11-03 00:00:00+00:00,334.9,330.65
2021-11-04 00:00:00+00:00,336.54,329.51
2021-11-05 00:00:00+00:00,338.79,334.4217
2021-11-08 00:00:00+00:00,337.65,334.44
2021-11-09 00:00:00+00:00,338.72,334.53
2021-11-10 00:00:00+00:00,334.6303,329.92
2021-11-11 00:00:00+00:00,333.7746,330.51
2021-11-12 00:00:00+00:00,337.23,333.79
2021-11-15 00:00:00+00:00,337.88,334.034
2021-11-16 00:00:00+00:00,340.67,335.51
2021-11-17 00:00:00+00:00,342.19,338.0
2021-11-18 00:00:00+00:00,342.45,337.12
2021-11-19 00:00:00+00:00,345.1,342.2
2021-11-22 00:00:00+00:00,349.67,339.55
2021-11-23 00:00:00+00:00,339.45,333.56
2021-11-24 00:00:00+00:00,338.16,333.911
2021-11-26 00:00:00+00:00,337.93,328.12
2021-11-29 00:00:00+00:00,339.03,334.74
2021-11-30 00:00:00+00:00,337.78,328.99
2021-12-01 00:00:00+00:00,339.28,329.39
2021-12-02 00:00:00+00:00,333.49,327.8028
2021-12-03 00:00:00+00:00,332.7,318.03
2021-12-06 00:00:00+00:00,327.45,319.23
2021-12-07 00:00:00+00:00,335.8,330.1
2021-12-08 00:00:00+00:00,335.5,330.8
2021-12-09 00:00:00+00:00,336.489,332.12
2021-12-10 00:00:00+00:00,343.0,334.79
2021-12-13 00:00:00+00:00,343.79,339.08
2021-12-14 00:00:00+00:00,334.64,324.11
2021-12-15 00:00:00+00:00,335.19,324.5
2021-12-16 00:00:00+00:00,336.76,323.02
2021-12-17 00:00:00+00:00,324.92,317.25
2021-12-20 00:00:00+00:00,322.8,317.57
2021-12-21 00:00:00+00:00,327.73,319.8
2021-12-22 00:00:00+00:00,333.605,325.75
2021-12-23 00:00:00+00:00,336.39,332.73
2021-12-27 00:00:00+00:00,342.48,335.43
2021-12-28 00:00:00+00:00,343.81,340.32
2021-12-29 00:00:00+00:00,344.3,339.68
2021-12-30 00:00:00+00:00,343.13,338.82
2021-12-31 00:00:00+00:00,339.355,335.85
2022-01-03 00:00:00+00:00,338.0,329.78
2022-01-04 00:00:00+00:00,335.2,326.12
2022-01-05 00:00:00+00:00,326.07,315.98
2022-01-06 00:00:00+00:00,318.7,311.49
2022-01-07 00:00:00+00:00,316.5,310.09
2022-01-10 00:00:00+00:00,314.72,304.69
2022-01-11 00:00:00+00:00,316.61,309.89
2022-01-12 00:00:00+00:00,323.41,317.08
2022-01-13 00:00:00+00:00,320.88,304.0
2022-01-14 00:00:00+00:00,310.82,303.75
2022-01-18 00:00:00+00:00,309.8,301.74
2022-01-19 00:00:00+00:00,313.9093,302.7
2022-01-20 00:00:00+00:00,311.6494,301.14
2022-01-21 00:00:00+00:00,304.11,295.61
2022-01-24 00:00:00+00:00,297.11,276.05
2022-01-25 00:00:00+00:00,294.99,285.17
2022-01-26 00:00:00+00:00,308.5,293.03
2022-01-27 00:00:00+00:00,307.3,297.93
2022-01-28 00:00:00+00:00,308.48,294.45
2022-01-31 00:00:00+00:00,312.38,306.37
2022-02-01 00:00:00+00:00,310.63,305.1293
2022-02-02 00:00:00+00:00,315.12,308.88
2022-02-03 00:00:00+00:00,311.23,299.96
2022-02-04 00:00:00+00:00,308.8,299.97
2022-02-07 00:00:00+00:00,307.84,299.9
2022-02-08 00:00:00+00:00,305.561,299.95
2022-02-09 00:00:00+00:00,311.93,307.39
2022-02-10 00:00:00+00:00,309.12,300.7
2022-02-11 00:00:00+00:00,304.29,294.22
2022-02-14 00:00:00+00:00,296.76,291.35
2022-02-15 00:00:00+00:00,300.8,297.02
2022-02-16 00:00:00+00:00,300.87,293.68
2022-02-17 00:00:00+00:00,296.8,290.0
2022-02-18 00:00:00+00:00,293.86,286.305
2022-02-22 00:00:00+00:00,291.54,284.5
2022-02-23 00:00:00+00:00,291.7,280.1
2022-02-24 00:00:00+00:00,295.16,271.52
2022-02-25 00:00:00+00:00,297.63,291.655
2022-02-28 00:00:00+00:00,299.14,293.0
2022-03-01 00:00:00+00:00,299.97,292.15
2022-03-02 00:00:00+00:00,301.47,293.698
2022-03-03 00:00:00+00:00,303.13,294.05
2022-03-04 00:00:00+00:00,295.66,287.165
2022-03-07 00:00:00+00:00,289.69,278.53
2022-03-08 00:00:00+00:00,283.96,270.0
2022-03-09 00:00:00+00:00,289.6,280.78
2022-03-10 00:00:00+00:00,286.6,280.58
2022-03-11 00:00:00+00:00,289.51,279.43
2022-03-14 00:00:00+00:00,285.3992,275.82
2022-03-15 00:00:00+00:00,287.82,278.725
2022-03-16 00:00:00+00:00,294.57,283.2
2022-03-17 00:00:00+00:00,295.61,289.37
2022-03-18 00:00:00+00:00,301.0,292.73
2022-03-21 00:00:00+00:00,300.14,294.9
2022-03-22 00:00:00+00:00,305.0,298.77
2022-03-23 00:00:00+00:00,303.23,297.7201
2022-03-24 00:00:00+00:00,304.2,298.315
2022-03-25 00:00:00+00:00,305.5,299.2855
2022-03-28 00:00:00+00:00,310.8,304.33
2022-03-29 00:00:00+00:00,315.82,309.05
2022-03-30 00:00:00+00:00,315.95,311.58
2022-03-31 00:00:00+00:00,315.14,307.89
2022-04-01 00:00:00+00:00,310.13,305.54
2022-04-04 00:00:00+00:00,315.11,309.71
2022-04-05 00:00:00+00:00,314.865,309.87
2022-04-06 00:00:00+00:00,307.0,296.71
2022-04-07 00:00:00+00:00,303.65,296.35
2022-04-08 00:00:00+00:00,301.12,296.28
2022-04-11 00:00:00+00:00,292.61,285.0
2022-04-12 00:00:00+00:00,290.739,280.49
2022-04-13 00:00:00+00:00,288.58,281.3
2022-04-14 00:00:00+00:00,288.305,279.32
2022-04-18 00:00:00+00:00,282.46,278.34
2022-04-19 00:00:00+00:00,286.17,278.41
2022-04-20 00:00:00+00:00,289.7,285.3702
2022-04-21 00:00:00+00:00,293.3,280.06
2022-04-22 00:00:00+00:00,283.2,273.38
2022-04-25 00:00:00+00:00,281.11,270.77
2022-04-26 00:00:00+00:00,278.3599,270.0
2022-04-27 00:00:00+00:00,290.97,279.16
2022-04-28 00:00:00+00:00,290.98,281.4562
2022-04-29 00:00:00+00:00,289.88,276.5
2022-05-02 00:00:00+00:00,284.94,276.22
2022-05-03 00:00:00+00:00,284.13,280.15
2022-05-04 00:00:00+00:00,290.88,276.73
2022-05-05 00:00:00+00:00,286.35,274.34
2022-05-06 00:00:00+00:00,279.25,271.27
2022-05-09 00:00:00+00:00,272.36,263.32
2022-05-10 00:00:00+00:00,273.75,265.07
2022-05-11 00:00:00+00:00,271.36,259.3
2022-05-12 00:00:00+00:00,259.88,250.02
2022-05-13 00:00:00+00:00,263.04,255.35
2022-05-16 00:00:00+00:00,265.82,255.78
2022-05-17 00:00:00+00:00,268.33,262.46
2022-05-18 00:00:00+00:00,263.6,252.77
2022-05-19 00:00:00+00:00,257.67,251.88
2022-05-20 00:00:00+00:00,258.54,246.44
2022-05-23 00:00:00+00:00,261.5,253.43
2022-05-24 00:00:00+00:00,261.33,253.5
2022-05-25 00:00:00+00:00,264.58,257.125
2022-05-26 00:00:00+00:00,267.11,261.4294
2022-05-27 00:00:00+00:00,273.34,267.56
2022-05-31 00:00:00+00:00,274.77,268.93
2022-06-01 00:00:00+00:00,277.69,270.04
2022-06-02 00:00:00+00:00,274.65,261.6
2022-06-03 00:00:00+00:00,273.45,268.41
2022-06-06 00:00:00+00:00,274.18,267.22
2022-06-07 00:00:00+00:00,273.13,265.94
2022-06-08 00:00:00+00:00,273.0,269.61
2022-06-09 00:00:00+00:00,272.7081,264.63
2022-06-10 00:00:00+00:00,260.58,252.53
2022-06-13 00:00:00+00:00,249.0242,241.53
2022-06-14 00:00:00+00:00,245.74,241.51
2022-06-15 00:00:00+00:00,255.3,246.42
2022-06-16 00:00:00+00:00,247.4174,243.02
2022-06-17 00:00:00+00:00,250.5,244.03
2022-06-21 00:00:00+00:00,254.75,249.51
2022-06-22 00:00:00+00:00,257.17,250.37
2022-06-23 00:00:00+00:00,259.37,253.63
2022-06-24 00:00:00+00:00,267.98,261.72
2022-06-27 00:00:00+00:00,268.3,263.28
2022-06-28 00:00:00+00:00,266.91,256.32
2022-06-29 00:00:00+00:00,261.97,255.76
2022-06-30 00:00:00+00:00,259.53,252.9
2022-07-01 00:00:00+00:00,259.77,254.61
2022-07-05 00:00:00+00:00,262.98,254.74
2022-07-06 00:00:00+00:00,267.99,262.4
2022-07-07 00:00:00+00:00,269.055,265.02
2022-07-08 00:00:00+00:00,268.1,263.285
2022-07-11 00:00:00+00:00,266.53,262.18
2022-07-12 00:00:00+00:00,265.94,252.04
2022-07-13 00:00:00+00:00,253.55,248.11
2022-07-14 00:00:00+00:00,255.1374,245.94
2022-07-15 00:00:00+00:00,260.3699,254.7727
2022-07-18 00:00:00+00:00,260.84,253.3
2022-07-19 00:00:00+00:00,259.72,253.68
2022-07-20 00:00:00+00:00,264.87,258.91
2022-07-21 00:00:00+00:00,264.89,257.03
2022-07-22 00:00:00+00:00,265.33,259.07
2022-07-25 00:00:00+00:00,261.5,256.81
2022-07-26 00:00:00+00:00,259.88,249.57
2022-07-27 00:00:00+00:00,270.05,258.85
2022-07-28 00:00:00+00:00,277.84,267.87
2022-07-29 00:00:00+00:00,282.0,276.63
2022-08-01 00:00:00+00:00,281.28,275.84
2022-08-02 00:00:00+00:00,277.89,272.38
2022-08-03 00:00:00+00:00,283.5,276.61
2022-08-04 00:00:00+00:00,283.8,280.1677
2022-08-05 00:00:00+00:00,283.65,278.68
2022-08-08 00:00:00+00:00,285.92,279.32
2022-08-09 00:00:00+00:00,283.08,277.61
2022-08-10 00:00:00+00:00,289.81,286.94
2022-08-11 00:00:00+00:00,291.21,286.51
2022-08-12 00:00:00+00:00,291.91,286.94
2022-08-15 00:00:00+00:00,294.18,290.11
2022-08-16 00:00:00+00:00,294.04,290.42
2022-08-17 00:00:00+00:00,293.35,289.47
2022-08-18 00:00:00+00:00,291.91,289.08
2022-08-19 00:00:00+00:00,289.25,285.56
2022-08-22 00:00:00+00:00,282.46,277.22
2022-08-23 00:00:00+00:00,278.86,275.4
2022-08-24 00:00:00+00:00,277.23,275.11
2022-08-25 00:00:00+00:00,279.02,274.52
2022-08-26 00:00:00+00:00,280.34,267.98
2022-08-29 00:00:00+00:00,267.4,263.85
2022-08-30 00:00:00+00:00,267.05,260.66
2022-08-31 00:00:00+00:00,267.11,261.33
2022-09-01 00:00:00+00:00,260.89,255.41
2022-09-02 00:00:00+00:00,264.74,254.47
2022-09-06 00:00:00+00:00,257.83,251.94
2022-09-07 00:00:00+00:00,258.83,253.22
2022-09-08 00:00:00+00:00,260.43,254.79
2022-09-09 00:00:00+00:00,265.23,260.29
2022-09-12 00:00:00+00:00,267.45,265.16
2022-09-13 00:00:00+00:00,260.4,251.59
2022-09-14 00:00:00+00:00,254.23,249.86
2022-09-15 00:00:00+00:00,251.4,244.02
2022-09-16 00:00:00+00:00,245.3,242.0627
2022-09-19 00:00:00+00:00,245.14,240.85
2022-09-20 00:00:00+00:00,243.51,239.64
2022-09-21 00:00:00+00:00,247.66,238.9
2022-09-22 00:00:00+00:00,243.86,237.57
2022-09-23 00:00:00+00:00,241.13,235.2
2022-09-26 00:00:00+00:00,241.45,236.9
2022-09-27 00:00:00+00:00,241.8,234.5
2022-09-28 00:00:00+00:00,242.33,234.73
2022-09-29 00:00:00+00:00,239.95,234.41
2022-09-30 00:00:00+00:00,240.54,232.73
2022-10-03 00:00:00+00:00,241.61,234.66
2022-10-04 00:00:00+00:00,250.36,244.975
2022-10-05 00:00:00+00:00,250.58,244.1
2022-10-06 00:00:00+00:00,250.34,246.08
2022-10-07 00:00:00+00:00,241.32,233.17
2022-10-10 00:00:00+00:00,234.559,226.73
2022-10-11 00:00:00+00:00,229.06,224.11
2022-10-12 00:00:00+00:00,227.86,223.96
2022-10-13 00:00:00+00:00,236.1,219.13
2022-10-14 00:00:00+00:00,237.24,228.34
2022-10-17 00:00:00+00:00,238.96,235.135
2022-10-18 00:00:00+00:00,243.93,235.37
2022-10-19 00:00:00+00:00,239.61,234.29
2022-10-20 00:00:00+00:00,241.31,234.87
2022-10-21 00:00:00+00:00,243.0,234.5
2022-10-24 00:00:00+00:00,247.84,241.295
2022-10-25 00:00:00+00:00,251.04,245.83
2022-10-26 00:00:00+00:00,238.3,230.06
2022-10-27 00:00:00+00:00,233.69,225.78
2022-10-28 00:00:00+00:00,236.6,226.05
2022-10-31 00:00:00+00:00,234.92,231.15
2022-11-01 00:00:00+00:00,235.74,227.325
2022-11-02 00:00:00+00:00,231.3,220.04
2022-11-03 00:00:00+00:00,220.41,213.98
2022-11-04 00:00:00+00:00,221.59,213.431
2022-11-07 00:00:00+00:00,228.41,221.28
2022-11-08 00:00:00+00:00,231.65,225.84
2022-11-09 00:00:00+00:00,228.6327,224.33
2022-11-10 00:00:00+00:00,243.33,235.0
2022-11-11 00:00:00+00:00,247.99,241.93
2022-11-14 00:00:00+00:00,243.91,239.21
2022-11-15 00:00:00+00:00,247.0,240.03
2022-11-16 00:00:00+00:00,243.8,240.42
2022-11-17 00:00:00+00:00,243.25,237.63
2022-11-18 00:00:00+00:00,243.74,239.03
2022-11-21 00:00:00+00:00,244.67,241.19
2022-11-22 00:00:00+00:00,245.31,240.71
2022-11-23 00:00:00+00:00,248.28,244.27
2022-11-25 00:00:00+00:00,248.7,246.73
2022-11-28 00:00:00+00:00,246.65,240.8
2022-11-29 00:00:00+00:00,242.79,238.21
2022-11-30 00:00:00+00:00,255.33,239.86
2022-12-01 00:00:00+00:00,256.12,250.9156
2022-12-02 00:00:00+00:00,256.06,249.69
2022-12-05 00:00:00+00:00,253.819,248.06
2022-12-06 00:00:00+00:00,251.86,243.78
2022-12-07 00:00:00+00:00,246.16,242.205
2022-12-08 00:00:00+00:00,248.74,243.06
2022-12-09 00:00:00+00:00,248.31,244.16
2022-12-12 00:00:00+00:00,252.54,247.17
2022-12-13 00:00:00+00:00,263.915,253.07
2022-12-14 00:00:00+00:00,262.588,254.31
2022-12-15 00:00:00+00:00,254.2,247.34
2022-12-16 00:00:00+00:00,249.84,243.51
2022-12-19 00:00:00+00:00,245.21,238.71
2022-12-20 00:00:00+00:00,242.91,238.42
2022-12-21 00:00:00+00:00,245.615,240.11
2022-12-22 00:00:00+00:00,241.99,233.87
2022-12-23 00:00:00+00:00,238.87,233.9428
2022-12-27 00:00:00+00:00,238.93,235.83
2022-12-28 00:00:00+00:00,239.72,234.17
2022-12-29 00:00:00+00:00,241.92,235.65
2022-12-30 00:00:00+00:00,239.96,236.66
2023-01-03 00:00:00+00:00,245.75,237.4
2023-01-04 00:00:00+00:00,232.87,225.96
2023-01-05 00:00:00+00:00,227.55,221.7602
2023-01-06 00:00:00+00:00,225.7601,219.35
2023-01-09 00:00:00+00:00,231.2366,226.41
2023-01-10 00:00:00+00:00,231.31,227.33
2023-01-11 00:00:00+00:00,235.95,231.11
2023-01-12 00:00:00+00:00,239.9,233.56
2023-01-13 00:00:00+00:00,239.37,234.92
2023-01-17 00:00:00+00:00,240.91,237.09
2023-01-18 00:00:00+00:00,242.38,235.52
2023-01-19 00:00:00+00:00,235.52,230.68
2023-01-20 00:00:00+00:00,240.74,234.51
2023-01-23 00:00:00+00:00,245.165,239.65
2023-01-24 00:00:00+00:00,243.95,240.44
2023-01-25 00:00:00+00:00,243.3,230.9
2023-01-26 00:00:00+00:00,248.31,242.0
2023-01-27 00:00:00+00:00,249.83,246.83
2023-01-30 00:00:00+00:00,245.6,242.2
2023-01-31 00:00:00+00:00,247.95,242.945
2023-02-01 00:00:00+00:00,255.18,245.47
2023-02-02 00:00:00+00:00,264.69,257.25
2023-02-03 00:00:00+00:00,264.2,257.1
2023-02-06 00:00:00+00:00,258.3,254.78
2023-02-07 00:00:00+00:00,268.775,260.08
2023-02-08 00:00:00+00:00,276.76,266.21
2023-02-09 00:00:00+00:00,273.98,262.8
2023-02-10 00:00:00+00:00,264.09,260.662
2023-02-13 00:00:00+00:00,274.6,267.15
2023-02-14 00:00:00+00:00,274.97,269.28
2023-02-15 00:00:00+00:00,270.73,266.18
2023-02-16 00:00:00+00:00,266.74,261.9
2023-02-17 00:00:00+00:00,260.09,256.0
2023-02-21 00:00:00+00:00,255.49,251.59
2023-02-22 00:00:00+00:00,254.34,250.34
2023-02-23 00:00:00+00:00,256.84,250.48
2023-02-24 00:00:00+00:00,251.0,248.1
2023-02-27 00:00:00+00:00,252.82,249.39
2023-02-28 00:00:00+00:00,251.49,248.73
2023-03-01 00:00:00+00:00,250.93,245.79
2023-03-02 00:00:00+00:00,251.4,245.61
2023-03-03 00:00:00+00:00,255.62,251.39
2023-03-06 00:00:00+00:00,260.12,255.98
2023-03-07 00:00:00+00:00,257.69,253.39
2023-03-08 00:00:00+00:00,254.5417,250.81
2023-03-09 00:00:00+00:00,259.56,251.58
2023-03-10 00:00:00+00:00,252.79,247.6
2023-03-13 00:00:00+00:00,257.91,245.73
2023-03-14 00:00:00+00:00,261.07,255.86
2023-03-15 00:00:00+00:00,266.48,259.21
2023-03-16 00:00:00+00:00,276.56,263.28
2023-03-17 00:00:00+00:00,283.33,276.3201
2023-03-20 00:00:00+00:00,277.48,269.85
2023-03-21 00:00:00+00:00,275.0,269.5191
2023-03-22 00:00:00+00:00,281.04,272.18
2023-03-23 00:00:00+00:00,281.06,275.2
2023-03-24 00:00:00+00:00,280.63,275.28
2023-03-27 00:00:00+00:00,281.4589,275.52
2023-03-28 00:00:00+00:00,276.14,272.0451
2023-03-29 00:00:00+00:00,281.1398,278.41
2023-03-30 00:00:00+00:00,284.46,281.48
2023-03-31 00:00:00+00:00,289.27,283.0
2023-04-03 00:00:00+00:00,288.27,283.95
2023-04-04 00:00:00+00:00,290.4499,285.67
2023-04-05 00:00:00+00:00,287.15,282.92
2023-04-06 00:00:00+00:00,292.08,282.03
2023-04-10 00:00:00+00:00,289.6,284.71
2023-04-11 00:00:00+00:00,285.98,281.64
2023-04-12 00:00:00+00:00,287.01,281.96
2023-04-13 00:00:00+00:00,289.9,283.17
2023-04-14 00:00:00+00:00,288.48,283.69
2023-04-17 00:00:00+00:00,291.6,286.16
2023-04-18 00:00:00+00:00,291.755,287.01
2023-04-19 00:00:00+00:00,289.05,284.54
2023-04-20 00:00:00+00:00,289.03,285.08
2023-04-21 00:00:00+00:00,286.27,283.0608
2023-04-24 00:00:00+00:00,284.95,278.72
2023-04-25 00:00:00+00:00,281.6,275.37
2023-04-26 00:00:00+00:00,299.57,292.73
2023-04-27 00:00:00+00:00,305.2,295.25
2023-04-28 00:00:00+00:00,308.93,303.31
2023-05-01 00:00:00+00:00,308.6,305.15
2023-05-02 00:00:00+00:00,309.18,303.91
2023-05-03 00:00:00+00:00,308.61,304.09
2023-05-04 00:00:00+00:00,307.7626,303.4
2023-05-05 00:00:00+00:00,311.97,304.27
2023-05-08 00:00:00+00:00,310.2,306.09
2023-05-09 00:00:00+00:00,310.04,306.31
2023-05-10 00:00:00+00:00,313.0,307.67
2023-05-11 00:00:00+00:00,311.12,306.2601
2023-05-12 00:00:00+00:00,310.65,306.6
2023-05-15 00:00:00+00:00,309.905,307.59
2023-05-16 00:00:00+00:00,313.71,309.83
2023-05-17 00:00:00+00:00,314.43,310.74
2023-05-18 00:00:00+00:00,319.04,313.72
2023-05-19 00:00:00+00:00,318.75,316.37
2023-05-22 00:00:00+00:00,322.59,318.01
2023-05-23 00:00:00+00:00,322.72,315.25
2023-05-24 00:00:00+00:00,316.5,312.61
2023-05-25 00:00:00+00:00,326.9,320.0
2023-05-26 00:00:00+00:00,333.4,323.88
2023-05-30 00:00:00+00:00,335.74,330.52
2023-05-31 00:00:00+00:00,335.94,327.33
2023-06-01 00:00:00+00:00,333.53,324.72
2023-06-02 00:00:00+00:00,337.5,332.55
2023-06-05 00:00:00+00:00,338.5599,334.6601
2023-06-06 00:00:00+00:00,335.37,332.17
2023-06-07 00:00:00+00:00,334.49,322.5
2023-06-08 00:00:00+00:00,326.64,323.35
2023-06-09 00:00:00+00:00,329.99,324.41
2023-06-12 00:00:00+00:00,332.0999,325.16
2023-06-13 00:00:00+00:00,336.98,330.39
2023-06-14 00:00:00+00:00,339.04,332.81
2023-06-15 00:00:00+00:00,349.84,337.2
2023-06-16 00:00:00+00:00,351.47,341.95
2023-06-20 00:00:00+00:00,342.08,335.86
2023-06-21 00:00:00+00:00,337.73,332.07
2023-06-22 00:00:00+00:00,340.12,333.34
2023-06-23 00:00:00+00:00,337.96,333.45
2023-06-26 00:00:00+00:00,336.11,328.49
2023-06-27 00:00:00+00:00,336.15,329.3
2023-06-28 00:00:00+00:00,337.98,333.81
2023-06-29 00:00:00+00:00,336.11,332.62
2023-06-30 00:00:00+00:00,342.73,337.2
2023-07-03 00:00:00+00:00,340.9,336.571
2023-07-05 00:00:00+00:00,341.65,334.7276
2023-07-06 00:00:00+00:00,342.99,335.5
2023-07-07 00:00:00+00:00,341.79,337.0
2023-07-10 00:00:00+00:00,335.23,327.59
2023-07-11 00:00:00+00:00,332.86,327.0
2023-07-12 00:00:00+00:00,341.652,335.67
2023-07-13 00:00:00+00:00,343.74,339.02
2023-07-14 00:00:00+00:00,351.43,344.31
2023-07-17 00:00:00+00:00,346.99,342.2
2023-07-18 00:00:00+00:00,366.78,342.17
2023-07-19 00:00:00+00:00,362.46,352.435
2023-07-20 00:00:00+00:00,357.97,345.37
2023-07-21 00:00:00+00:00,350.3,339.83
2023-07-24 00:00:00+00:00,346.92,342.31
2023-07-25 00:00:00+00:00,351.89,345.07
2023-07-26 00:00:00+00:00,344.67,333.11
2023-07-27 00:00:00+00:00,341.33,329.05
2023-07-28 00:00:00+00:00,340.01,333.17
2023-07-31 00:00:00+00:00,337.695,333.36
2023-08-01 00:00:00+00:00,338.54,333.7
2023-08-02 00:00:00+00:00,333.63,326.3551
2023-08-03 00:00:00+00:00,329.88,325.95
2023-08-04 00:00:00+00:00,335.14,327.24
2023-08-07 00:00:00+00:00,331.11,327.52
2023-08-08 00:00:00+00:00,328.75,323.0
2023-08-09 00:00:00+00:00,327.11,321.0499
2023-08-10 00:00:00+00:00,328.26,321.18
2023-08-11 00:00:00+00:00,322.41,319.21
2023-08-14 00:00:00+00:00,324.06,320.08
2023-08-15 00:00:00+00:00,325.09,320.9034
2023-08-16 00:00:00+00:00,324.42,319.8035
2023-08-17 00:00:00+00:00,321.87,316.21
2023-08-18 00:00:00+00:00,318.38,311.5508
2023-08-21 00:00:00+00:00,322.77,317.04
2023-08-22 00:00:00+00:00,326.075,321.46
2023-08-23 00:00:00+00:00,329.2,323.46
2023-08-24 00:00:00+00:00,332.98,319.96
2023-08-25 00:00:00+00:00,325.36,318.8001
2023-08-28 00:00:00+00:00,326.15,321.722
2023-08-29 00:00:00+00:00,328.9835,321.88
2023-08-30 00:00:00+00:00,329.81,326.445
2023-08-31 00:00:00+00:00,330.9099,326.78
2023-09-01 00:00:00+00:00,331.99,326.78
2023-09-05 00:00:00+00:00,334.85,328.66
2023-09-06 00:00:00+00:00,334.46,330.18
2023-09-07 00:00:00+00:00,333.08,329.03
2023-09-08 00:00:00+00:00,336.16,329.46
2023-09-11 00:00:00+00:00,338.42,335.43
2023-09-12 00:00:00+00:00,336.79,331.48
2023-09-13 00:00:00+00:00,336.85,331.17
2023-09-14 00:00:00+00:00,340.86,336.57
2023-09-15 00:00:00+00:00,337.3975,329.65
2023-09-18 00:00:00+00:00,330.4,326.36
2023-09-19 00:00:00+00:00,329.39,324.51
2023-09-20 00:00:00+00:00,329.59,320.51
2023-09-21 00:00:00+00:00,325.3499,315.0
2023-09-22 00:00:00+00:00,321.45,316.15
2023-09-25 00:00:00+00:00,317.67,315.0
2023-09-26 00:00:00+00:00,315.88,310.02
2023-09-27 00:00:00+00:00,314.299,309.69
2023-09-28 00:00:00+00:00,315.48,309.45
2023-09-29 00:00:00+00:00,319.47,314.98
2023-10-02 00:00:00+00:00,321.888,315.18
2023-10-03 00:00:00+00:00,321.39,311.215
2023-10-04 00:00:00+00:00,320.04,314.0
2023-10-05 00:00:00+00:00,319.98,314.9
2023-10-06 00:00:00+00:00,329.19,316.3
2023-10-09 00:00:00+00:00,330.3,323.18
2023-10-10 00:00:00+00:00,331.1,327.67
2023-10-11 00:00:00+00:00,332.82,329.14
2023-10-12 00:00:00+00:00,333.6299,328.72
2023-10-13 00:00:00+00:00,333.83,326.36
2023-10-16 00:00:00+00:00,336.14,330.6
2023-10-17 00:00:00+00:00,333.46,327.41
2023-10-18 00:00:00+00:00,335.59,328.3
2023-10-19 00:00:00+00:00,336.88,330.91
2023-10-20 00:00:00+00:00,331.92,325.45
2023-10-23 00:00:00+00:00,332.725,324.39
2023-10-24 00:00:00+00:00,331.84,327.6
2023-10-25 00:00:00+00:00,346.2,337.62
2023-10-26 00:00:00+00:00,341.63,326.94
2023-10-27 00:00:00+00:00,336.72,328.4007
2023-10-30 00:00:00+00:00,339.45,331.83
2023-10-31 00:00:00+00:00,339.0,334.69
2023-11-01 00:00:00+00:00,347.42,339.65
2023-11-02 00:00:00+00:00,348.83,344.77
2023-11-03 00:00:00+00:00,354.39,347.33
2023-11-06 00:00:00+00:00,357.54,353.35
2023-11-07 00:00:00+00:00,362.46,357.63
2023-11-08 00:00:00+00:00,363.87,360.55
2023-11-09 00:00:00+00:00,364.79,360.362
2023-11-10 00:00:00+00:00,370.1,361.07
2023-11-13 00:00:00+00:00,368.47,365.9
2023-11-14 00:00:00+00:00,371.95,367.3454
2023-11-15 00:00:00+00:00,373.13,367.11
2023-11-16 00:00:00+00:00,376.35,370.18
2023-11-17 00:00:00+00:00,374.37,367.0
2023-11-20 00:00:00+00:00,378.87,371.0
2023-11-21 00:00:00+00:00,376.2215,371.12
2023-11-22 00:00:00+00:00,379.7899,374.965
2023-11-24 00:00:00+00:00,377.97,375.135
2023-11-27 00:00:00+00:00,380.64,376.2
2023-11-28 00:00:00+00:00,383.0,378.16
2023-11-29 00:00:00+00:00,384.3,377.44
2023-11-30 00:00:00+00:00,380.09,375.47
2023-12-01 00:00:00+00:00,378.16,371.31
2023-12-04 00:00:00+00:00,369.52,362.9
2023-12-05 00:00:00+00:00,373.075,365.621
2023-12-06 00:00:00+00:00,374.18,368.03
2023-12-07 00:00:00+00:00,371.4527,366.32
2023-12-08 00:00:00+00:00,374.46,368.23
2023-12-11 00:00:00+00:00,371.6,366.1
2023-12-12 00:00:00+00:00,374.42,370.46
2023-12-13 00:00:00+00:00,377.6361,370.77
2023-12-14 00:00:00+00:00,373.76,364.13
2023-12-15 00:00:00+00:00,372.4,366.28
2023-12-18 00:00:00+00:00,373.0,368.68
2023-12-19 00:00:00+00:00,373.26,369.84
2023-12-20 00:00:00+00:00,376.03,370.53
2023-12-21 00:00:00+00:00,374.41,370.04
2023-12-22 00:00:00+00:00,375.18,372.71
2023-12-26 00:00:00+00:00,376.94,373.5
2023-12-27 00:00:00+00:00,375.06,372.8116
2023-12-28 00:00:00+00:00,376.458,374.16
2023-12-29 00:00:00+00:00,377.16,373.48
2024-01-02 00:00:00+00:00,375.9,366.771
2024-01-03 00:00:00+00:00,373.2562,368.51
2024-01-04 00:00:00+00:00,373.1,367.17
2024-01-05 00:00:00+00:00,372.06,366.5
2024-01-08 00:00:00+00:00,375.2,369.01
2024-01-09 00:00:00+00:00,375.99,371.19
2024-01-10 00:00:00+00:00,384.17,376.32
2024-01-11 00:00:00+00:00,390.68,380.38
2024-01-12 00:00:00+00:00,388.68,384.65
2024-01-16 00:00:00+00:00,394.03,387.6229
2024-01-17 00:00:00+00:00,390.11,384.81
2024-01-18 00:00:00+00:00,393.99,390.12
2024-01-19 00:00:00+00:00,398.67,393.5
2024-01-22 00:00:00+00:00,400.62,393.59
2024-01-23 00:00:00+00:00,399.38,393.93
2024-01-24 00:00:00+00:00,405.63,400.45
2024-01-25 00:00:00+00:00,407.01,402.5294
2024-01-26 00:00:00+00:00,406.17,402.43
2024-01-29 00:00:00+00:00,409.98,404.33
2024-01-30 00:00:00+00:00,413.05,406.4501
2024-01-31 00:00:00+00:00,415.32,397.21
2024-02-01 00:00:00+00:00,408.0,401.8
2024-02-02 00:00:00+00:00,412.65,403.56
2024-02-05 00:00:00+00:00,411.16,403.99
2024-02-06 00:00:00+00:00,407.97,402.91
2024-02-07 00:00:00+00:00,414.3,407.4
2024-02-08 00:00:00+00:00,415.56,412.53
2024-02-09 00:00:00+00:00,420.82,415.09
2024-02-12 00:00:00+00:00,420.74,414.75
2024-02-13 00:00:00+00:00,410.071,403.39
2024-02-14 00:00:00+00:00,409.84,404.57
2024-02-15 00:00:00+00:00,409.13,404.29
2024-02-16 00:00:00+00:00,408.29,403.44
2024-02-20 00:00:00+00:00,404.49,398.01
2024-02-21 00:00:00+00:00,402.29,397.22
2024-02-22 00:00:00+00:00,412.83,408.57
2024-02-23 00:00:00+00:00,415.86,408.97
2024-02-26 00:00:00+00:00,412.16,407.36
2024-02-27 00:00:00+00:00,408.32,403.85
2024-02-28 00:00:00+00:00,409.3,405.3201
2024-02-29 00:00:00+00:00,414.2,405.92
2024-03-01 00:00:00+00:00,415.87,410.88
2024-03-04 00:00:00+00:00,417.35,412.32
2024-03-05 00:00:00+00:00,414.25,400.64
2024-03-06 00:00:00+00:00,405.16,398.39
2024-03-07 00:00:00+00:00,409.78,402.24
2024-03-08 00:00:00+00:00,410.42,404.33
2024-03-11 00:00:00+00:00,405.68,401.26
2024-03-12 00:00:00+00:00,415.57,406.79
2024-03-13 00:00:00+00:00,418.18,411.45
2024-03-14 00:00:00+00:00,427.82,417.99
2024-03-15 00:00:00+00:00,422.6,412.79
2024-03-18 00:00:00+00:00,420.73,413.78
2024-03-19 00:00:00+00:00,421.6656,415.55
2024-03-20 00:00:00+00:00,425.96,420.66
2024-03-21 00:00:00+00:00,430.82,427.16
2024-03-22 00:00:00+00:00,429.86,426.07
2024-03-25 00:00:00+00:00,427.41,421.61
2024-03-26 00:00:00+00:00,425.99,421.35
2024-03-27 00:00:00+00:00,424.45,419.01
2024-03-28 00:00:00+00:00,421.87,419.12
2024-04-01 00:00:00+00:00,427.89,422.22
2024-04-02 00:00:00+00:00,422.38,417.84
2024-04-03 00:00:00+00:00,423.26,419.085
2024-04-04 00:00:00+00:00,428.67,417.57
2024-04-05 00:00:00+00:00,426.51,418.32
2024-04-08 00:00:00+00:00,427.28,423.3
2024-04-09 00:00:00+00:00,427.74,421.62
2024-04-10 00:00:00+00:00,424.03,419.7
2024-04-11 00:00:00+00:00,429.37,422.36
2024-04-12 00:00:00+00:00,425.1794,419.77
2024-04-15 00:00:00+00:00,426.82,413.43
2024-04-16 00:00:00+00:00,418.4,413.7301
2024-04-17 00:00:00+00:00,418.88,410.33
2024-04-18 00:00:00+00:00,411.89,403.95
2024-04-19 00:00:00+00:00,405.48,397.77
2024-04-22 00:00:00+00:00,402.85,395.75
2024-04-23 00:00:00+00:00,408.2,403.06
2024-04-24 00:00:00+00:00,412.47,406.78
2024-04-25 00:00:00+00:00,399.8899,388.03
2024-04-26 00:00:00+00:00,413.0,405.7601
2024-04-29 00:00:00+00:00,406.32,399.19
2024-04-30 00:00:00+00:00,402.16,389.17
2024-05-01 00:00:00+00:00,401.7199,390.31
2024-05-02 00:00:00+00:00,399.93,394.6515
2024-05-03 00:00:00+00:00,407.15,401.86
2024-05-06 00:00:00+00:00,413.93,406.3701
2024-05-07 00:00:00+00:00,414.67,409.09
2024-05-08 00:00:00+00:00,412.23,406.7132
2024-05-09 00:00:00+00:00,412.72,409.1
2024-05-10 00:00:00+00:00,415.38,411.8
2024-05-13 00:00:00+00:00,418.348,410.82
2024-05-14 00:00:00+00:00,417.49,411.55
2024-05-15 00:00:00+00:00,423.81,417.27
2024-05-16 00:00:00+00:00,425.42,420.35
2024-05-17 00:00:00+00:00,422.92,418.025
2024-05-20 00:00:00+00:00,426.77,419.99
2024-05-21 00:00:00+00:00,432.97,424.85
2024-05-22 00:00:00+00:00,432.41,427.13
2024-05-23 00:00:00+00:00,433.6,425.424
2024-05-24 00:00:00+00:00,431.055,424.41
2024-05-28 00:00:00+00:00,430.82,426.6
2024-05-29 00:00:00+00:00,430.94,425.69
2024-05-30 00:00:00+00:00,424.3,414.24
2024-05-31 00:00:00+00:00,416.75,404.51
2024-06-03 00:00:00+00:00,416.43,408.9234
2024-06-04 00:00:00+00:00,416.44,409.675
2024-06-05 00:00:00+00:00,424.08,416.3
2024-06-06 00:00:00+00:00,425.31,420.58
2024-06-07 00:00:00+00:00,426.28,423.0
2024-06-10 00:00:00+00:00,428.08,423.89
2024-06-11 00:00:00+00:00,432.82,425.25
2024-06-12 00:00:00+00:00,443.4,433.25
2024-06-13 00:00:00+00:00,443.39,439.37
2024-06-14 00:00:00+00:00,443.1376,436.721
2024-06-17 00:00:00+00:00,450.94,440.72
2024-06-18 00:00:00+00:00,450.14,444.89
2024-06-20 00:00:00+00:00,446.53,441.27
2024-06-21 00:00:00+00:00,450.58,446.51
2024-06-24 00:00:00+00:00,452.75,446.41
2024-06-25 00:00:00+00:00,451.42,446.75
2024-06-26 00:00:00+00:00,453.6,448.19
2024-06-27 00:00:00+00:00,456.17,451.77
2024-06-28 00:00:00+00:00,455.38,446.41
2024-07-01 00:00:00+00:00,457.37,445.66
2024-07-02 00:00:00+00:00,459.59,453.113
2024-07-03 00:00:00+00:00,461.02,457.88
2024-07-05 00:00:00+00:00,468.35,458.965
2024-07-08 00:00:00+00:00,467.7,464.46
2024-07-09 00:00:00+00:00,467.33,458.0
2024-07-10 00:00:00+00:00,466.46,458.855
2024-07-11 00:00:00+00:00,464.78,451.55
2024-07-12 00:00:00+00:00,456.36,450.645
2024-07-15 00:00:00+00:00,457.26,451.43
2024-07-16 00:00:00+00:00,454.3,446.66
2024-07-17 00:00:00+00:00,444.85,439.18
2024-07-18 00:00:00+00:00,444.65,434.4
2024-07-19 00:00:00+00:00,441.14,432.0
2024-07-22 00:00:00+00:00,444.6,438.9125
2024-07-23 00:00:00+00:00,448.39,443.1
2024-07-24 00:00:00+00:00,441.48,427.585
2024-07-25 00:00:00+00:00,429.8,417.51
2024-07-26 00:00:00+00:00,428.915,417.27
2024-07-29 00:00:00+00:00,432.15,424.7042
2024-07-30 00:00:00+00:00,429.05,417.36
2024-07-31 00:00:00+00:00,421.775,412.21
2024-08-01 00:00:00+00:00,427.46,413.0901
2024-08-02 00:00:00+00:00,415.0,404.34
2024-08-05 00:00:00+00:00,401.04,385.58
2024-08-06 00:00:00+00:00,405.67,398.5
2024-08-07 00:00:00+00:00,410.08,397.47
2024-08-08 00:00:00+00:00,405.86,399.9407
2024-08-09 00:00:00+00:00,408.05,402.2624
2024-08-12 00:00:00+00:00,408.76,404.2434
2024-08-13 00:00:00+00:00,414.95,409.57
2024-08-14 00:00:00+00:00,417.72,412.4456
2024-08-15 00:00:00+00:00,421.11,417.66
2024-08-16 00:00:00+00:00,421.34,417.3
2024-08-19 00:00:00+00:00,421.75,416.46
2024-08-20 00:00:00+00:00,425.86,421.64
2024-08-21 00:00:00+00:00,426.4,421.72
2024-08-22 00:00:00+00:00,426.7899,414.61
2024-08-23 00:00:00+00:00,419.26,412.09
2024-08-26 00:00:00+00:00,417.2799,411.34
2024-08-27 00:00:00+00:00,414.36,410.25
2024-08-28 00:00:00+00:00,415.0,407.31
2024-08-29 00:00:00+00:00,422.05,410.6
2024-08-30 00:00:00+00:00,417.49,412.13
2024-09-03 00:00:00+00:00,419.88,407.03
2024-09-04 00:00:00+00:00,411.24,404.37
2024-09-05 00:00:00+00:00,413.1,406.13
2024-09-06 00:00:00+00:00,410.65,400.8
2024-09-09 00:00:00+00:00,408.65,402.15
2024-09-10 00:00:00+00:00,416.33,407.7
2024-09-11 00:00:00+00:00,423.99,409.58
2024-09-12 00:00:00+00:00,427.3692,419.75
2024-09-13 00:00:00+00:00,431.83,425.46
2024-09-16 00:00:00+00:00,433.53,428.22
2024-09-17 00:00:00+00:00,441.85,432.27
2024-09-18 00:00:00+00:00,436.03,430.41
2024-09-19 00:00:00+00:00,441.5,436.9
2024-09-20 00:00:00+00:00,439.24,434.22
2024-09-23 00:00:00+00:00,436.46,430.3889
2024-09-24 00:00:00+00:00,433.35,426.1
2024-09-25 00:00:00+00:00,433.119,428.57
2024-09-26 00:00:00+00:00,435.3,429.13
2024-09-27 00:00:00+00:00,431.85,427.47
2024-09-30 00:00:00+00:00,430.42,425.37
2024-10-01 00:00:00+00:00,428.48,418.81
2024-10-02 00:00:00+00:00,422.82,416.71
2024-10-03 00:00:00+00:00,419.55,414.29
2024-10-04 00:00:00+00:00,419.75,414.97
2024-10-07 00:00:00+00:00,417.11,409.0
2024-10-08 00:00:00+00:00,415.66,408.17
2024-10-09 00:00:00+00:00,420.38,414.3
2024-10-10 00:00:00+00:00,417.35,413.15
2024-10-11 00:00:00+00:00,417.13,413.25
2024-10-14 00:00:00+00:00,424.04,417.52
2024-10-15 00:00:00+00:00,422.48,415.26
2024-10-16 00:00:00+00:00,416.36,410.48
2024-10-17 00:00:00+00:00,422.5,415.59
2024-10-18 00:00:00+00:00,419.65,416.2601
2024-10-21 00:00:00+00:00,418.96,413.7501
2024-10-22 00:00:00+00:00,430.5793,418.04
2024-10-23 00:00:00+00:00,431.08,422.53
2024-10-24 00:00:00+00:00,425.9782,422.4
2024-10-25 00:00:00+00:00,432.52,426.565
2024-10-28 00:00:00+00:00,431.94,426.3
2024-10-29 00:00:00+00:00,433.17,425.8001
2024-10-30 00:00:00+00:00,438.5,432.1
2024-10-31 00:00:00+00:00,416.16,406.3
2024-11-01 00:00:00+00:00,415.5,407.5
2024-11-04 00:00:00+00:00,410.415,405.5713
2024-11-05 00:00:00+00:00,414.9,408.08
2024-11-06 00:00:00+00:00,420.45,410.52
2024-11-07 00:00:00+00:00,426.85,419.88
2024-11-08 00:00:00+00:00,426.5,421.78
2024-11-11 00:00:00+00:00,424.81,416.0
2024-11-12 00:00:00+00:00,424.44,417.2
2024-11-13 00:00:00+00:00,429.325,418.21
2024-11-14 00:00:00+00:00,428.17,420.0
2024-11-15 00:00:00+00:00,422.8,413.64
2024-11-18 00:00:00+00:00,418.4037,412.1
2024-11-19 00:00:00+00:00,417.94,411.55
2024-11-20 00:00:00+00:00,417.29,410.58
2024-11-21 00:00:00+00:00,419.78,410.2887
2024-11-22 00:00:00+00:00,417.4,411.06
2024-11-25 00:00:00+00:00,421.08,414.85
2024-11-26 00:00:00+00:00,429.0414,418.85
2024-11-27 00:00:00+00:00,427.2299,422.02
2024-11-29 00:00:00+00:00,424.88,417.8
2024-12-02 00:00:00+00:00,433.0,421.31
2024-12-03 00:00:00+00:00,432.47,427.74
2024-12-04 00:00:00+00:00,439.67,432.63
2024-12-05 00:00:00+00:00,444.66,436.171
2024-12-06 00:00:00+00:00,446.1,441.7703
2024-12-09 00:00:00+00:00,448.33,440.5
2024-12-10 00:00:00+00:00,449.62,441.6
2024-12-11 00:00:00+00:00,450.35,444.05
2024-12-12 00:00:00+00:00,456.1648,449.11
2024-12-13 00:00:00+00:00,451.43,445.58
2024-12-16 00:00:00+00:00,452.18,445.28
2024-12-17 00:00:00+00:00,455.29,449.57
2024-12-18 00:00:00+00:00,452.65,437.02
2024-12-19 00:00:00+00:00,443.1834,436.32
2024-12-20 00:00:00+00:00,443.74,428.63
2024-12-23 00:00:00+00:00,437.65,432.83
2024-12-24 00:00:00+00:00,439.6,434.19
2024-12-26 00:00:00+00:00,440.94,436.63
2024-12-27 00:00:00+00:00,435.22,426.35
2024-12-30 00:00:00+00:00,427.55,421.9
2024-12-31 00:00:00+00:00,426.73,420.66
2025-01-02 00:00:00+00:00,426.07,414.85
2025-01-03 00:00:00+00:00,424.03,419.54
2025-01-06 00:00:00+00:00,434.32,425.4774
2025-01-07 00:00:00+00:00,430.65,420.8
2025-01-08 00:00:00+00:00,426.97,421.54
2025-01-10 00:00:00+00:00,424.71,415.02
2025-01-13 00:00:00+00:00,418.5,412.29
2025-01-14 00:00:00+00:00,419.74,410.72
2025-01-15 00:00:00+00:00,428.15,418.265
2025-01-16 00:00:00+00:00,429.49,424.39
2025-01-17 00:00:00+00:00,434.48,428.17
2025-01-21 00:00:00+00:00,430.8999,425.595
2025-01-22 00:00:00+00:00,447.27,436.0
2025-01-23 00:00:00+00:00,446.75,441.5048
2025-01-24 00:00:00+00:00,446.65,441.4
2025-01-27 00:00:00+00:00,435.2,423.5
2025-01-28 00:00:00+00:00,448.38,431.38
2025-01-29 00:00:00+00:00,446.88,440.4
2025-01-30 00:00:00+00:00,422.86,413.16
2025-01-31 00:00:00+00:00,420.69,414.91
2025-02-03 00:00:00+00:00,415.41,408.66
2025-02-04 00:00:00+00:00,413.9199,409.74
2025-02-05 00:00:00+00:00,413.827,410.4
2025-02-06 00:00:00+00:00,418.2,414.0
2025-02-07 00:00:00+00:00,418.65,408.1
2025-02-10 00:00:00+00:00,415.4624,410.92
2025-02-11 00:00:00+00:00,412.49,409.3
2025-02-12 00:00:00+00:00,410.75,404.3673
2025-02-13 00:00:00+00:00,411.0,406.36
2025-02-14 00:00:00+00:00,408.91,405.88
2025-02-18 00:00:00+00:00,410.597,406.5
2025-02-19 00:00:00+00:00,415.49,407.65
2025-02-20 00:00:00+00:00,419.31,412.54
2025-02-21 00:00:00+00:00,418.048,407.89
2025-02-24 00:00:00+00:00,409.37,399.32
2025-02-25 00:00:00+00:00,401.915,396.7
2025-02-26 00:00:00+00:00,403.6,394.245
2025-02-27 00:00:00+00:00,405.74,392.17
2025-02-28 00:00:00+00:00,397.63,386.57
2025-03-03 00:00:00+00:00,398.82,386.155
2025-03-04 00:00:00+00:00,392.58,381.0
2025-03-05 00:00:00+00:00,401.67,388.81
2025-03-06 00:00:00+00:00,402.15,392.6777
2025-03-07 00:00:00+00:00,394.8,385.54
2025-03-10 00:00:00+00:00,386.4,377.22
2025-03-11 00:00:00+00:00,386.0,376.91
2025-03-12 00:00:00+00:00,385.2165,378.9507
2025-03-13 00:00:00+00:00,385.32,377.45
2025-03-14 00:00:00+00:00,390.23,379.51
2025-03-17 00:00:00+00:00,392.705,385.57
2025-03-18 00:00:00+00:00,387.37,381.1
2025-03-19 00:00:00+00:00,389.68,384.0
2025-03-20 00:00:00+00:00,391.785,383.28
2025-03-21 00:00:00+00:00,391.74,382.8
2025-03-24 00:00:00+00:00,395.4,389.81
2025-03-25 00:00:00+00:00,396.36,392.64
2025-03-26 00:00:00+00:00,395.31,388.57
2025-03-27 00:00:00+00:00,392.24,387.395
2025-03-28 00:00:00+00:00,389.13,376.93
2025-03-31 00:00:00+00:00,377.07,367.24
2025-04-01 00:00:00+00:00,382.85,373.23
2025-04-02 00:00:00+00:00,385.08,376.62
2025-04-03 00:00:00+00:00,377.48,369.35
2025-04-04 00:00:00+00:00,374.59,359.48
2025-04-07 00:00:00+00:00,370.9999,344.79
2025-04-08 00:00:00+00:00,373.65,350.25
2025-04-09 00:00:00+00:00,393.225,353.1
2025-04-10 00:00:00+00:00,383.9,367.8
2025-04-11 00:00:00+00:00,390.05,378.89
2025-04-14 00:00:00+00:00,394.65,384.21
2025-04-15 00:00:00+00:00,391.89,384.1599
2025-04-16 00:00:00+00:00,381.61,368.0
2025-04-17 00:00:00+00:00,374.3215,366.89
2025-04-21 00:00:00+00:00,364.48,355.67
2025-04-22 00:00:00+00:00,367.77,359.8602
2025-04-23 00:00:00+00:00,380.39,373.02
2025-04-24 00:00:00+00:00,388.45,375.19
2025-04-25 00:00:00+00:00,392.16,384.6
2025-04-28 00:00:00+00:00,392.74,386.638
2025-04-29 00:00:00+00:00,395.1,390.38
2025-04-30 00:00:00+00:00,396.66,384.44
2025-05-01 00:00:00+00:00,436.99,424.9
2025-05-02 00:00:00+00:00,439.44,429.985
2025-05-05 00:00:00+00:00,439.5,432.11
2025-05-06 00:00:00+00:00,437.73,431.17
2025-05-07 00:00:00+00:00,438.12,431.1103
2025-05-08 00:00:00+00:00,443.67,435.66
2025-05-09 00:00:00+00:00,440.74,435.88
2025-05-12 00:00:00+00:00,449.37,439.78
2025-05-13 00:00:00+00:00,450.6733,445.36
2025-05-14 00:00:00+00:00,453.9,448.14
